
>>> SLURM_JOB_NODELIST content:
lq2gpu09
lq2gpu10
2n*8t


>>> Start time: Mon Jun 23 23:37:23 CDT 2025
Python 3.8.12
/lustre1/pion3d/package/gpt/lib/cgpt/build:/lustre1/pion3d/package/gpt/lib/cgpt/build/../..:/lustre1/pion3d/jinchen/run/qTMD_softFF/gpt_utils:/lustre1/pion3d/jinchen/run/qTMD_softFF/gpt_utils/utils:/lustre1/pion3d/jinchen/run/qTMD_softFF/gpt_utils/qTMD

>>> Check nvcc:
/srv/software/el8/x86_64/hpc/cuda/12.2.1/bin/nvcc
nvcc: NVIDIA (R) Cuda compiler driver
Copyright (c) 2005-2023 NVIDIA Corporation
Built on Tue_Jul_11_02:20:44_PDT_2023
Cuda compilation tools, release 12.2, V12.2.128
Build cuda_12.2.r12.2/compiler.33053471_0

>>> Show GPU info:
Mon Jun 23 23:37:24 2025       
+-----------------------------------------------------------------------------------------+
| NVIDIA-SMI 565.57.01              Driver Version: 565.57.01      CUDA Version: 12.7     |
|-----------------------------------------+------------------------+----------------------+
| GPU  Name                 Persistence-M | Bus-Id          Disp.A | Volatile Uncorr. ECC |
| Fan  Temp   Perf          Pwr:Usage/Cap |           Memory-Usage | GPU-Util  Compute M. |
|                                         |                        |               MIG M. |
|=========================================+========================+======================|
|   0  NVIDIA A100-SXM4-80GB          On  |   00000000:2F:00.0 Off |                    0 |
| N/A   26C    P0             61W /  400W |       1MiB /  81920MiB |      0%      Default |
|                                         |                        |             Disabled |
+-----------------------------------------+------------------------+----------------------+
|   1  NVIDIA A100-SXM4-80GB          On  |   00000000:30:00.0 Off |                    0 |
| N/A   24C    P0             62W /  400W |       1MiB /  81920MiB |      0%      Default |
|                                         |                        |             Disabled |
+-----------------------------------------+------------------------+----------------------+
|   2  NVIDIA A100-SXM4-80GB          On  |   00000000:AF:00.0 Off |                    0 |
| N/A   23C    P0             59W /  400W |       1MiB /  81920MiB |      0%      Default |
|                                         |                        |             Disabled |
+-----------------------------------------+------------------------+----------------------+
|   3  NVIDIA A100-SXM4-80GB          On  |   00000000:B0:00.0 Off |                    0 |
| N/A   28C    P0             63W /  400W |       1MiB /  81920MiB |      0%      Default |
|                                         |                        |             Disabled |
+-----------------------------------------+------------------------+----------------------+
                                                                                         
+-----------------------------------------------------------------------------------------+
| Processes:                                                                              |
|  GPU   GI   CI        PID   Type   Process name                              GPU Memory |
|        ID   ID                                                               Usage      |
|=========================================================================================|
|  No running processes found                                                             |
+-----------------------------------------------------------------------------------------+

>>> Output LD_LIBRARY_PATH:
/srv/software/el8/x86_64/eb/GDRCopy/2.3.1/lib:/srv/software/el8/x86_64/hpc/cuda/12.2.1/targets/x86_64-linux/lib:/srv/software/el8/x86_64/hpc/cuda/12.2.1/lib64:/srv/software/el8/x86_64/eb/FFTW/3.3.10-GCC-12.3.0/lib:/srv/software/el8/x86_64/eb/binutils/2.40-GCCcore-12.3.0/lib:/srv/software/el8/x86_64/eb/GCCcore/12.3.0/lib64:/srv/software/el8/x86_64/eb/LAPACK/3.11.0-GCC-12.3.0/lib:/srv/software/el8/x86_64/eb/OpenMPI/4.1.5-GCC-12.3.0/lib:/srv/software/el8/x86_64/eb/UCC/1.2.0/lib:/srv/software/el8/x86_64/eb/PMIx/4.2.6/lib:/srv/software/el8/x86_64/eb/UCX/1.14.1/lib:/srv/software/el8/x86_64/eb/libevent/2.1.12/lib:/srv/software/el8/x86_64/eb/hwloc/2.9.2/lib:/srv/software/el8/x86_64/eb/libpciaccess/0.17/lib:/srv/software/el8/x86_64/eb/libxml2/2.11.4/lib:/srv/software/el8/x86_64/eb/XZ/5.4.2/lib:/srv/software/el8/x86_64/eb/numactl/2.0.16/lib:/srv/software/el8/x86_64/eb/zlib/1.2.13/lib

>>> Run Python script pion_DA.py
SLURM detected
AcceleratorCudaInit[0]: ========================
AcceleratorCudaInit[0]: Device Number    : 0
AcceleratorCudaInit[0]: ========================
AcceleratorCudaInit[0]: Device identifier: NVIDIA A100-SXM4-80GB
AcceleratorCudaInit[0]:   totalGlobalMem: 85097971712 
AcceleratorCudaInit[0]:   managedMemory: 1 
AcceleratorCudaInit[0]:   isMultiGpuBoard: 0 
AcceleratorCudaInit[0]:   warpSize: 32 
AcceleratorCudaInit[0]:   pciBusID: 47 
AcceleratorCudaInit[0]:   pciDeviceID: 0 
AcceleratorCudaInit[0]: maxGridSize (2147483647,65535,65535)
AcceleratorCudaInit: using default device 
AcceleratorCudaInit: assume user either uses
AcceleratorCudaInit: a) IBM jsrun, or 
AcceleratorCudaInit: b) invokes through a wrapping script to set CUDA_VISIBLE_DEVICES, UCX_NET_DEVICES, and numa binding 
AcceleratorCudaInit: Configure options --enable-setdevice=no 
local rank 0 device 0 bus id: 0000:2F:00.0
AcceleratorCudaInit: ================================================
SharedMemoryMpi:  World communicator of size 8
SharedMemoryMpi:  Node  communicator of size 1
0SharedMemoryMpi:  SharedMemoryMPI.cc acceleratorAllocDevice 2147483648bytes at 0x7f64a0000000 - 7f651fffffff for comms buffers 
Setting up IPC

__|__|__|__|__|__|__|__|__|__|__|__|__|__|__
__|__|__|__|__|__|__|__|__|__|__|__|__|__|__
__|_ |  |  |  |  |  |  |  |  |  |  |  | _|__
__|_                                    _|__
__|_   GGGG    RRRR    III    DDDD      _|__
__|_  G        R   R    I     D   D     _|__
__|_  G        R   R    I     D    D    _|__
__|_  G  GG    RRRR     I     D    D    _|__
__|_  G   G    R  R     I     D   D     _|__
__|_   GGGG    R   R   III    DDDD      _|__
__|_                                    _|__
__|__|__|__|__|__|__|__|__|__|__|__|__|__|__
__|__|__|__|__|__|__|__|__|__|__|__|__|__|__
  |  |  |  |  |  |  |  |  |  |  |  |  |  |  


Copyright (C) 2015 Peter Boyle, Azusa Yamaguchi, Guido Cossu, Antonin Portelli and other authors

This program is free software; you can redistribute it and/or modify
it under the terms of the GNU General Public License as published by
the Free Software Foundation; either version 2 of the License, or
(at your option) any later version.

This program is distributed in the hope that it will be useful,
but WITHOUT ANY WARRANTY; without even the implied warranty of
MERCHANTABILITY or FITNESS FOR A PARTICULAR PURPOSE.  See the
GNU General Public License for more details.
Current Grid git commit hash=46c717e873bb91677e8961a6fc5bfc58bc2171a5: (HEAD -> gpt_proton, origin/gpt_proton) clean

Grid : Message : ================================================ 
Grid : Message : MPI is initialised and logging filters activated 
Grid : Message : ================================================ 
Grid : Message : This rank is running on host lq2gpu09.fnal.gov
Grid : Message : Requested 2147483648 byte stencil comms buffers 
Grid : Message : MemoryManager Cache 27262976000 bytes 
Grid : Message : MemoryManager::Init() setting up
Grid : Message : MemoryManager::Init() cache pool for recent host   allocations: SMALL 8 LARGE 2 HUGE 0
Grid : Message : MemoryManager::Init() cache pool for recent device allocations: SMALL 16 LARGE 8 Huge 0
Grid : Message : MemoryManager::Init() cache pool for recent shared allocations: SMALL 16 LARGE 8 Huge 0
Grid : Message : MemoryManager::Init() Non unified: Caching accelerator data in dedicated memory
Grid : Message : MemoryManager::Init() Using cudaMalloc

=============================================
              Initialized GPT                
     Copyright (C) 2020 Christoph Lehner     
=============================================
PyQUDA INFO: Using the grid size [1, 1, 1, 8]
PyQUDA INFO: Using CUDA backend cupy
MPS enabled, rank=  5 -> gpu=0
MPS enabled, rank=  2 -> gpu=0
MPS enabled, rank=  6 -> gpu=0
MPS enabled, rank=  4 -> gpu=0
PyQUDA INFO: Using QUDA_RESOURCE_PATH=.cache
PyQUDA INFO: Using QUDA_ENABLE_MPS=1
PyQUDA INFO: Using QUDA_ENABLE_P2P=0
PyQUDA INFO: Using QUDA_ENABLE_TUNING=1
PyQUDA INFO: Using QUDA_ENABLE_DEVICE_MEMORY_POOL=0
MPS enabled, rank=  2 -> gpu=0
MPS enabled, rank=  4 -> gpu=0
MPS enabled, rank=  6 -> gpu=0
Disabling GPU-Direct RDMA access
Disabling peer-to-peer access
QUDA 1.1.0 (git 1.1.0-59e867488-sm_80)
CUDA Driver version = 12070
CUDA Runtime version = 12020
MPS enabled, rank=  3 -> gpu=0
MPS enabled, rank=  7 -> gpu=0
MPS enabled, rank=  3 -> gpu=0
MPS enabled, rank=  5 -> gpu=0
MPS enabled, rank=  7 -> gpu=0
Graphic driver version = 565.57.01
Found device 0: NVIDIA A100-SXM4-80GB
Using device 0: NVIDIA A100-SXM4-80GB
Initializing monitoring on device 0: NVIDIA A100-SXM4-80GB
WARNING: Data reordering done on GPU (set with QUDA_REORDER_LOCATION=GPU/CPU)
Loaded 1582 sets of cached parameters from .cache/tunecache.tsv
WARNING: Not using device memory pool allocator
WARNING: Using pinned memory pool allocator
cublasCreated successfully

Processing configuration 1008 at 2025-06-23 23:37:39

Processing configuration 1008 at 2025-06-23 23:37:39

Processing configuration 1008 at 2025-06-23 23:37:39

Processing configuration 1008 at 2025-06-23 23:37:39

Processing configuration 1008 at 2025-06-23 23:37:39

Processing configuration 1008 at 2025-06-23 23:37:39

Processing configuration 1008 at 2025-06-23 23:37:39

Processing configuration 1008 at 2025-06-23 23:37:39
performGaugeSmearQuda: step 000 plaquette (mean 0.0000000000000000e+00, spatial 2.5885719720941266e-317 temporal 2.6295043227207822e-317) Q charge = 0.0000000000000000e+00
GPT :     133.193662 s : NERSC file format; reading /lustre1/pion3d/ensemble/l4864f21b7373m00125m0250a.nersc.cg_high_prec/fixed_GLU/l4864f21b7373m00125m0250a.1008.coulomb.1e-14
GPT :     133.193744 s :    BEGIN_HEADER
GPT :     133.193762 s : 	HDR_VERSION = 1.0
GPT :     133.193778 s : 	DATATYPE = 4D_SU3_GAUGE
GPT :     133.193786 s : 	STORAGE_FORMAT = 1.0
GPT :     133.193792 s : 	DIMENSION_1 = 48
GPT :     133.193799 s : 	DIMENSION_2 = 48
GPT :     133.193805 s : 	DIMENSION_3 = 48
GPT :     133.193827 s : 	DIMENSION_4 = 64
GPT :     133.193834 s : 	CHECKSUM = b8eea001
GPT :     133.193841 s : 	LINK_TRACE = 0.671252726900731
GPT :     133.193848 s : 	PLAQUETTE = 0.628370345017572
GPT :     133.193856 s : 	BOUNDARY_1 = PERIODIC
GPT :     133.193863 s : 	BOUNDARY_2 = PERIODIC
GPT :     133.193869 s : 	BOUNDARY_3 = PERIODIC
GPT :     133.193876 s : 	BOUNDARY_4 = PERIODIC
GPT :     133.193882 s : 	ENSEMBLE_ID = ukqcd
GPT :     133.193889 s : 	SEQUENCE_NUMBER = 1000
GPT :     133.193896 s : 	ENSEMBLE_LABEL = 2+1F_isoClover_130MeV
GPT :     133.193904 s : 	CREATOR_MACHINE = jinchen
GPT :     133.193912 s : 	CREATION_DATE = Tue May 27 20:27:10 2025
GPT :     133.193917 s : 	FLOATING_POINT = IEEE64BIG
GPT :     133.193924 s :    END_HEADER
GPT :     135.896918 s : Read 3.79688 GB at 1.41927 GB/s (2.64523 GB/s for distribution, 3.06254 GB/s for munged read, 127.639 GB/s for checksum, 52.8492 GB/s for munging, 8 readers)
Grid : Message : 134.111558 s :  Stencil object allocated for 221184 sites table 0x7f5ff1200000 GridPtr 0x2e492150
Grid : Message : 134.115953 s :  Stencil object allocated for 221184 sites table 0x7f5ff2000000 GridPtr 0x2e492150
Grid : Message : 134.120271 s :  Stencil object allocated for 221184 sites table 0x7f5ff2c00000 GridPtr 0x2e492150
Grid : Message : 134.123987 s :  Stencil object allocated for 221184 sites table 0x7f5ff3800000 GridPtr 0x2e492150
GCR: Convergence at 17 iterations, L2 relative residual: iterated = 7.058348e-11, true = 7.058348e-11 (requested = 1.000000e-10)
PyQUDA INFO: Time = 2.464 secs, Performance = 2979.775 GFLOPS
GCR: Convergence at 18 iterations, L2 relative residual: iterated = 6.651220e-11, true = 6.651220e-11 (requested = 1.000000e-10)
PyQUDA INFO: Time = 1.804 secs, Performance = 4072.753 GFLOPS
GCR: Convergence at 18 iterations, L2 relative residual: iterated = 8.412386e-11, true = 8.412386e-11 (requested = 1.000000e-10)
PyQUDA INFO: Time = 1.766 secs, Performance = 4161.376 GFLOPS
GCR: Convergence at 18 iterations, L2 relative residual: iterated = 7.293710e-11, true = 7.293710e-11 (requested = 1.000000e-10)
PyQUDA INFO: Time = 1.789 secs, Performance = 4106.928 GFLOPS
GCR: Convergence at 18 iterations, L2 relative residual: iterated = 7.157001e-11, true = 7.157001e-11 (requested = 1.000000e-10)
PyQUDA INFO: Time = 1.794 secs, Performance = 4094.471 GFLOPS
GCR: Convergence at 18 iterations, L2 relative residual: iterated = 4.394948e-11, true = 4.394948e-11 (requested = 1.000000e-10)
PyQUDA INFO: Time = 1.761 secs, Performance = 4171.581 GFLOPS
GCR: Convergence at 18 iterations, L2 relative residual: iterated = 9.420822e-11, true = 9.420822e-11 (requested = 1.000000e-10)
PyQUDA INFO: Time = 1.768 secs, Performance = 4154.581 GFLOPS
GCR: Convergence at 19 iterations, L2 relative residual: iterated = 6.057168e-11, true = 6.057168e-11 (requested = 1.000000e-10)
PyQUDA INFO: Time = 1.891 secs, Performance = 4100.102 GFLOPS
GCR: Convergence at 19 iterations, L2 relative residual: iterated = 3.724522e-11, true = 3.724522e-11 (requested = 1.000000e-10)
PyQUDA INFO: Time = 1.873 secs, Performance = 4139.193 GFLOPS
GCR: Convergence at 19 iterations, L2 relative residual: iterated = 4.012989e-11, true = 4.012989e-11 (requested = 1.000000e-10)
PyQUDA INFO: Time = 1.877 secs, Performance = 4130.136 GFLOPS
GCR: Convergence at 18 iterations, L2 relative residual: iterated = 9.555931e-11, true = 9.555931e-11 (requested = 1.000000e-10)
PyQUDA INFO: Time = 1.780 secs, Performance = 4127.229 GFLOPS
GCR: Convergence at 19 iterations, L2 relative residual: iterated = 4.540432e-11, true = 4.540432e-11 (requested = 1.000000e-10)
PyQUDA INFO: Time = 1.900 secs, Performance = 4080.360 GFLOPS
>>> Contraction time: 0.057 seconds
>>> Contraction time: 0.052 seconds
>>> Shift time: 0.012 seconds
>>> Shift time: 0.026 seconds
>>> Contraction time: 0.049 seconds
>>> Contraction time: 0.049 seconds
>>> Shift time: 0.005 seconds
>>> Shift time: 0.005 seconds
>>> Contraction time: 0.049 seconds
>>> Contraction time: 0.049 seconds
>>> Shift time: 0.005 seconds
>>> Shift time: 0.005 seconds
>>> Contraction time: 0.049 seconds
>>> Contraction time: 0.049 seconds
>>> Shift time: 0.005 seconds
>>> Shift time: 0.005 seconds
>>> Contraction time: 0.049 seconds
>>> Contraction time: 0.049 seconds
>>> Shift time: 0.005 seconds
>>> Shift time: 0.005 seconds
>>> Contraction time: 0.049 seconds
>>> Contraction time: 0.049 seconds
>>> Shift time: 0.005 seconds
>>> Shift time: 0.005 seconds
>>> Contraction time: 0.049 seconds
>>> Contraction time: 0.049 seconds
>>> Shift time: 0.005 seconds
>>> Shift time: 0.005 seconds
>>> Contraction time: 0.049 seconds
>>> Contraction time: 0.049 seconds
>>> Shift time: 0.005 seconds
>>> Shift time: 0.005 seconds

Processing configuration 1014 at 2025-06-23 23:40:18

Processing configuration 1014 at 2025-06-23 23:40:18
>>> Contraction time: 0.058 seconds
>>> Shift time: 0.005 seconds
>>> Contraction time: 0.051 seconds
>>> Shift time: 0.005 seconds
>>> Contraction time: 0.049 seconds
>>> Shift time: 0.005 seconds
>>> Contraction time: 0.049 seconds
>>> Shift time: 0.005 seconds
>>> Contraction time: 0.049 seconds
>>> Shift time: 0.005 seconds
>>> Contraction time: 0.049 seconds
>>> Shift time: 0.005 seconds
>>> Contraction time: 0.049 seconds
>>> Shift time: 0.005 seconds
>>> Contraction time: 0.049 seconds
>>> Shift time: 0.005 seconds
>>> Contraction time: 0.049 seconds
>>> Shift time: 0.005 seconds
>>> Contraction time: 0.051 seconds
>>> Shift time: 0.005 seconds
>>> Contraction time: 0.051 seconds
>>> Shift time: 0.005 seconds
>>> Contraction time: 0.049 seconds
>>> Shift time: 0.005 seconds
>>> Contraction time: 0.049 seconds
>>> Shift time: 0.005 seconds
>>> Contraction time: 0.049 seconds
>>> Shift time: 0.005 seconds
>>> Contraction time: 0.049 seconds
>>> Shift time: 0.005 seconds
>>> Contraction time: 0.049 seconds
>>> Shift time: 0.005 seconds
>>> Contraction time: 0.049 seconds
>>> Shift time: 0.005 seconds
>>> Contraction time: 0.049 seconds
>>> Shift time: 0.005 seconds
>>> Contraction time: 0.049 seconds
>>> Shift time: 0.005 seconds
>>> Contraction time: 0.051 seconds
>>> Contraction time: 0.049 seconds
>>> Shift time: 0.005 seconds
>>> Shift time: 0.005 seconds
>>> Contraction time: 0.051 seconds
>>> Contraction time: 0.049 seconds
>>> Shift time: 0.005 seconds
>>> Shift time: 0.005 seconds
>>> Contraction time: 0.049 seconds
>>> Shift time: 0.005 seconds
>>> Contraction time: 0.049 seconds
>>> Shift time: 0.005 seconds
>>> Contraction time: 0.049 seconds
>>> Contraction time: 0.049 seconds
>>> Shift time: 0.005 seconds
>>> Shift time: 0.005 seconds

Processing configuration 1014 at 2025-06-23 23:40:19
>>> Contraction time: 0.049 seconds
>>> Shift time: 0.005 seconds
>>> Contraction time: 0.049 seconds
>>> Shift time: 0.005 seconds
>>> Contraction time: 0.049 seconds
>>> Shift time: 0.005 seconds
>>> Contraction time: 0.049 seconds
>>> Shift time: 0.005 seconds
>>> Contraction time: 0.049 seconds
>>> Shift time: 0.005 seconds
>>> Contraction time: 0.049 seconds
>>> Shift time: 0.005 seconds
>>> Contraction time: 0.049 seconds
>>> Shift time: 0.005 seconds
>>> Contraction time: 0.049 seconds
>>> Shift time: 0.005 seconds
>>> Contraction time: 0.049 seconds
>>> Shift time: 0.005 seconds
>>> Contraction time: 0.049 seconds
>>> Shift time: 0.005 seconds
>>> Contraction time: 0.049 seconds
>>> Shift time: 0.005 seconds
>>> Contraction time: 0.049 seconds
>>> Shift time: 0.005 seconds
>>> Contraction time: 0.049 seconds
>>> Shift time: 0.005 seconds
>>> Contraction time: 0.049 seconds
>>> Shift time: 0.005 seconds

Processing configuration 1014 at 2025-06-23 23:40:19
>>> Contraction time: 0.049 seconds
>>> Shift time: 0.005 seconds

Processing configuration 1014 at 2025-06-23 23:40:19
>>> Contraction time: 0.049 seconds
>>> Shift time: 0.005 seconds
>>> Contraction time: 0.049 seconds
>>> Shift time: 0.005 seconds
>>> Contraction time: 0.049 seconds
>>> Shift time: 0.005 seconds
>>> Contraction time: 0.049 seconds
>>> Shift time: 0.005 seconds
>>> Contraction time: 0.049 seconds
>>> Shift time: 0.005 seconds

Processing configuration 1014 at 2025-06-23 23:40:19
>>> Contraction time: 0.049 seconds
>>> Shift time: 0.005 seconds

Processing configuration 1014 at 2025-06-23 23:40:19
>>> Total T-loop time: 26.682 seconds
latt_info.Lt:  8
pion_DA_tmp shape:  (1, 8, 64)

Processing configuration 1014 at 2025-06-23 23:40:19
performGaugeSmearQuda: step 000 plaquette (mean 0.0000000000000000e+00, spatial 2.5885719720941266e-317 temporal 2.6295043227207822e-317) Q charge = 0.0000000000000000e+00
GPT :     217.329508 s : NERSC file format; reading /lustre1/pion3d/ensemble/l4864f21b7373m00125m0250a.nersc.cg_high_prec/fixed_GLU/l4864f21b7373m00125m0250a.1014.coulomb.1e-14
GPT :     217.329555 s :    BEGIN_HEADER
GPT :     217.329565 s : 	HDR_VERSION = 1.0
GPT :     217.329576 s : 	DATATYPE = 4D_SU3_GAUGE
GPT :     217.329583 s : 	STORAGE_FORMAT = 1.0
GPT :     217.329593 s : 	DIMENSION_1 = 48
GPT :     217.329602 s : 	DIMENSION_2 = 48
GPT :     217.329609 s : 	DIMENSION_3 = 48
GPT :     217.329617 s : 	DIMENSION_4 = 64
GPT :     217.329624 s : 	CHECKSUM = 8b87913
GPT :     217.329632 s : 	LINK_TRACE = 0.669815697423165
GPT :     217.329639 s : 	PLAQUETTE = 0.628398546532729
GPT :     217.329648 s : 	BOUNDARY_1 = PERIODIC
GPT :     217.329656 s : 	BOUNDARY_2 = PERIODIC
GPT :     217.329663 s : 	BOUNDARY_3 = PERIODIC
GPT :     217.329669 s : 	BOUNDARY_4 = PERIODIC
GPT :     217.329675 s : 	ENSEMBLE_ID = ukqcd
GPT :     217.329683 s : 	SEQUENCE_NUMBER = 1000
GPT :     217.329689 s : 	ENSEMBLE_LABEL = 2+1F_isoClover_130MeV
GPT :     217.329697 s : 	CREATOR_MACHINE = jinchen
GPT :     217.329705 s : 	CREATION_DATE = Tue May 27 20:33:13 2025
GPT :     217.329711 s : 	FLOATING_POINT = IEEE64BIG
GPT :     217.329721 s :    END_HEADER
GPT :     219.522494 s : Read 3.79688 GB at 1.73227 GB/s (2.71445 GB/s for distribution, 4.78917 GB/s for munged read, 2261.15 GB/s for checksum, 73.0335 GB/s for munging, 8 readers)
GCR: Convergence at 12 iterations, L2 relative residual: iterated = 3.845434e-11, true = 3.845434e-11 (requested = 1.000000e-10)
PyQUDA INFO: Time = 1.232 secs, Performance = 4142.282 GFLOPS
GCR: Convergence at 12 iterations, L2 relative residual: iterated = 2.851412e-11, true = 2.851412e-11 (requested = 1.000000e-10)
PyQUDA INFO: Time = 1.202 secs, Performance = 4245.820 GFLOPS
GCR: Convergence at 12 iterations, L2 relative residual: iterated = 3.191784e-11, true = 3.191784e-11 (requested = 1.000000e-10)
PyQUDA INFO: Time = 1.218 secs, Performance = 4191.035 GFLOPS
GCR: Convergence at 12 iterations, L2 relative residual: iterated = 2.542295e-11, true = 2.542295e-11 (requested = 1.000000e-10)
PyQUDA INFO: Time = 1.231 secs, Performance = 4146.454 GFLOPS
GCR: Convergence at 12 iterations, L2 relative residual: iterated = 3.949943e-11, true = 3.949943e-11 (requested = 1.000000e-10)
PyQUDA INFO: Time = 1.241 secs, Performance = 4114.705 GFLOPS
GCR: Convergence at 12 iterations, L2 relative residual: iterated = 4.057277e-11, true = 4.057277e-11 (requested = 1.000000e-10)
PyQUDA INFO: Time = 1.240 secs, Performance = 4114.937 GFLOPS
GCR: Convergence at 12 iterations, L2 relative residual: iterated = 4.473892e-11, true = 4.473892e-11 (requested = 1.000000e-10)
PyQUDA INFO: Time = 1.218 secs, Performance = 4190.756 GFLOPS
GCR: Convergence at 12 iterations, L2 relative residual: iterated = 5.280397e-11, true = 5.280397e-11 (requested = 1.000000e-10)
PyQUDA INFO: Time = 1.286 secs, Performance = 3968.161 GFLOPS
GCR: Convergence at 12 iterations, L2 relative residual: iterated = 3.045961e-11, true = 3.045961e-11 (requested = 1.000000e-10)
PyQUDA INFO: Time = 1.239 secs, Performance = 4121.542 GFLOPS
GCR: Convergence at 12 iterations, L2 relative residual: iterated = 4.553429e-11, true = 4.553429e-11 (requested = 1.000000e-10)
PyQUDA INFO: Time = 1.218 secs, Performance = 4189.559 GFLOPS
GCR: Convergence at 12 iterations, L2 relative residual: iterated = 3.660000e-11, true = 3.660000e-11 (requested = 1.000000e-10)
PyQUDA INFO: Time = 1.238 secs, Performance = 4121.908 GFLOPS
GCR: Convergence at 12 iterations, L2 relative residual: iterated = 3.215987e-11, true = 3.215987e-11 (requested = 1.000000e-10)
PyQUDA INFO: Time = 1.254 secs, Performance = 4071.530 GFLOPS
>>> Contraction time: 0.049 seconds
>>> Contraction time: 0.049 seconds
>>> Shift time: 0.005 seconds
>>> Shift time: 0.005 seconds
>>> Contraction time: 0.049 seconds
>>> Contraction time: 0.049 seconds
>>> Shift time: 0.005 seconds
>>> Shift time: 0.005 seconds
>>> Contraction time: 0.049 seconds
>>> Contraction time: 0.049 seconds
>>> Shift time: 0.005 seconds
>>> Shift time: 0.005 seconds
>>> Contraction time: 0.049 seconds
>>> Contraction time: 0.049 seconds
>>> Shift time: 0.005 seconds
>>> Shift time: 0.005 seconds
>>> Contraction time: 0.049 seconds
>>> Contraction time: 0.049 seconds
>>> Shift time: 0.005 seconds
>>> Shift time: 0.005 seconds
>>> Contraction time: 0.049 seconds
>>> Contraction time: 0.049 seconds
>>> Shift time: 0.005 seconds
>>> Shift time: 0.005 seconds
>>> Contraction time: 0.049 seconds
>>> Contraction time: 0.049 seconds
>>> Shift time: 0.005 seconds
>>> Shift time: 0.005 seconds
>>> Contraction time: 0.049 seconds
>>> Contraction time: 0.049 seconds
>>> Shift time: 0.005 seconds

Processing configuration 1020 at 2025-06-23 23:41:33
>>> Shift time: 0.005 seconds

Processing configuration 1020 at 2025-06-23 23:41:33
>>> Contraction time: 0.049 seconds
>>> Shift time: 0.005 seconds
>>> Contraction time: 0.049 seconds
>>> Contraction time: 0.049 seconds
>>> Shift time: 0.005 seconds
>>> Shift time: 0.005 seconds
>>> Contraction time: 0.049 seconds
>>> Contraction time: 0.049 seconds
>>> Shift time: 0.005 seconds
>>> Shift time: 0.005 seconds
>>> Contraction time: 0.049 seconds
>>> Contraction time: 0.049 seconds
>>> Shift time: 0.005 seconds
>>> Shift time: 0.005 seconds
>>> Contraction time: 0.049 seconds
>>> Shift time: 0.005 seconds
>>> Contraction time: 0.049 seconds
>>> Contraction time: 0.049 seconds
>>> Shift time: 0.005 seconds
>>> Shift time: 0.005 seconds
>>> Contraction time: 0.049 seconds
>>> Shift time: 0.005 seconds
>>> Contraction time: 0.049 seconds
>>> Contraction time: 0.050 seconds
>>> Shift time: 0.005 seconds
>>> Shift time: 0.005 seconds
>>> Contraction time: 0.049 seconds
>>> Contraction time: 0.049 seconds
>>> Contraction time: 0.049 seconds
>>> Shift time: 0.005 seconds
>>> Shift time: 0.005 seconds
>>> Shift time: 0.005 seconds
>>> Contraction time: 0.049 seconds
>>> Shift time: 0.005 seconds
>>> Contraction time: 0.048 seconds
>>> Contraction time: 0.049 seconds
>>> Shift time: 0.005 seconds
>>> Shift time: 0.005 seconds
>>> Contraction time: 0.048 seconds
>>> Contraction time: 0.048 seconds
>>> Contraction time: 0.048 seconds
>>> Shift time: 0.005 seconds
>>> Shift time: 0.005 seconds
>>> Shift time: 0.005 seconds
>>> Contraction time: 0.049 seconds
>>> Shift time: 0.005 seconds
>>> Contraction time: 0.049 seconds
>>> Contraction time: 0.049 seconds
>>> Shift time: 0.005 seconds
>>> Shift time: 0.005 seconds
>>> Contraction time: 0.049 seconds
>>> Contraction time: 0.049 seconds
>>> Contraction time: 0.049 seconds
>>> Shift time: 0.005 seconds
>>> Shift time: 0.005 seconds
>>> Shift time: 0.005 seconds
>>> Contraction time: 0.048 seconds
>>> Shift time: 0.005 seconds
>>> Contraction time: 0.048 seconds
>>> Shift time: 0.005 seconds
>>> Contraction time: 0.049 seconds
>>> Shift time: 0.005 seconds
>>> Contraction time: 0.049 seconds
>>> Contraction time: 0.049 seconds
>>> Shift time: 0.005 seconds
>>> Shift time: 0.005 seconds

Processing configuration 1020 at 2025-06-23 23:41:34
>>> Contraction time: 0.049 seconds
>>> Shift time: 0.005 seconds
>>> Contraction time: 0.049 seconds
>>> Shift time: 0.005 seconds
>>> Contraction time: 0.049 seconds
>>> Shift time: 0.005 seconds
>>> Contraction time: 0.048 seconds
>>> Shift time: 0.005 seconds
>>> Contraction time: 0.049 seconds
>>> Shift time: 0.005 seconds
>>> Contraction time: 0.049 seconds
>>> Shift time: 0.005 seconds
>>> Contraction time: 0.049 seconds
>>> Shift time: 0.005 seconds
>>> Contraction time: 0.048 seconds
>>> Shift time: 0.005 seconds
>>> Contraction time: 0.049 seconds
>>> Shift time: 0.005 seconds
>>> Contraction time: 0.048 seconds
>>> Shift time: 0.005 seconds

Processing configuration 1020 at 2025-06-23 23:41:34
>>> Contraction time: 0.049 seconds
>>> Shift time: 0.005 seconds
>>> Contraction time: 0.049 seconds
>>> Shift time: 0.005 seconds
>>> Contraction time: 0.049 seconds
>>> Shift time: 0.005 seconds

Processing configuration 1020 at 2025-06-23 23:41:34
>>> Contraction time: 0.049 seconds
>>> Shift time: 0.005 seconds

Processing configuration 1020 at 2025-06-23 23:41:35
>>> Contraction time: 0.049 seconds
>>> Shift time: 0.005 seconds

Processing configuration 1020 at 2025-06-23 23:41:35
>>> Total T-loop time: 18.495 seconds
latt_info.Lt:  8
pion_DA_tmp shape:  (1, 8, 64)

Processing configuration 1020 at 2025-06-23 23:41:35
performGaugeSmearQuda: step 000 plaquette (mean 0.0000000000000000e+00, spatial 2.5885719720941266e-317 temporal 2.6295043227207822e-317) Q charge = 0.0000000000000000e+00
GPT :     294.891476 s : NERSC file format; reading /lustre1/pion3d/ensemble/l4864f21b7373m00125m0250a.nersc.cg_high_prec/fixed_GLU/l4864f21b7373m00125m0250a.1020.coulomb.1e-14
GPT :     294.891523 s :    BEGIN_HEADER
GPT :     294.891534 s : 	HDR_VERSION = 1.0
GPT :     294.891545 s : 	DATATYPE = 4D_SU3_GAUGE
GPT :     294.891552 s : 	STORAGE_FORMAT = 1.0
GPT :     294.891561 s : 	DIMENSION_1 = 48
GPT :     294.891569 s : 	DIMENSION_2 = 48
GPT :     294.891576 s : 	DIMENSION_3 = 48
GPT :     294.891586 s : 	DIMENSION_4 = 64
GPT :     294.891592 s : 	CHECKSUM = 1d95419d
GPT :     294.891600 s : 	LINK_TRACE = 0.666187640177990
GPT :     294.891608 s : 	PLAQUETTE = 0.628427567548758
GPT :     294.891617 s : 	BOUNDARY_1 = PERIODIC
GPT :     294.891624 s : 	BOUNDARY_2 = PERIODIC
GPT :     294.891631 s : 	BOUNDARY_3 = PERIODIC
GPT :     294.891638 s : 	BOUNDARY_4 = PERIODIC
GPT :     294.891644 s : 	ENSEMBLE_ID = ukqcd
GPT :     294.891652 s : 	SEQUENCE_NUMBER = 1000
GPT :     294.891659 s : 	ENSEMBLE_LABEL = 2+1F_isoClover_130MeV
GPT :     294.891669 s : 	CREATOR_MACHINE = jinchen
GPT :     294.891676 s : 	CREATION_DATE = Tue May 27 20:39:30 2025
GPT :     294.891682 s : 	FLOATING_POINT = IEEE64BIG
GPT :     294.891689 s :    END_HEADER
GPT :     297.114133 s : Read 3.79688 GB at 1.70895 GB/s (2.71725 GB/s for distribution, 4.6059 GB/s for munged read, 167.701 GB/s for checksum, 40.3086 GB/s for munging, 8 readers)
GCR: Convergence at 12 iterations, L2 relative residual: iterated = 5.603904e-11, true = 5.603904e-11 (requested = 1.000000e-10)
PyQUDA INFO: Time = 1.297 secs, Performance = 3935.384 GFLOPS
GCR: Convergence at 12 iterations, L2 relative residual: iterated = 7.559626e-11, true = 7.559626e-11 (requested = 1.000000e-10)
PyQUDA INFO: Time = 1.233 secs, Performance = 4140.686 GFLOPS
GCR: Convergence at 12 iterations, L2 relative residual: iterated = 5.154362e-11, true = 5.154362e-11 (requested = 1.000000e-10)
PyQUDA INFO: Time = 1.206 secs, Performance = 4233.724 GFLOPS
GCR: Convergence at 12 iterations, L2 relative residual: iterated = 5.530093e-11, true = 5.530093e-11 (requested = 1.000000e-10)
PyQUDA INFO: Time = 1.220 secs, Performance = 4182.940 GFLOPS
GCR: Convergence at 12 iterations, L2 relative residual: iterated = 5.398830e-11, true = 5.398830e-11 (requested = 1.000000e-10)
PyQUDA INFO: Time = 1.237 secs, Performance = 4125.096 GFLOPS
GCR: Convergence at 12 iterations, L2 relative residual: iterated = 4.840509e-11, true = 4.840509e-11 (requested = 1.000000e-10)
PyQUDA INFO: Time = 1.211 secs, Performance = 4214.067 GFLOPS
GCR: Convergence at 12 iterations, L2 relative residual: iterated = 5.235079e-11, true = 5.235079e-11 (requested = 1.000000e-10)
PyQUDA INFO: Time = 1.251 secs, Performance = 4079.206 GFLOPS
GCR: Convergence at 12 iterations, L2 relative residual: iterated = 8.010882e-11, true = 8.010882e-11 (requested = 1.000000e-10)
PyQUDA INFO: Time = 1.252 secs, Performance = 4076.840 GFLOPS
GCR: Convergence at 12 iterations, L2 relative residual: iterated = 5.507308e-11, true = 5.507308e-11 (requested = 1.000000e-10)
PyQUDA INFO: Time = 1.218 secs, Performance = 4191.138 GFLOPS
GCR: Convergence at 12 iterations, L2 relative residual: iterated = 5.324510e-11, true = 5.324510e-11 (requested = 1.000000e-10)
PyQUDA INFO: Time = 1.231 secs, Performance = 4146.191 GFLOPS
GCR: Convergence at 12 iterations, L2 relative residual: iterated = 6.216554e-11, true = 6.216554e-11 (requested = 1.000000e-10)
PyQUDA INFO: Time = 1.236 secs, Performance = 4129.752 GFLOPS
GCR: Convergence at 12 iterations, L2 relative residual: iterated = 8.571729e-11, true = 8.571729e-11 (requested = 1.000000e-10)
PyQUDA INFO: Time = 1.222 secs, Performance = 4178.010 GFLOPS
>>> Contraction time: 0.049 seconds
>>> Shift time: 0.005 seconds
>>> Contraction time: 0.049 seconds
>>> Shift time: 0.005 seconds
>>> Contraction time: 0.049 seconds
>>> Shift time: 0.005 seconds
>>> Contraction time: 0.049 seconds
>>> Shift time: 0.005 seconds
>>> Contraction time: 0.049 seconds
>>> Shift time: 0.005 seconds
>>> Contraction time: 0.049 seconds
>>> Shift time: 0.005 seconds
>>> Contraction time: 0.049 seconds
>>> Shift time: 0.005 seconds
>>> Contraction time: 0.049 seconds
>>> Shift time: 0.005 seconds
>>> Contraction time: 0.049 seconds
>>> Shift time: 0.005 seconds
>>> Contraction time: 0.049 seconds
>>> Shift time: 0.005 seconds
>>> Contraction time: 0.049 seconds
>>> Shift time: 0.005 seconds
>>> Contraction time: 0.049 seconds
>>> Shift time: 0.005 seconds
>>> Contraction time: 0.049 seconds
>>> Shift time: 0.005 seconds
>>> Contraction time: 0.049 seconds
>>> Shift time: 0.005 seconds
>>> Contraction time: 0.049 seconds
>>> Shift time: 0.005 seconds

Processing configuration 1026 at 2025-06-23 23:42:51
>>> Contraction time: 0.049 seconds
>>> Shift time: 0.005 seconds

Processing configuration 1026 at 2025-06-23 23:42:51
>>> Contraction time: 0.049 seconds
>>> Shift time: 0.005 seconds
>>> Contraction time: 0.049 seconds
>>> Shift time: 0.005 seconds
>>> Contraction time: 0.048 seconds
>>> Shift time: 0.005 seconds
>>> Contraction time: 0.049 seconds
>>> Shift time: 0.005 seconds
>>> Contraction time: 0.049 seconds
>>> Shift time: 0.005 seconds
>>> Contraction time: 0.049 seconds
>>> Shift time: 0.005 seconds
>>> Contraction time: 0.049 seconds
>>> Shift time: 0.005 seconds
>>> Contraction time: 0.049 seconds
>>> Shift time: 0.005 seconds
>>> Contraction time: 0.049 seconds
>>> Contraction time: 0.049 seconds
>>> Shift time: 0.005 seconds
>>> Shift time: 0.005 seconds
>>> Contraction time: 0.049 seconds
>>> Contraction time: 0.049 seconds
>>> Shift time: 0.005 seconds
>>> Shift time: 0.005 seconds
>>> Contraction time: 0.049 seconds
>>> Shift time: 0.005 seconds
>>> Contraction time: 0.049 seconds
>>> Shift time: 0.005 seconds
>>> Contraction time: 0.049 seconds
>>> Contraction time: 0.048 seconds
>>> Shift time: 0.005 seconds
>>> Shift time: 0.005 seconds
>>> Contraction time: 0.049 seconds
>>> Contraction time: 0.049 seconds
>>> Shift time: 0.005 seconds
>>> Shift time: 0.005 seconds
>>> Contraction time: 0.049 seconds
>>> Shift time: 0.005 seconds
>>> Contraction time: 0.049 seconds
>>> Shift time: 0.005 seconds
>>> Contraction time: 0.048 seconds
>>> Contraction time: 0.049 seconds
>>> Shift time: 0.005 seconds
>>> Shift time: 0.005 seconds
>>> Contraction time: 0.048 seconds
>>> Contraction time: 0.049 seconds
>>> Shift time: 0.005 seconds
>>> Shift time: 0.005 seconds
>>> Contraction time: 0.048 seconds
>>> Shift time: 0.005 seconds
>>> Contraction time: 0.049 seconds
>>> Shift time: 0.005 seconds
>>> Contraction time: 0.048 seconds
>>> Contraction time: 0.049 seconds
>>> Shift time: 0.005 seconds
>>> Shift time: 0.005 seconds
>>> Contraction time: 0.049 seconds
>>> Contraction time: 0.049 seconds
>>> Shift time: 0.005 seconds
>>> Shift time: 0.005 seconds
>>> Contraction time: 0.049 seconds
>>> Shift time: 0.005 seconds
>>> Contraction time: 0.049 seconds
>>> Shift time: 0.005 seconds
>>> Contraction time: 0.049 seconds
>>> Contraction time: 0.049 seconds
>>> Shift time: 0.005 seconds

Processing configuration 1026 at 2025-06-23 23:42:52
>>> Shift time: 0.005 seconds
>>> Contraction time: 0.049 seconds
>>> Shift time: 0.005 seconds
>>> Contraction time: 0.049 seconds
>>> Shift time: 0.005 seconds
>>> Contraction time: 0.049 seconds
>>> Shift time: 0.005 seconds
>>> Contraction time: 0.049 seconds
>>> Shift time: 0.005 seconds
>>> Contraction time: 0.048 seconds
>>> Shift time: 0.005 seconds
>>> Contraction time: 0.048 seconds
>>> Shift time: 0.005 seconds
>>> Contraction time: 0.049 seconds
>>> Shift time: 0.005 seconds
>>> Contraction time: 0.048 seconds
>>> Shift time: 0.005 seconds
>>> Contraction time: 0.049 seconds
>>> Shift time: 0.005 seconds
>>> Contraction time: 0.049 seconds
>>> Shift time: 0.005 seconds
>>> Contraction time: 0.049 seconds
>>> Shift time: 0.005 seconds

Processing configuration 1026 at 2025-06-23 23:42:52
>>> Contraction time: 0.049 seconds
>>> Shift time: 0.005 seconds

Processing configuration 1026 at 2025-06-23 23:42:52
>>> Contraction time: 0.049 seconds
>>> Shift time: 0.005 seconds

Processing configuration 1026 at 2025-06-23 23:42:52
>>> Contraction time: 0.048 seconds
>>> Shift time: 0.005 seconds

Processing configuration 1026 at 2025-06-23 23:42:52
>>> Total T-loop time: 18.437 seconds
latt_info.Lt:  8
pion_DA_tmp shape:  (1, 8, 64)

Processing configuration 1026 at 2025-06-23 23:42:52
performGaugeSmearQuda: step 000 plaquette (mean 0.0000000000000000e+00, spatial 2.5885719720941266e-317 temporal 2.6295043227207822e-317) Q charge = 0.0000000000000000e+00
GPT :     369.985057 s : NERSC file format; reading /lustre1/pion3d/ensemble/l4864f21b7373m00125m0250a.nersc.cg_high_prec/fixed_GLU/l4864f21b7373m00125m0250a.1026.coulomb.1e-14
GPT :     369.985107 s :    BEGIN_HEADER
GPT :     369.985118 s : 	HDR_VERSION = 1.0
GPT :     369.985128 s : 	DATATYPE = 4D_SU3_GAUGE
GPT :     369.985136 s : 	STORAGE_FORMAT = 1.0
GPT :     369.985143 s : 	DIMENSION_1 = 48
GPT :     369.985152 s : 	DIMENSION_2 = 48
GPT :     369.985159 s : 	DIMENSION_3 = 48
GPT :     369.985167 s : 	DIMENSION_4 = 64
GPT :     369.985176 s : 	CHECKSUM = 22439fd6
GPT :     369.985182 s : 	LINK_TRACE = 0.673292860145757
GPT :     369.985189 s : 	PLAQUETTE = 0.628358692991581
GPT :     369.985198 s : 	BOUNDARY_1 = PERIODIC
GPT :     369.985207 s : 	BOUNDARY_2 = PERIODIC
GPT :     369.985214 s : 	BOUNDARY_3 = PERIODIC
GPT :     369.985221 s : 	BOUNDARY_4 = PERIODIC
GPT :     369.985228 s : 	ENSEMBLE_ID = ukqcd
GPT :     369.985234 s : 	SEQUENCE_NUMBER = 1000
GPT :     369.985242 s : 	ENSEMBLE_LABEL = 2+1F_isoClover_130MeV
GPT :     369.985251 s : 	CREATOR_MACHINE = jinchen
GPT :     369.985260 s : 	CREATION_DATE = Tue May 27 20:46:09 2025
GPT :     369.985268 s : 	FLOATING_POINT = IEEE64BIG
GPT :     369.985276 s :    END_HEADER
GPT :     372.238173 s : Read 3.79688 GB at 1.68578 GB/s (2.83909 GB/s for distribution, 4.15039 GB/s for munged read, 208.397 GB/s for checksum, 38.2406 GB/s for munging, 8 readers)
GCR: Convergence at 12 iterations, L2 relative residual: iterated = 2.289617e-11, true = 2.289617e-11 (requested = 1.000000e-10)
PyQUDA INFO: Time = 1.265 secs, Performance = 4191.068 GFLOPS
GCR: Convergence at 12 iterations, L2 relative residual: iterated = 7.617679e-11, true = 7.617679e-11 (requested = 1.000000e-10)
PyQUDA INFO: Time = 1.244 secs, Performance = 4104.759 GFLOPS
GCR: Convergence at 12 iterations, L2 relative residual: iterated = 1.855784e-11, true = 1.855784e-11 (requested = 1.000000e-10)
PyQUDA INFO: Time = 1.277 secs, Performance = 4308.731 GFLOPS
GCR: Convergence at 12 iterations, L2 relative residual: iterated = 1.745679e-11, true = 1.745679e-11 (requested = 1.000000e-10)
PyQUDA INFO: Time = 1.262 secs, Performance = 4359.341 GFLOPS
GCR: Convergence at 11 iterations, L2 relative residual: iterated = 8.631767e-11, true = 8.631767e-11 (requested = 1.000000e-10)
PyQUDA INFO: Time = 1.158 secs, Performance = 4228.334 GFLOPS
GCR: Convergence at 12 iterations, L2 relative residual: iterated = 7.530583e-11, true = 7.530583e-11 (requested = 1.000000e-10)
PyQUDA INFO: Time = 1.240 secs, Performance = 4117.021 GFLOPS
GCR: Convergence at 12 iterations, L2 relative residual: iterated = 2.675207e-11, true = 2.675207e-11 (requested = 1.000000e-10)
PyQUDA INFO: Time = 1.299 secs, Performance = 4081.133 GFLOPS
GCR: Convergence at 12 iterations, L2 relative residual: iterated = 3.210999e-11, true = 3.210999e-11 (requested = 1.000000e-10)
PyQUDA INFO: Time = 1.260 secs, Performance = 4209.953 GFLOPS
GCR: Convergence at 11 iterations, L2 relative residual: iterated = 9.846277e-11, true = 9.846277e-11 (requested = 1.000000e-10)
PyQUDA INFO: Time = 1.174 secs, Performance = 4172.580 GFLOPS
GCR: Convergence at 11 iterations, L2 relative residual: iterated = 9.411972e-11, true = 9.411972e-11 (requested = 1.000000e-10)
PyQUDA INFO: Time = 1.179 secs, Performance = 4155.086 GFLOPS
GCR: Convergence at 11 iterations, L2 relative residual: iterated = 9.687839e-11, true = 9.687839e-11 (requested = 1.000000e-10)
PyQUDA INFO: Time = 1.157 secs, Performance = 4232.373 GFLOPS
GCR: Convergence at 12 iterations, L2 relative residual: iterated = 3.325015e-11, true = 3.325015e-11 (requested = 1.000000e-10)
PyQUDA INFO: Time = 1.259 secs, Performance = 4212.515 GFLOPS
>>> Contraction time: 0.049 seconds
>>> Shift time: 0.005 seconds
>>> Contraction time: 0.049 seconds
>>> Shift time: 0.005 seconds
>>> Contraction time: 0.049 seconds
>>> Shift time: 0.005 seconds
>>> Contraction time: 0.049 seconds
>>> Shift time: 0.005 seconds
>>> Contraction time: 0.049 seconds
>>> Shift time: 0.005 seconds
>>> Contraction time: 0.049 seconds
>>> Shift time: 0.005 seconds
>>> Contraction time: 0.049 seconds
>>> Shift time: 0.005 seconds
>>> Contraction time: 0.049 seconds
>>> Shift time: 0.005 seconds
>>> Contraction time: 0.049 seconds
>>> Shift time: 0.005 seconds
>>> Contraction time: 0.049 seconds
>>> Shift time: 0.005 seconds
>>> Contraction time: 0.049 seconds
>>> Shift time: 0.005 seconds
>>> Contraction time: 0.049 seconds
>>> Shift time: 0.005 seconds
>>> Contraction time: 0.049 seconds
>>> Shift time: 0.005 seconds
>>> Contraction time: 0.049 seconds
>>> Shift time: 0.005 seconds
>>> Contraction time: 0.049 seconds
>>> Shift time: 0.005 seconds

Processing configuration 1032 at 2025-06-23 23:44:06
>>> Contraction time: 0.049 seconds
>>> Shift time: 0.005 seconds

Processing configuration 1032 at 2025-06-23 23:44:06
>>> Contraction time: 0.049 seconds
>>> Shift time: 0.005 seconds
>>> Contraction time: 0.049 seconds
>>> Shift time: 0.005 seconds
>>> Contraction time: 0.049 seconds
>>> Shift time: 0.005 seconds
>>> Contraction time: 0.049 seconds
>>> Shift time: 0.005 seconds
>>> Contraction time: 0.049 seconds
>>> Shift time: 0.005 seconds
>>> Contraction time: 0.049 seconds
>>> Shift time: 0.005 seconds
>>> Contraction time: 0.049 seconds
>>> Shift time: 0.005 seconds
>>> Contraction time: 0.049 seconds
>>> Shift time: 0.005 seconds
>>> Contraction time: 0.049 seconds
>>> Shift time: 0.005 seconds
>>> Contraction time: 0.049 seconds
>>> Shift time: 0.005 seconds
>>> Contraction time: 0.049 seconds
>>> Shift time: 0.005 seconds
>>> Contraction time: 0.050 seconds
>>> Contraction time: 0.050 seconds
>>> Shift time: 0.005 seconds
>>> Shift time: 0.005 seconds
>>> Contraction time: 0.049 seconds
>>> Shift time: 0.005 seconds
>>> Contraction time: 0.049 seconds
>>> Shift time: 0.005 seconds
>>> Contraction time: 0.049 seconds
>>> Contraction time: 0.049 seconds
>>> Contraction time: 0.049 seconds
>>> Shift time: 0.005 seconds
>>> Shift time: 0.005 seconds
>>> Shift time: 0.005 seconds
>>> Contraction time: 0.049 seconds
>>> Shift time: 0.005 seconds
>>> Contraction time: 0.049 seconds
>>> Shift time: 0.005 seconds
>>> Contraction time: 0.049 seconds
>>> Shift time: 0.005 seconds
>>> Contraction time: 0.049 seconds
>>> Contraction time: 0.049 seconds
>>> Contraction time: 0.049 seconds
>>> Shift time: 0.005 seconds
>>> Shift time: 0.005 seconds
>>> Shift time: 0.005 seconds
>>> Contraction time: 0.049 seconds
>>> Shift time: 0.005 seconds
>>> Contraction time: 0.049 seconds
>>> Shift time: 0.005 seconds

Processing configuration 1032 at 2025-06-23 23:44:07
>>> Contraction time: 0.049 seconds
>>> Contraction time: 0.049 seconds
>>> Contraction time: 0.049 seconds
>>> Shift time: 0.005 seconds
>>> Shift time: 0.005 seconds
>>> Shift time: 0.005 seconds
>>> Contraction time: 0.049 seconds
>>> Shift time: 0.005 seconds
>>> Contraction time: 0.049 seconds
>>> Contraction time: 0.049 seconds
>>> Contraction time: 0.049 seconds
>>> Shift time: 0.005 seconds
>>> Shift time: 0.005 seconds
>>> Shift time: 0.005 seconds
>>> Contraction time: 0.049 seconds
>>> Shift time: 0.005 seconds
>>> Contraction time: 0.049 seconds
>>> Contraction time: 0.049 seconds
>>> Contraction time: 0.049 seconds
>>> Shift time: 0.005 seconds
>>> Shift time: 0.005 seconds
>>> Shift time: 0.005 seconds
>>> Contraction time: 0.048 seconds
>>> Shift time: 0.005 seconds
>>> Contraction time: 0.048 seconds
>>> Contraction time: 0.049 seconds
>>> Contraction time: 0.049 seconds
>>> Shift time: 0.005 seconds
>>> Shift time: 0.005 seconds
>>> Shift time: 0.005 seconds
>>> Contraction time: 0.049 seconds
>>> Shift time: 0.005 seconds
>>> Contraction time: 0.049 seconds
>>> Contraction time: 0.049 seconds
>>> Contraction time: 0.049 seconds
>>> Shift time: 0.005 seconds

Processing configuration 1032 at 2025-06-23 23:44:07
>>> Shift time: 0.005 seconds
>>> Shift time: 0.005 seconds

Processing configuration 1032 at 2025-06-23 23:44:07
>>> Contraction time: 0.049 seconds
>>> Shift time: 0.005 seconds
>>> Contraction time: 0.049 seconds
>>> Shift time: 0.005 seconds

Processing configuration 1032 at 2025-06-23 23:44:07
>>> Contraction time: 0.049 seconds
>>> Shift time: 0.005 seconds

Processing configuration 1032 at 2025-06-23 23:44:07
>>> Total T-loop time: 18.511 seconds
latt_info.Lt:  8
pion_DA_tmp shape:  (1, 8, 64)

Processing configuration 1032 at 2025-06-23 23:44:07
performGaugeSmearQuda: step 000 plaquette (mean 0.0000000000000000e+00, spatial 2.5885719720941266e-317 temporal 2.6295043227207822e-317) Q charge = 0.0000000000000000e+00
GPT :     444.887779 s : NERSC file format; reading /lustre1/pion3d/ensemble/l4864f21b7373m00125m0250a.nersc.cg_high_prec/fixed_GLU/l4864f21b7373m00125m0250a.1032.coulomb.1e-14
GPT :     444.887839 s :    BEGIN_HEADER
GPT :     444.887851 s : 	HDR_VERSION = 1.0
GPT :     444.887861 s : 	DATATYPE = 4D_SU3_GAUGE
GPT :     444.887869 s : 	STORAGE_FORMAT = 1.0
GPT :     444.887880 s : 	DIMENSION_1 = 48
GPT :     444.887887 s : 	DIMENSION_2 = 48
GPT :     444.887894 s : 	DIMENSION_3 = 48
GPT :     444.887902 s : 	DIMENSION_4 = 64
GPT :     444.887910 s : 	CHECKSUM = 95639545
GPT :     444.887917 s : 	LINK_TRACE = 0.667615518763224
GPT :     444.887925 s : 	PLAQUETTE = 0.628317138608599
GPT :     444.887931 s : 	BOUNDARY_1 = PERIODIC
GPT :     444.887940 s : 	BOUNDARY_2 = PERIODIC
GPT :     444.887948 s : 	BOUNDARY_3 = PERIODIC
GPT :     444.887954 s : 	BOUNDARY_4 = PERIODIC
GPT :     444.887960 s : 	ENSEMBLE_ID = ukqcd
GPT :     444.887966 s : 	SEQUENCE_NUMBER = 1000
GPT :     444.887975 s : 	ENSEMBLE_LABEL = 2+1F_isoClover_130MeV
GPT :     444.887983 s : 	CREATOR_MACHINE = jinchen
GPT :     444.887989 s : 	CREATION_DATE = Tue May 27 20:52:22 2025
GPT :     444.887996 s : 	FLOATING_POINT = IEEE64BIG
GPT :     444.888004 s :    END_HEADER
GPT :     447.123950 s : Read 3.79688 GB at 1.69857 GB/s (2.82911 GB/s for distribution, 4.25107 GB/s for munged read, 173.79 GB/s for checksum, 48.4933 GB/s for munging, 8 readers)
GCR: Convergence at 12 iterations, L2 relative residual: iterated = 4.605830e-11, true = 4.605830e-11 (requested = 1.000000e-10)
PyQUDA INFO: Time = 1.330 secs, Performance = 3987.143 GFLOPS
GCR: Convergence at 12 iterations, L2 relative residual: iterated = 3.011631e-11, true = 3.011631e-11 (requested = 1.000000e-10)
PyQUDA INFO: Time = 1.260 secs, Performance = 4208.750 GFLOPS
GCR: Convergence at 11 iterations, L2 relative residual: iterated = 7.618957e-11, true = 7.618957e-11 (requested = 1.000000e-10)
PyQUDA INFO: Time = 1.249 secs, Performance = 4078.846 GFLOPS
GCR: Convergence at 11 iterations, L2 relative residual: iterated = 8.076824e-11, true = 8.076824e-11 (requested = 1.000000e-10)
PyQUDA INFO: Time = 1.212 secs, Performance = 4203.635 GFLOPS
GCR: Convergence at 12 iterations, L2 relative residual: iterated = 4.205364e-11, true = 4.205364e-11 (requested = 1.000000e-10)
PyQUDA INFO: Time = 1.275 secs, Performance = 4158.728 GFLOPS
GCR: Convergence at 12 iterations, L2 relative residual: iterated = 1.770046e-11, true = 1.770046e-11 (requested = 1.000000e-10)
PyQUDA INFO: Time = 1.304 secs, Performance = 4220.612 GFLOPS
GCR: Convergence at 12 iterations, L2 relative residual: iterated = 2.695171e-11, true = 2.695171e-11 (requested = 1.000000e-10)
PyQUDA INFO: Time = 1.226 secs, Performance = 4326.130 GFLOPS
GCR: Convergence at 11 iterations, L2 relative residual: iterated = 5.718397e-11, true = 5.718397e-11 (requested = 1.000000e-10)
PyQUDA INFO: Time = 1.189 secs, Performance = 4283.869 GFLOPS
GCR: Convergence at 12 iterations, L2 relative residual: iterated = 2.776360e-11, true = 2.776360e-11 (requested = 1.000000e-10)
PyQUDA INFO: Time = 1.278 secs, Performance = 4147.964 GFLOPS
GCR: Convergence at 12 iterations, L2 relative residual: iterated = 2.980694e-11, true = 2.980694e-11 (requested = 1.000000e-10)
PyQUDA INFO: Time = 1.291 secs, Performance = 4107.242 GFLOPS
GCR: Convergence at 12 iterations, L2 relative residual: iterated = 3.220663e-11, true = 3.220663e-11 (requested = 1.000000e-10)
PyQUDA INFO: Time = 1.274 secs, Performance = 4162.936 GFLOPS
GCR: Convergence at 12 iterations, L2 relative residual: iterated = 2.373749e-11, true = 2.373749e-11 (requested = 1.000000e-10)
PyQUDA INFO: Time = 1.269 secs, Performance = 4177.789 GFLOPS
>>> Contraction time: 0.049 seconds
>>> Shift time: 0.005 seconds
>>> Contraction time: 0.049 seconds
>>> Shift time: 0.005 seconds
>>> Contraction time: 0.049 seconds
>>> Shift time: 0.005 seconds
>>> Contraction time: 0.049 seconds
>>> Shift time: 0.005 seconds
>>> Contraction time: 0.048 seconds
>>> Shift time: 0.005 seconds
>>> Contraction time: 0.049 seconds
>>> Shift time: 0.005 seconds
>>> Contraction time: 0.049 seconds
>>> Shift time: 0.005 seconds
>>> Contraction time: 0.049 seconds
>>> Shift time: 0.005 seconds
>>> Contraction time: 0.049 seconds
>>> Shift time: 0.005 seconds
>>> Contraction time: 0.049 seconds
>>> Shift time: 0.005 seconds
>>> Contraction time: 0.049 seconds
>>> Shift time: 0.005 seconds
>>> Contraction time: 0.049 seconds
>>> Shift time: 0.005 seconds
>>> Contraction time: 0.048 seconds
>>> Shift time: 0.005 seconds
>>> Contraction time: 0.049 seconds
>>> Shift time: 0.005 seconds
>>> Contraction time: 0.048 seconds
>>> Shift time: 0.005 seconds

Processing configuration 1038 at 2025-06-23 23:45:21
>>> Contraction time: 0.049 seconds
>>> Shift time: 0.005 seconds

Processing configuration 1038 at 2025-06-23 23:45:21
>>> Contraction time: 0.049 seconds
>>> Shift time: 0.005 seconds
>>> Contraction time: 0.049 seconds
>>> Contraction time: 0.049 seconds
>>> Shift time: 0.005 seconds
>>> Shift time: 0.005 seconds
>>> Contraction time: 0.048 seconds
>>> Contraction time: 0.048 seconds
>>> Shift time: 0.005 seconds
>>> Shift time: 0.005 seconds
>>> Contraction time: 0.049 seconds
>>> Shift time: 0.005 seconds
>>> Contraction time: 0.049 seconds
>>> Contraction time: 0.049 seconds
>>> Shift time: 0.005 seconds
>>> Shift time: 0.005 seconds
>>> Contraction time: 0.049 seconds
>>> Shift time: 0.005 seconds
>>> Contraction time: 0.048 seconds
>>> Shift time: 0.005 seconds
>>> Contraction time: 0.049 seconds
>>> Contraction time: 0.049 seconds
>>> Shift time: 0.005 seconds
>>> Shift time: 0.005 seconds
>>> Contraction time: 0.049 seconds
>>> Shift time: 0.005 seconds
>>> Contraction time: 0.049 seconds
>>> Shift time: 0.005 seconds
>>> Contraction time: 0.049 seconds
>>> Contraction time: 0.049 seconds
>>> Shift time: 0.005 seconds
>>> Shift time: 0.005 seconds
>>> Contraction time: 0.049 seconds
>>> Shift time: 0.005 seconds
>>> Contraction time: 0.049 seconds
>>> Shift time: 0.005 seconds
>>> Contraction time: 0.049 seconds
>>> Contraction time: 0.048 seconds
>>> Shift time: 0.005 seconds
>>> Contraction time: 0.050 seconds
>>> Shift time: 0.005 seconds
>>> Shift time: 0.005 seconds
>>> Contraction time: 0.049 seconds
>>> Contraction time: 0.049 seconds
>>> Shift time: 0.005 seconds
>>> Shift time: 0.005 seconds
>>> Contraction time: 0.049 seconds
>>> Shift time: 0.005 seconds
>>> Contraction time: 0.048 seconds
>>> Contraction time: 0.049 seconds
>>> Shift time: 0.005 seconds
>>> Contraction time: 0.048 seconds
>>> Shift time: 0.005 seconds
>>> Shift time: 0.005 seconds
>>> Contraction time: 0.049 seconds
>>> Contraction time: 0.049 seconds
>>> Shift time: 0.005 seconds
>>> Shift time: 0.005 seconds
>>> Contraction time: 0.048 seconds
>>> Shift time: 0.005 seconds
>>> Contraction time: 0.049 seconds
>>> Contraction time: 0.049 seconds
>>> Shift time: 0.005 seconds

Processing configuration 1038 at 2025-06-23 23:45:22
>>> Shift time: 0.005 seconds
>>> Contraction time: 0.049 seconds
>>> Contraction time: 0.049 seconds
>>> Shift time: 0.005 seconds
>>> Shift time: 0.005 seconds
>>> Contraction time: 0.049 seconds
>>> Shift time: 0.005 seconds
>>> Contraction time: 0.049 seconds
>>> Shift time: 0.005 seconds
>>> Contraction time: 0.049 seconds
>>> Contraction time: 0.049 seconds
>>> Shift time: 0.005 seconds
>>> Shift time: 0.005 seconds
>>> Contraction time: 0.049 seconds
>>> Shift time: 0.005 seconds

Processing configuration 1038 at 2025-06-23 23:45:22
>>> Contraction time: 0.049 seconds
>>> Shift time: 0.005 seconds
>>> Contraction time: 0.049 seconds
>>> Contraction time: 0.048 seconds
>>> Shift time: 0.005 seconds
>>> Shift time: 0.005 seconds

Processing configuration 1038 at 2025-06-23 23:45:22
>>> Contraction time: 0.049 seconds
>>> Shift time: 0.005 seconds
>>> Contraction time: 0.049 seconds
>>> Shift time: 0.005 seconds
>>> Contraction time: 0.048 seconds
>>> Shift time: 0.005 seconds
>>> Contraction time: 0.048 seconds
>>> Shift time: 0.005 seconds
>>> Contraction time: 0.049 seconds
>>> Shift time: 0.005 seconds

Processing configuration 1038 at 2025-06-23 23:45:22
>>> Contraction time: 0.049 seconds
>>> Shift time: 0.005 seconds

Processing configuration 1038 at 2025-06-23 23:45:22
>>> Total T-loop time: 18.860 seconds
latt_info.Lt:  8
pion_DA_tmp shape:  (1, 8, 64)

Processing configuration 1038 at 2025-06-23 23:45:22
performGaugeSmearQuda: step 000 plaquette (mean 0.0000000000000000e+00, spatial 2.5885719720941266e-317 temporal 2.6295043227207822e-317) Q charge = 0.0000000000000000e+00
GPT :     522.258040 s : NERSC file format; reading /lustre1/pion3d/ensemble/l4864f21b7373m00125m0250a.nersc.cg_high_prec/fixed_GLU/l4864f21b7373m00125m0250a.1038.coulomb.1e-14
GPT :     522.258086 s :    BEGIN_HEADER
GPT :     522.258097 s : 	HDR_VERSION = 1.0
GPT :     522.258106 s : 	DATATYPE = 4D_SU3_GAUGE
GPT :     522.258115 s : 	STORAGE_FORMAT = 1.0
GPT :     522.258126 s : 	DIMENSION_1 = 48
GPT :     522.258132 s : 	DIMENSION_2 = 48
GPT :     522.258139 s : 	DIMENSION_3 = 48
GPT :     522.258146 s : 	DIMENSION_4 = 64
GPT :     522.258155 s : 	CHECKSUM = ff6f704f
GPT :     522.258161 s : 	LINK_TRACE = 0.665372639063359
GPT :     522.258169 s : 	PLAQUETTE = 0.628405791147111
GPT :     522.258177 s : 	BOUNDARY_1 = PERIODIC
GPT :     522.258184 s : 	BOUNDARY_2 = PERIODIC
GPT :     522.258193 s : 	BOUNDARY_3 = PERIODIC
GPT :     522.258200 s : 	BOUNDARY_4 = PERIODIC
GPT :     522.258207 s : 	ENSEMBLE_ID = ukqcd
GPT :     522.258213 s : 	SEQUENCE_NUMBER = 1000
GPT :     522.258222 s : 	ENSEMBLE_LABEL = 2+1F_isoClover_130MeV
GPT :     522.258231 s : 	CREATOR_MACHINE = jinchen
GPT :     522.258240 s : 	CREATION_DATE = Tue May 27 20:58:13 2025
GPT :     522.258247 s : 	FLOATING_POINT = IEEE64BIG
GPT :     522.258258 s :    END_HEADER
GPT :     524.486661 s : Read 3.79688 GB at 1.70431 GB/s (2.77018 GB/s for distribution, 4.43051 GB/s for munged read, 1519.58 GB/s for checksum, 63.895 GB/s for munging, 8 readers)
GCR: Convergence at 12 iterations, L2 relative residual: iterated = 4.417653e-11, true = 4.417653e-11 (requested = 1.000000e-10)
PyQUDA INFO: Time = 1.333 secs, Performance = 3978.851 GFLOPS
GCR: Convergence at 12 iterations, L2 relative residual: iterated = 3.389213e-11, true = 3.389213e-11 (requested = 1.000000e-10)
PyQUDA INFO: Time = 1.295 secs, Performance = 4095.955 GFLOPS
GCR: Convergence at 12 iterations, L2 relative residual: iterated = 4.527121e-11, true = 4.527121e-11 (requested = 1.000000e-10)
PyQUDA INFO: Time = 1.268 secs, Performance = 4182.992 GFLOPS
GCR: Convergence at 12 iterations, L2 relative residual: iterated = 3.934682e-11, true = 3.934682e-11 (requested = 1.000000e-10)
PyQUDA INFO: Time = 1.254 secs, Performance = 4229.245 GFLOPS
GCR: Convergence at 12 iterations, L2 relative residual: iterated = 4.971600e-11, true = 4.971600e-11 (requested = 1.000000e-10)
PyQUDA INFO: Time = 1.258 secs, Performance = 4214.664 GFLOPS
GCR: Convergence at 12 iterations, L2 relative residual: iterated = 2.139414e-11, true = 2.139414e-11 (requested = 1.000000e-10)
PyQUDA INFO: Time = 1.260 secs, Performance = 4366.818 GFLOPS
GCR: Convergence at 12 iterations, L2 relative residual: iterated = 3.705415e-11, true = 3.705415e-11 (requested = 1.000000e-10)
PyQUDA INFO: Time = 1.287 secs, Performance = 4121.888 GFLOPS
GCR: Convergence at 12 iterations, L2 relative residual: iterated = 1.927825e-11, true = 1.927825e-11 (requested = 1.000000e-10)
PyQUDA INFO: Time = 1.275 secs, Performance = 4316.394 GFLOPS
GCR: Convergence at 12 iterations, L2 relative residual: iterated = 2.358869e-11, true = 2.358869e-11 (requested = 1.000000e-10)
PyQUDA INFO: Time = 1.297 secs, Performance = 4242.083 GFLOPS
GCR: Convergence at 12 iterations, L2 relative residual: iterated = 1.996896e-11, true = 1.996896e-11 (requested = 1.000000e-10)
PyQUDA INFO: Time = 1.287 secs, Performance = 4273.884 GFLOPS
GCR: Convergence at 12 iterations, L2 relative residual: iterated = 3.787101e-11, true = 3.787101e-11 (requested = 1.000000e-10)
PyQUDA INFO: Time = 1.267 secs, Performance = 4186.304 GFLOPS
GCR: Convergence at 12 iterations, L2 relative residual: iterated = 3.976209e-11, true = 3.976209e-11 (requested = 1.000000e-10)
PyQUDA INFO: Time = 1.294 secs, Performance = 4098.516 GFLOPS
>>> Contraction time: 0.049 seconds
>>> Shift time: 0.005 seconds
>>> Contraction time: 0.049 seconds
>>> Shift time: 0.005 seconds
>>> Contraction time: 0.049 seconds
>>> Shift time: 0.005 seconds
>>> Contraction time: 0.049 seconds
>>> Shift time: 0.005 seconds
>>> Contraction time: 0.049 seconds
>>> Shift time: 0.005 seconds
>>> Contraction time: 0.049 seconds
>>> Shift time: 0.005 seconds
>>> Contraction time: 0.049 seconds
>>> Shift time: 0.005 seconds
>>> Contraction time: 0.049 seconds
>>> Shift time: 0.005 seconds
>>> Contraction time: 0.049 seconds
>>> Shift time: 0.005 seconds
>>> Contraction time: 0.049 seconds
>>> Shift time: 0.005 seconds
>>> Contraction time: 0.049 seconds
>>> Shift time: 0.005 seconds
>>> Contraction time: 0.049 seconds
>>> Shift time: 0.005 seconds
>>> Contraction time: 0.049 seconds
>>> Shift time: 0.005 seconds
>>> Contraction time: 0.049 seconds
>>> Shift time: 0.005 seconds
>>> Contraction time: 0.049 seconds
>>> Shift time: 0.005 seconds

Processing configuration 1044 at 2025-06-23 23:46:38
>>> Contraction time: 0.049 seconds
>>> Shift time: 0.005 seconds

Processing configuration 1044 at 2025-06-23 23:46:39
>>> Contraction time: 0.049 seconds
>>> Shift time: 0.005 seconds
>>> Contraction time: 0.048 seconds
>>> Shift time: 0.005 seconds
>>> Contraction time: 0.049 seconds
>>> Shift time: 0.005 seconds
>>> Contraction time: 0.048 seconds
>>> Shift time: 0.005 seconds
>>> Contraction time: 0.049 seconds
>>> Shift time: 0.005 seconds
>>> Contraction time: 0.049 seconds
>>> Shift time: 0.005 seconds
>>> Contraction time: 0.048 seconds
>>> Shift time: 0.005 seconds
>>> Contraction time: 0.049 seconds
>>> Shift time: 0.005 seconds
>>> Contraction time: 0.049 seconds
>>> Shift time: 0.005 seconds
>>> Contraction time: 0.049 seconds
>>> Contraction time: 0.049 seconds
>>> Shift time: 0.005 seconds
>>> Shift time: 0.005 seconds
>>> Contraction time: 0.049 seconds
>>> Contraction time: 0.049 seconds
>>> Contraction time: 0.048 seconds
>>> Shift time: 0.005 seconds
>>> Contraction time: 0.049 seconds
>>> Shift time: 0.005 seconds
>>> Shift time: 0.005 seconds
>>> Shift time: 0.005 seconds
>>> Contraction time: 0.049 seconds
>>> Contraction time: 0.049 seconds
>>> Shift time: 0.005 seconds
>>> Shift time: 0.005 seconds
>>> Contraction time: 0.048 seconds
>>> Contraction time: 0.049 seconds
>>> Contraction time: 0.048 seconds
>>> Shift time: 0.005 seconds
>>> Contraction time: 0.049 seconds
>>> Shift time: 0.005 seconds
>>> Shift time: 0.005 seconds
>>> Shift time: 0.005 seconds
>>> Contraction time: 0.049 seconds
>>> Contraction time: 0.049 seconds
>>> Shift time: 0.005 seconds
>>> Shift time: 0.005 seconds
>>> Contraction time: 0.048 seconds
>>> Contraction time: 0.049 seconds
>>> Shift time: 0.005 seconds
>>> Contraction time: 0.049 seconds
>>> Contraction time: 0.049 seconds
>>> Shift time: 0.005 seconds
>>> Shift time: 0.005 seconds
>>> Shift time: 0.005 seconds
>>> Contraction time: 0.049 seconds
>>> Contraction time: 0.049 seconds
>>> Shift time: 0.005 seconds
>>> Shift time: 0.005 seconds
>>> Contraction time: 0.048 seconds
>>> Contraction time: 0.048 seconds
>>> Contraction time: 0.049 seconds
>>> Shift time: 0.005 seconds
>>> Shift time: 0.005 seconds

Processing configuration 1044 at 2025-06-23 23:46:40
>>> Shift time: 0.005 seconds
>>> Contraction time: 0.049 seconds
>>> Contraction time: 0.049 seconds
>>> Shift time: 0.005 seconds
>>> Shift time: 0.005 seconds
>>> Contraction time: 0.049 seconds
>>> Contraction time: 0.049 seconds
>>> Shift time: 0.005 seconds
>>> Shift time: 0.005 seconds
>>> Contraction time: 0.048 seconds
>>> Contraction time: 0.049 seconds
>>> Shift time: 0.005 seconds
>>> Shift time: 0.005 seconds
>>> Contraction time: 0.049 seconds
>>> Contraction time: 0.049 seconds
>>> Shift time: 0.005 seconds
>>> Shift time: 0.005 seconds
>>> Contraction time: 0.049 seconds
>>> Contraction time: 0.049 seconds
>>> Shift time: 0.005 seconds
>>> Shift time: 0.005 seconds
>>> Contraction time: 0.049 seconds
>>> Contraction time: 0.049 seconds
>>> Shift time: 0.005 seconds
>>> Shift time: 0.005 seconds
>>> Contraction time: 0.049 seconds
>>> Contraction time: 0.049 seconds
>>> Shift time: 0.005 seconds

Processing configuration 1044 at 2025-06-23 23:46:40
>>> Shift time: 0.005 seconds

Processing configuration 1044 at 2025-06-23 23:46:40
>>> Contraction time: 0.049 seconds
>>> Contraction time: 0.049 seconds
>>> Shift time: 0.005 seconds

Processing configuration 1044 at 2025-06-23 23:46:40
>>> Shift time: 0.005 seconds

Processing configuration 1044 at 2025-06-23 23:46:40
>>> Total T-loop time: 19.072 seconds
latt_info.Lt:  8
pion_DA_tmp shape:  (1, 8, 64)

Processing configuration 1044 at 2025-06-23 23:46:40
performGaugeSmearQuda: step 000 plaquette (mean 0.0000000000000000e+00, spatial 2.5885719720941266e-317 temporal 2.6295043227207822e-317) Q charge = 0.0000000000000000e+00
GPT :     599.529791 s : NERSC file format; reading /lustre1/pion3d/ensemble/l4864f21b7373m00125m0250a.nersc.cg_high_prec/fixed_GLU/l4864f21b7373m00125m0250a.1044.coulomb.1e-14
GPT :     599.529850 s :    BEGIN_HEADER
GPT :     599.529860 s : 	HDR_VERSION = 1.0
GPT :     599.529871 s : 	DATATYPE = 4D_SU3_GAUGE
GPT :     599.529878 s : 	STORAGE_FORMAT = 1.0
GPT :     599.529889 s : 	DIMENSION_1 = 48
GPT :     599.529896 s : 	DIMENSION_2 = 48
GPT :     599.529903 s : 	DIMENSION_3 = 48
GPT :     599.529911 s : 	DIMENSION_4 = 64
GPT :     599.529918 s : 	CHECKSUM = d365eeaa
GPT :     599.529925 s : 	LINK_TRACE = 0.667428342303299
GPT :     599.529932 s : 	PLAQUETTE = 0.628351040876495
GPT :     599.529940 s : 	BOUNDARY_1 = PERIODIC
GPT :     599.529948 s : 	BOUNDARY_2 = PERIODIC
GPT :     599.529955 s : 	BOUNDARY_3 = PERIODIC
GPT :     599.529962 s : 	BOUNDARY_4 = PERIODIC
GPT :     599.529969 s : 	ENSEMBLE_ID = ukqcd
GPT :     599.529975 s : 	SEQUENCE_NUMBER = 1000
GPT :     599.529981 s : 	ENSEMBLE_LABEL = 2+1F_isoClover_130MeV
GPT :     599.529991 s : 	CREATOR_MACHINE = jinchen
GPT :     599.529997 s : 	CREATION_DATE = Tue May 27 21:04:16 2025
GPT :     599.530005 s : 	FLOATING_POINT = IEEE64BIG
GPT :     599.530015 s :    END_HEADER
GPT :     601.682203 s : Read 3.79688 GB at 1.76567 GB/s (2.76071 GB/s for distribution, 4.90085 GB/s for munged read, 287.097 GB/s for checksum, 38.2745 GB/s for munging, 8 readers)
GCR: Convergence at 12 iterations, L2 relative residual: iterated = 4.970030e-11, true = 4.970030e-11 (requested = 1.000000e-10)
PyQUDA INFO: Time = 1.285 secs, Performance = 4125.374 GFLOPS
GCR: Convergence at 12 iterations, L2 relative residual: iterated = 2.442533e-11, true = 2.442533e-11 (requested = 1.000000e-10)
PyQUDA INFO: Time = 1.280 secs, Performance = 4299.494 GFLOPS
GCR: Convergence at 12 iterations, L2 relative residual: iterated = 3.655923e-11, true = 3.655923e-11 (requested = 1.000000e-10)
PyQUDA INFO: Time = 1.247 secs, Performance = 4253.669 GFLOPS
GCR: Convergence at 12 iterations, L2 relative residual: iterated = 5.066803e-11, true = 5.066803e-11 (requested = 1.000000e-10)
PyQUDA INFO: Time = 1.254 secs, Performance = 4228.884 GFLOPS
GCR: Convergence at 12 iterations, L2 relative residual: iterated = 2.360032e-11, true = 2.360032e-11 (requested = 1.000000e-10)
PyQUDA INFO: Time = 1.317 secs, Performance = 4178.761 GFLOPS
GCR: Convergence at 12 iterations, L2 relative residual: iterated = 1.659048e-11, true = 1.659048e-11 (requested = 1.000000e-10)
PyQUDA INFO: Time = 1.257 secs, Performance = 4385.446 GFLOPS
GCR: Convergence at 12 iterations, L2 relative residual: iterated = 4.481756e-11, true = 4.481756e-11 (requested = 1.000000e-10)
PyQUDA INFO: Time = 1.255 secs, Performance = 4226.434 GFLOPS
GCR: Convergence at 12 iterations, L2 relative residual: iterated = 3.245359e-11, true = 3.245359e-11 (requested = 1.000000e-10)
PyQUDA INFO: Time = 1.262 secs, Performance = 4360.094 GFLOPS
GCR: Convergence at 12 iterations, L2 relative residual: iterated = 1.876441e-11, true = 1.876441e-11 (requested = 1.000000e-10)
PyQUDA INFO: Time = 1.266 secs, Performance = 4344.116 GFLOPS
GCR: Convergence at 12 iterations, L2 relative residual: iterated = 4.650907e-11, true = 4.650907e-11 (requested = 1.000000e-10)
PyQUDA INFO: Time = 1.258 secs, Performance = 4217.013 GFLOPS
GCR: Convergence at 12 iterations, L2 relative residual: iterated = 1.908199e-11, true = 1.908199e-11 (requested = 1.000000e-10)
PyQUDA INFO: Time = 1.252 secs, Performance = 4392.895 GFLOPS
GCR: Convergence at 12 iterations, L2 relative residual: iterated = 2.582662e-11, true = 2.582662e-11 (requested = 1.000000e-10)
PyQUDA INFO: Time = 1.279 secs, Performance = 4301.293 GFLOPS
>>> Contraction time: 0.049 seconds
>>> Shift time: 0.005 seconds
>>> Contraction time: 0.049 seconds
>>> Shift time: 0.005 seconds
>>> Contraction time: 0.049 seconds
>>> Shift time: 0.005 seconds
>>> Contraction time: 0.049 seconds
>>> Shift time: 0.005 seconds
>>> Contraction time: 0.049 seconds
>>> Shift time: 0.005 seconds
>>> Contraction time: 0.049 seconds
>>> Shift time: 0.005 seconds
>>> Contraction time: 0.049 seconds
>>> Shift time: 0.005 seconds
>>> Contraction time: 0.049 seconds
>>> Shift time: 0.005 seconds
>>> Contraction time: 0.049 seconds
>>> Shift time: 0.005 seconds
>>> Contraction time: 0.048 seconds
>>> Shift time: 0.005 seconds
>>> Contraction time: 0.049 seconds
>>> Shift time: 0.005 seconds
>>> Contraction time: 0.049 seconds
>>> Shift time: 0.005 seconds
>>> Contraction time: 0.049 seconds
>>> Shift time: 0.005 seconds
>>> Contraction time: 0.049 seconds
>>> Shift time: 0.005 seconds
>>> Contraction time: 0.049 seconds
>>> Shift time: 0.005 seconds

Processing configuration 1050 at 2025-06-23 23:47:56
>>> Contraction time: 0.049 seconds
>>> Shift time: 0.005 seconds

Processing configuration 1050 at 2025-06-23 23:47:56
>>> Contraction time: 0.049 seconds
>>> Shift time: 0.005 seconds
>>> Contraction time: 0.049 seconds
>>> Contraction time: 0.049 seconds
>>> Shift time: 0.005 seconds
>>> Shift time: 0.005 seconds
>>> Contraction time: 0.049 seconds
>>> Contraction time: 0.048 seconds
>>> Shift time: 0.005 seconds
>>> Shift time: 0.005 seconds
>>> Contraction time: 0.049 seconds
>>> Contraction time: 0.049 seconds
>>> Shift time: 0.005 seconds
>>> Shift time: 0.005 seconds
>>> Contraction time: 0.049 seconds
>>> Contraction time: 0.049 seconds
>>> Shift time: 0.005 seconds
>>> Shift time: 0.005 seconds
>>> Contraction time: 0.049 seconds
>>> Contraction time: 0.049 seconds
>>> Shift time: 0.005 seconds
>>> Shift time: 0.005 seconds
>>> Contraction time: 0.049 seconds
>>> Contraction time: 0.049 seconds
>>> Shift time: 0.005 seconds
>>> Shift time: 0.005 seconds
>>> Contraction time: 0.049 seconds
>>> Contraction time: 0.048 seconds
>>> Shift time: 0.005 seconds
>>> Shift time: 0.005 seconds

Processing configuration 1050 at 2025-06-23 23:47:56
>>> Contraction time: 0.049 seconds
>>> Shift time: 0.005 seconds
>>> Contraction time: 0.049 seconds
>>> Shift time: 0.005 seconds
>>> Contraction time: 0.050 seconds
>>> Shift time: 0.005 seconds
>>> Contraction time: 0.049 seconds
>>> Contraction time: 0.049 seconds
>>> Shift time: 0.005 seconds
>>> Shift time: 0.005 seconds
>>> Contraction time: 0.049 seconds
>>> Shift time: 0.005 seconds
>>> Contraction time: 0.049 seconds
>>> Shift time: 0.005 seconds
>>> Contraction time: 0.049 seconds
>>> Contraction time: 0.048 seconds
>>> Shift time: 0.005 seconds
>>> Shift time: 0.005 seconds
>>> Contraction time: 0.049 seconds
>>> Shift time: 0.005 seconds
>>> Contraction time: 0.049 seconds
>>> Shift time: 0.005 seconds
>>> Contraction time: 0.048 seconds
>>> Contraction time: 0.049 seconds
>>> Shift time: 0.005 seconds
>>> Shift time: 0.005 seconds
>>> Contraction time: 0.048 seconds
>>> Shift time: 0.005 seconds
>>> Contraction time: 0.049 seconds
>>> Shift time: 0.005 seconds
>>> Contraction time: 0.049 seconds
>>> Contraction time: 0.049 seconds
>>> Shift time: 0.005 seconds
>>> Shift time: 0.005 seconds
>>> Contraction time: 0.049 seconds
>>> Shift time: 0.005 seconds
>>> Contraction time: 0.049 seconds
>>> Shift time: 0.005 seconds
>>> Contraction time: 0.049 seconds
>>> Contraction time: 0.049 seconds
>>> Shift time: 0.005 seconds
>>> Shift time: 0.005 seconds
>>> Contraction time: 0.049 seconds
>>> Shift time: 0.005 seconds
>>> Contraction time: 0.049 seconds
>>> Shift time: 0.005 seconds
>>> Contraction time: 0.049 seconds
>>> Contraction time: 0.049 seconds
>>> Shift time: 0.005 seconds
>>> Shift time: 0.005 seconds
>>> Contraction time: 0.049 seconds
>>> Shift time: 0.005 seconds
>>> Contraction time: 0.048 seconds
>>> Shift time: 0.005 seconds
>>> Contraction time: 0.048 seconds
>>> Contraction time: 0.048 seconds
>>> Shift time: 0.005 seconds

Processing configuration 1050 at 2025-06-23 23:47:57
>>> Shift time: 0.005 seconds
>>> Contraction time: 0.049 seconds
>>> Shift time: 0.005 seconds
>>> Contraction time: 0.049 seconds
>>> Shift time: 0.005 seconds

Processing configuration 1050 at 2025-06-23 23:47:57
>>> Contraction time: 0.048 seconds
>>> Shift time: 0.005 seconds

Processing configuration 1050 at 2025-06-23 23:47:57
>>> Contraction time: 0.049 seconds
>>> Shift time: 0.005 seconds

Processing configuration 1050 at 2025-06-23 23:47:57
>>> Total T-loop time: 18.849 seconds
latt_info.Lt:  8
pion_DA_tmp shape:  (1, 8, 64)

Processing configuration 1050 at 2025-06-23 23:47:57
performGaugeSmearQuda: step 000 plaquette (mean 0.0000000000000000e+00, spatial 2.5885719720941266e-317 temporal 2.6295043227207822e-317) Q charge = 0.0000000000000000e+00
GPT :     680.543313 s : NERSC file format; reading /lustre1/pion3d/ensemble/l4864f21b7373m00125m0250a.nersc.cg_high_prec/fixed_GLU/l4864f21b7373m00125m0250a.1050.coulomb.1e-14
GPT :     680.543360 s :    BEGIN_HEADER
GPT :     680.543370 s : 	HDR_VERSION = 1.0
GPT :     680.543381 s : 	DATATYPE = 4D_SU3_GAUGE
GPT :     680.543390 s : 	STORAGE_FORMAT = 1.0
GPT :     680.543401 s : 	DIMENSION_1 = 48
GPT :     680.543409 s : 	DIMENSION_2 = 48
GPT :     680.543416 s : 	DIMENSION_3 = 48
GPT :     680.543424 s : 	DIMENSION_4 = 64
GPT :     680.543430 s : 	CHECKSUM = 2ffd7d1a
GPT :     680.543437 s : 	LINK_TRACE = 0.669328063622088
GPT :     680.543445 s : 	PLAQUETTE = 0.628469270316374
GPT :     680.543452 s : 	BOUNDARY_1 = PERIODIC
GPT :     680.543462 s : 	BOUNDARY_2 = PERIODIC
GPT :     680.543469 s : 	BOUNDARY_3 = PERIODIC
GPT :     680.543476 s : 	BOUNDARY_4 = PERIODIC
GPT :     680.543483 s : 	ENSEMBLE_ID = ukqcd
GPT :     680.543490 s : 	SEQUENCE_NUMBER = 1000
GPT :     680.543497 s : 	ENSEMBLE_LABEL = 2+1F_isoClover_130MeV
GPT :     680.543506 s : 	CREATOR_MACHINE = jinchen
GPT :     680.543512 s : 	CREATION_DATE = Tue May 27 21:10:48 2025
GPT :     680.543518 s : 	FLOATING_POINT = IEEE64BIG
GPT :     680.543525 s :    END_HEADER
GPT :     682.834200 s : Read 3.79688 GB at 1.65821 GB/s (2.87601 GB/s for distribution, 3.91644 GB/s for munged read, 296.803 GB/s for checksum, 34.8129 GB/s for munging, 8 readers)
GCR: Convergence at 12 iterations, L2 relative residual: iterated = 4.816488e-11, true = 4.816488e-11 (requested = 1.000000e-10)
PyQUDA INFO: Time = 1.279 secs, Performance = 4146.022 GFLOPS
GCR: Convergence at 12 iterations, L2 relative residual: iterated = 4.532317e-11, true = 4.532317e-11 (requested = 1.000000e-10)
PyQUDA INFO: Time = 1.239 secs, Performance = 4278.830 GFLOPS
GCR: Convergence at 12 iterations, L2 relative residual: iterated = 5.236052e-11, true = 5.236052e-11 (requested = 1.000000e-10)
PyQUDA INFO: Time = 1.224 secs, Performance = 4332.768 GFLOPS
GCR: Convergence at 12 iterations, L2 relative residual: iterated = 5.000658e-11, true = 5.000658e-11 (requested = 1.000000e-10)
PyQUDA INFO: Time = 1.234 secs, Performance = 4298.773 GFLOPS
GCR: Convergence at 12 iterations, L2 relative residual: iterated = 5.114729e-11, true = 5.114729e-11 (requested = 1.000000e-10)
PyQUDA INFO: Time = 1.221 secs, Performance = 4343.147 GFLOPS
GCR: Convergence at 12 iterations, L2 relative residual: iterated = 4.699363e-11, true = 4.699363e-11 (requested = 1.000000e-10)
PyQUDA INFO: Time = 1.255 secs, Performance = 4226.403 GFLOPS
GCR: Convergence at 12 iterations, L2 relative residual: iterated = 4.894092e-11, true = 4.894092e-11 (requested = 1.000000e-10)
PyQUDA INFO: Time = 1.220 secs, Performance = 4347.472 GFLOPS
GCR: Convergence at 12 iterations, L2 relative residual: iterated = 4.130195e-11, true = 4.130195e-11 (requested = 1.000000e-10)
PyQUDA INFO: Time = 1.292 secs, Performance = 4259.816 GFLOPS
GCR: Convergence at 12 iterations, L2 relative residual: iterated = 3.863834e-11, true = 3.863834e-11 (requested = 1.000000e-10)
PyQUDA INFO: Time = 1.257 secs, Performance = 4218.144 GFLOPS
GCR: Convergence at 12 iterations, L2 relative residual: iterated = 8.320424e-11, true = 8.320424e-11 (requested = 1.000000e-10)
PyQUDA INFO: Time = 1.230 secs, Performance = 4309.583 GFLOPS
GCR: Convergence at 12 iterations, L2 relative residual: iterated = 5.262339e-11, true = 5.262339e-11 (requested = 1.000000e-10)
PyQUDA INFO: Time = 1.254 secs, Performance = 4229.447 GFLOPS
GCR: Convergence at 12 iterations, L2 relative residual: iterated = 2.980684e-11, true = 2.980684e-11 (requested = 1.000000e-10)
PyQUDA INFO: Time = 1.256 secs, Performance = 4378.969 GFLOPS
>>> Contraction time: 0.049 seconds
>>> Shift time: 0.005 seconds
>>> Contraction time: 0.049 seconds
>>> Shift time: 0.005 seconds
>>> Contraction time: 0.049 seconds
>>> Shift time: 0.005 seconds
>>> Contraction time: 0.049 seconds
>>> Shift time: 0.005 seconds
>>> Contraction time: 0.049 seconds
>>> Shift time: 0.005 seconds
>>> Contraction time: 0.049 seconds
>>> Shift time: 0.005 seconds
>>> Contraction time: 0.049 seconds
>>> Shift time: 0.005 seconds
>>> Contraction time: 0.049 seconds
>>> Shift time: 0.005 seconds
>>> Contraction time: 0.049 seconds
>>> Shift time: 0.005 seconds
>>> Contraction time: 0.049 seconds
>>> Shift time: 0.005 seconds
>>> Contraction time: 0.049 seconds
>>> Shift time: 0.005 seconds
>>> Contraction time: 0.049 seconds
>>> Shift time: 0.005 seconds
>>> Contraction time: 0.049 seconds
>>> Shift time: 0.005 seconds
>>> Contraction time: 0.049 seconds
>>> Shift time: 0.005 seconds
>>> Contraction time: 0.049 seconds
>>> Shift time: 0.005 seconds

Processing configuration 1056 at 2025-06-23 23:49:16
>>> Contraction time: 0.049 seconds
>>> Shift time: 0.005 seconds

Processing configuration 1056 at 2025-06-23 23:49:16
>>> Contraction time: 0.049 seconds
>>> Contraction time: 0.049 seconds
>>> Shift time: 0.005 seconds
>>> Shift time: 0.005 seconds
>>> Contraction time: 0.048 seconds
>>> Contraction time: 0.049 seconds
>>> Shift time: 0.005 seconds
>>> Shift time: 0.005 seconds
>>> Contraction time: 0.048 seconds
>>> Contraction time: 0.049 seconds
>>> Shift time: 0.005 seconds
>>> Shift time: 0.005 seconds
>>> Contraction time: 0.049 seconds
>>> Contraction time: 0.048 seconds
>>> Shift time: 0.005 seconds
>>> Shift time: 0.005 seconds
>>> Contraction time: 0.048 seconds
>>> Contraction time: 0.049 seconds
>>> Shift time: 0.005 seconds
>>> Shift time: 0.005 seconds
>>> Contraction time: 0.048 seconds
>>> Contraction time: 0.049 seconds
>>> Shift time: 0.005 seconds
>>> Shift time: 0.005 seconds
>>> Contraction time: 0.049 seconds
>>> Contraction time: 0.049 seconds
>>> Shift time: 0.005 seconds
>>> Shift time: 0.005 seconds
>>> Contraction time: 0.048 seconds
>>> Contraction time: 0.049 seconds
>>> Shift time: 0.005 seconds

Processing configuration 1056 at 2025-06-23 23:49:17
>>> Shift time: 0.005 seconds
>>> Contraction time: 0.049 seconds
>>> Shift time: 0.005 seconds
>>> Contraction time: 0.050 seconds
>>> Shift time: 0.005 seconds
>>> Contraction time: 0.048 seconds
>>> Shift time: 0.005 seconds
>>> Contraction time: 0.049 seconds
>>> Shift time: 0.005 seconds
>>> Contraction time: 0.049 seconds
>>> Contraction time: 0.049 seconds
>>> Shift time: 0.005 seconds
>>> Shift time: 0.005 seconds
>>> Contraction time: 0.049 seconds
>>> Shift time: 0.005 seconds
>>> Contraction time: 0.049 seconds
>>> Shift time: 0.005 seconds
>>> Contraction time: 0.049 seconds
>>> Contraction time: 0.049 seconds
>>> Shift time: 0.005 seconds
>>> Shift time: 0.005 seconds
>>> Contraction time: 0.049 seconds
>>> Shift time: 0.005 seconds
>>> Contraction time: 0.049 seconds
>>> Shift time: 0.005 seconds
>>> Contraction time: 0.049 seconds
>>> Contraction time: 0.049 seconds
>>> Shift time: 0.005 seconds
>>> Shift time: 0.005 seconds
>>> Contraction time: 0.049 seconds
>>> Shift time: 0.005 seconds
>>> Contraction time: 0.049 seconds
>>> Shift time: 0.005 seconds
>>> Contraction time: 0.049 seconds
>>> Contraction time: 0.049 seconds
>>> Shift time: 0.005 seconds
>>> Shift time: 0.005 seconds
>>> Contraction time: 0.049 seconds
>>> Shift time: 0.005 seconds
>>> Contraction time: 0.049 seconds
>>> Shift time: 0.005 seconds
>>> Contraction time: 0.048 seconds
>>> Contraction time: 0.049 seconds
>>> Shift time: 0.005 seconds
>>> Shift time: 0.005 seconds
>>> Contraction time: 0.048 seconds
>>> Shift time: 0.005 seconds
>>> Contraction time: 0.048 seconds
>>> Shift time: 0.005 seconds
>>> Contraction time: 0.049 seconds
>>> Contraction time: 0.049 seconds
>>> Shift time: 0.005 seconds
>>> Shift time: 0.005 seconds
>>> Contraction time: 0.049 seconds
>>> Shift time: 0.005 seconds

Processing configuration 1056 at 2025-06-23 23:49:18
>>> Contraction time: 0.049 seconds
>>> Shift time: 0.005 seconds
>>> Contraction time: 0.049 seconds
>>> Contraction time: 0.049 seconds
>>> Shift time: 0.005 seconds
>>> Shift time: 0.005 seconds

Processing configuration 1056 at 2025-06-23 23:49:18
>>> Contraction time: 0.049 seconds
>>> Shift time: 0.005 seconds

Processing configuration 1056 at 2025-06-23 23:49:18
>>> Contraction time: 0.049 seconds
>>> Shift time: 0.005 seconds

Processing configuration 1056 at 2025-06-23 23:49:18
>>> Total T-loop time: 18.680 seconds
latt_info.Lt:  8
pion_DA_tmp shape:  (1, 8, 64)

Processing configuration 1056 at 2025-06-23 23:49:18
performGaugeSmearQuda: step 000 plaquette (mean 0.0000000000000000e+00, spatial 2.5885719720941266e-317 temporal 2.6295043227207822e-317) Q charge = 0.0000000000000000e+00
GPT :     756.154370 s : NERSC file format; reading /lustre1/pion3d/ensemble/l4864f21b7373m00125m0250a.nersc.cg_high_prec/fixed_GLU/l4864f21b7373m00125m0250a.1056.coulomb.1e-14
GPT :     756.154416 s :    BEGIN_HEADER
GPT :     756.154426 s : 	HDR_VERSION = 1.0
GPT :     756.154437 s : 	DATATYPE = 4D_SU3_GAUGE
GPT :     756.154446 s : 	STORAGE_FORMAT = 1.0
GPT :     756.154455 s : 	DIMENSION_1 = 48
GPT :     756.154466 s : 	DIMENSION_2 = 48
GPT :     756.154474 s : 	DIMENSION_3 = 48
GPT :     756.154484 s : 	DIMENSION_4 = 64
GPT :     756.154493 s : 	CHECKSUM = 1f35bedf
GPT :     756.154501 s : 	LINK_TRACE = 0.668898383884536
GPT :     756.154509 s : 	PLAQUETTE = 0.628425569688237
GPT :     756.154516 s : 	BOUNDARY_1 = PERIODIC
GPT :     756.154524 s : 	BOUNDARY_2 = PERIODIC
GPT :     756.154531 s : 	BOUNDARY_3 = PERIODIC
GPT :     756.154540 s : 	BOUNDARY_4 = PERIODIC
GPT :     756.154546 s : 	ENSEMBLE_ID = ukqcd
GPT :     756.154554 s : 	SEQUENCE_NUMBER = 1000
GPT :     756.154561 s : 	ENSEMBLE_LABEL = 2+1F_isoClover_130MeV
GPT :     756.154569 s : 	CREATOR_MACHINE = jinchen
GPT :     756.154577 s : 	CREATION_DATE = Tue May 27 21:17:05 2025
GPT :     756.154586 s : 	FLOATING_POINT = IEEE64BIG
GPT :     756.154593 s :    END_HEADER
GPT :     758.273318 s : Read 3.79688 GB at 1.79287 GB/s (2.82014 GB/s for distribution, 4.92235 GB/s for munged read, 298.371 GB/s for checksum, 50.8807 GB/s for munging, 8 readers)
GCR: Convergence at 12 iterations, L2 relative residual: iterated = 2.610412e-11, true = 2.610412e-11 (requested = 1.000000e-10)
PyQUDA INFO: Time = 1.310 secs, Performance = 4200.023 GFLOPS
GCR: Convergence at 12 iterations, L2 relative residual: iterated = 2.552711e-11, true = 2.552711e-11 (requested = 1.000000e-10)
PyQUDA INFO: Time = 1.274 secs, Performance = 4317.546 GFLOPS
GCR: Convergence at 12 iterations, L2 relative residual: iterated = 2.927727e-11, true = 2.927727e-11 (requested = 1.000000e-10)
PyQUDA INFO: Time = 1.268 secs, Performance = 4339.234 GFLOPS
GCR: Convergence at 12 iterations, L2 relative residual: iterated = 2.947080e-11, true = 2.947080e-11 (requested = 1.000000e-10)
PyQUDA INFO: Time = 1.260 secs, Performance = 4367.598 GFLOPS
GCR: Convergence at 12 iterations, L2 relative residual: iterated = 2.683477e-11, true = 2.683477e-11 (requested = 1.000000e-10)
PyQUDA INFO: Time = 1.226 secs, Performance = 4489.337 GFLOPS
GCR: Convergence at 12 iterations, L2 relative residual: iterated = 2.529156e-11, true = 2.529156e-11 (requested = 1.000000e-10)
PyQUDA INFO: Time = 1.265 secs, Performance = 4350.574 GFLOPS
GCR: Convergence at 12 iterations, L2 relative residual: iterated = 2.382494e-11, true = 2.382494e-11 (requested = 1.000000e-10)
PyQUDA INFO: Time = 1.220 secs, Performance = 4508.205 GFLOPS
GCR: Convergence at 12 iterations, L2 relative residual: iterated = 4.860063e-11, true = 4.860063e-11 (requested = 1.000000e-10)
PyQUDA INFO: Time = 1.249 secs, Performance = 4245.462 GFLOPS
GCR: Convergence at 12 iterations, L2 relative residual: iterated = 2.515513e-11, true = 2.515513e-11 (requested = 1.000000e-10)
PyQUDA INFO: Time = 1.256 secs, Performance = 4378.833 GFLOPS
GCR: Convergence at 12 iterations, L2 relative residual: iterated = 4.172893e-11, true = 4.172893e-11 (requested = 1.000000e-10)
PyQUDA INFO: Time = 1.227 secs, Performance = 4322.431 GFLOPS
GCR: Convergence at 12 iterations, L2 relative residual: iterated = 6.072249e-11, true = 6.072249e-11 (requested = 1.000000e-10)
PyQUDA INFO: Time = 1.239 secs, Performance = 4280.570 GFLOPS
GCR: Convergence at 12 iterations, L2 relative residual: iterated = 4.575371e-11, true = 4.575371e-11 (requested = 1.000000e-10)
PyQUDA INFO: Time = 1.209 secs, Performance = 4385.187 GFLOPS
>>> Contraction time: 0.049 seconds
>>> Shift time: 0.005 seconds
>>> Contraction time: 0.049 seconds
>>> Shift time: 0.005 seconds
>>> Contraction time: 0.049 seconds
>>> Shift time: 0.005 seconds
>>> Contraction time: 0.049 seconds
>>> Shift time: 0.005 seconds
>>> Contraction time: 0.049 seconds
>>> Shift time: 0.005 seconds
>>> Contraction time: 0.049 seconds
>>> Shift time: 0.005 seconds
>>> Contraction time: 0.048 seconds
>>> Shift time: 0.005 seconds
>>> Contraction time: 0.049 seconds
>>> Shift time: 0.005 seconds
>>> Contraction time: 0.049 seconds
>>> Shift time: 0.005 seconds
>>> Contraction time: 0.048 seconds
>>> Shift time: 0.005 seconds
>>> Contraction time: 0.049 seconds
>>> Shift time: 0.005 seconds
>>> Contraction time: 0.049 seconds
>>> Shift time: 0.005 seconds
>>> Contraction time: 0.049 seconds
>>> Shift time: 0.005 seconds
>>> Contraction time: 0.049 seconds
>>> Shift time: 0.005 seconds
>>> Contraction time: 0.049 seconds
>>> Shift time: 0.005 seconds

Processing configuration 1062 at 2025-06-23 23:50:32
>>> Contraction time: 0.049 seconds
>>> Shift time: 0.005 seconds

Processing configuration 1062 at 2025-06-23 23:50:32
>>> Contraction time: 0.049 seconds
>>> Shift time: 0.005 seconds
>>> Contraction time: 0.048 seconds
>>> Contraction time: 0.049 seconds
>>> Shift time: 0.005 seconds
>>> Shift time: 0.005 seconds
>>> Contraction time: 0.048 seconds
>>> Contraction time: 0.049 seconds
>>> Shift time: 0.005 seconds
>>> Shift time: 0.005 seconds
>>> Contraction time: 0.049 seconds
>>> Contraction time: 0.048 seconds
>>> Shift time: 0.005 seconds
>>> Shift time: 0.005 seconds
>>> Contraction time: 0.049 seconds
>>> Contraction time: 0.049 seconds
>>> Shift time: 0.005 seconds
>>> Shift time: 0.005 seconds
>>> Contraction time: 0.048 seconds
>>> Contraction time: 0.049 seconds
>>> Shift time: 0.005 seconds
>>> Shift time: 0.005 seconds
>>> Contraction time: 0.049 seconds
>>> Contraction time: 0.049 seconds
>>> Shift time: 0.005 seconds
>>> Shift time: 0.005 seconds
>>> Contraction time: 0.048 seconds
>>> Contraction time: 0.049 seconds
>>> Shift time: 0.005 seconds
>>> Shift time: 0.005 seconds
>>> Contraction time: 0.049 seconds
>>> Shift time: 0.005 seconds

Processing configuration 1062 at 2025-06-23 23:50:33
>>> Contraction time: 0.049 seconds
>>> Shift time: 0.005 seconds
>>> Contraction time: 0.049 seconds
>>> Shift time: 0.005 seconds
>>> Contraction time: 0.049 seconds
>>> Shift time: 0.005 seconds
>>> Contraction time: 0.049 seconds
>>> Shift time: 0.005 seconds
>>> Contraction time: 0.049 seconds
>>> Shift time: 0.005 seconds
>>> Contraction time: 0.049 seconds
>>> Shift time: 0.005 seconds
>>> Contraction time: 0.049 seconds
>>> Shift time: 0.005 seconds
>>> Contraction time: 0.049 seconds
>>> Shift time: 0.005 seconds
>>> Contraction time: 0.049 seconds
>>> Shift time: 0.005 seconds
>>> Contraction time: 0.049 seconds
>>> Shift time: 0.005 seconds
>>> Contraction time: 0.048 seconds
>>> Shift time: 0.005 seconds
>>> Contraction time: 0.049 seconds
>>> Shift time: 0.005 seconds
>>> Contraction time: 0.049 seconds
>>> Shift time: 0.005 seconds
>>> Contraction time: 0.048 seconds
>>> Shift time: 0.005 seconds
>>> Contraction time: 0.049 seconds
>>> Shift time: 0.005 seconds

Processing configuration 1062 at 2025-06-23 23:50:33
>>> Contraction time: 0.049 seconds
>>> Shift time: 0.005 seconds

Processing configuration 1062 at 2025-06-23 23:50:33
>>> Contraction time: 0.049 seconds
>>> Shift time: 0.005 seconds
>>> Contraction time: 0.049 seconds
>>> Shift time: 0.005 seconds
>>> Contraction time: 0.049 seconds
>>> Shift time: 0.005 seconds
>>> Contraction time: 0.049 seconds
>>> Shift time: 0.005 seconds
>>> Contraction time: 0.049 seconds
>>> Shift time: 0.005 seconds
>>> Contraction time: 0.049 seconds
>>> Shift time: 0.005 seconds
>>> Contraction time: 0.049 seconds
>>> Shift time: 0.005 seconds
>>> Contraction time: 0.049 seconds
>>> Shift time: 0.005 seconds
>>> Contraction time: 0.049 seconds
>>> Shift time: 0.005 seconds
>>> Contraction time: 0.049 seconds
>>> Shift time: 0.005 seconds
>>> Contraction time: 0.049 seconds
>>> Shift time: 0.005 seconds
>>> Contraction time: 0.049 seconds
>>> Shift time: 0.005 seconds
>>> Contraction time: 0.049 seconds
>>> Shift time: 0.005 seconds
>>> Contraction time: 0.049 seconds
>>> Shift time: 0.005 seconds
>>> Contraction time: 0.049 seconds
>>> Shift time: 0.005 seconds

Processing configuration 1062 at 2025-06-23 23:50:34
>>> Contraction time: 0.049 seconds
>>> Shift time: 0.005 seconds

Processing configuration 1062 at 2025-06-23 23:50:34
>>> Total T-loop time: 19.108 seconds
latt_info.Lt:  8
pion_DA_tmp shape:  (1, 8, 64)

Processing configuration 1062 at 2025-06-23 23:50:34
performGaugeSmearQuda: step 000 plaquette (mean 0.0000000000000000e+00, spatial 2.5885719720941266e-317 temporal 2.6295043227207822e-317) Q charge = 0.0000000000000000e+00
GPT :     831.321330 s : NERSC file format; reading /lustre1/pion3d/ensemble/l4864f21b7373m00125m0250a.nersc.cg_high_prec/fixed_GLU/l4864f21b7373m00125m0250a.1062.coulomb.1e-14
GPT :     831.321375 s :    BEGIN_HEADER
GPT :     831.321383 s : 	HDR_VERSION = 1.0
GPT :     831.321395 s : 	DATATYPE = 4D_SU3_GAUGE
GPT :     831.321403 s : 	STORAGE_FORMAT = 1.0
GPT :     831.321410 s : 	DIMENSION_1 = 48
GPT :     831.321420 s : 	DIMENSION_2 = 48
GPT :     831.321427 s : 	DIMENSION_3 = 48
GPT :     831.321434 s : 	DIMENSION_4 = 64
GPT :     831.321443 s : 	CHECKSUM = 1e9d3ae
GPT :     831.321452 s : 	LINK_TRACE = 0.669388208215622
GPT :     831.321460 s : 	PLAQUETTE = 0.628399236918295
GPT :     831.321469 s : 	BOUNDARY_1 = PERIODIC
GPT :     831.321477 s : 	BOUNDARY_2 = PERIODIC
GPT :     831.321484 s : 	BOUNDARY_3 = PERIODIC
GPT :     831.321491 s : 	BOUNDARY_4 = PERIODIC
GPT :     831.321498 s : 	ENSEMBLE_ID = ukqcd
GPT :     831.321508 s : 	SEQUENCE_NUMBER = 1000
GPT :     831.321515 s : 	ENSEMBLE_LABEL = 2+1F_isoClover_130MeV
GPT :     831.321526 s : 	CREATOR_MACHINE = jinchen
GPT :     831.321533 s : 	CREATION_DATE = Tue May 27 21:23:31 2025
GPT :     831.321541 s : 	FLOATING_POINT = IEEE64BIG
GPT :     831.321550 s :    END_HEADER
GPT :     833.435730 s : Read 3.79688 GB at 1.79676 GB/s (2.89304 GB/s for distribution, 4.74296 GB/s for munged read, 263.545 GB/s for checksum, 44.2491 GB/s for munging, 8 readers)
GCR: Convergence at 12 iterations, L2 relative residual: iterated = 5.149840e-11, true = 5.149840e-11 (requested = 1.000000e-10)
PyQUDA INFO: Time = 1.272 secs, Performance = 4170.174 GFLOPS
GCR: Convergence at 12 iterations, L2 relative residual: iterated = 6.097607e-11, true = 6.097607e-11 (requested = 1.000000e-10)
PyQUDA INFO: Time = 1.210 secs, Performance = 4383.295 GFLOPS
GCR: Convergence at 12 iterations, L2 relative residual: iterated = 2.522474e-11, true = 2.522474e-11 (requested = 1.000000e-10)
PyQUDA INFO: Time = 1.250 secs, Performance = 4400.305 GFLOPS
GCR: Convergence at 12 iterations, L2 relative residual: iterated = 6.603439e-11, true = 6.603439e-11 (requested = 1.000000e-10)
PyQUDA INFO: Time = 1.258 secs, Performance = 4213.951 GFLOPS
GCR: Convergence at 12 iterations, L2 relative residual: iterated = 2.724246e-11, true = 2.724246e-11 (requested = 1.000000e-10)
PyQUDA INFO: Time = 1.283 secs, Performance = 4287.235 GFLOPS
GCR: Convergence at 12 iterations, L2 relative residual: iterated = 2.145552e-11, true = 2.145552e-11 (requested = 1.000000e-10)
PyQUDA INFO: Time = 1.287 secs, Performance = 4273.774 GFLOPS
GCR: Convergence at 12 iterations, L2 relative residual: iterated = 4.461767e-11, true = 4.461767e-11 (requested = 1.000000e-10)
PyQUDA INFO: Time = 1.257 secs, Performance = 4219.641 GFLOPS
GCR: Convergence at 12 iterations, L2 relative residual: iterated = 3.425764e-11, true = 3.425764e-11 (requested = 1.000000e-10)
PyQUDA INFO: Time = 1.222 secs, Performance = 4339.149 GFLOPS
GCR: Convergence at 12 iterations, L2 relative residual: iterated = 4.033711e-11, true = 4.033711e-11 (requested = 1.000000e-10)
PyQUDA INFO: Time = 1.269 secs, Performance = 4178.987 GFLOPS
GCR: Convergence at 12 iterations, L2 relative residual: iterated = 4.291238e-11, true = 4.291238e-11 (requested = 1.000000e-10)
PyQUDA INFO: Time = 1.241 secs, Performance = 4274.047 GFLOPS
GCR: Convergence at 12 iterations, L2 relative residual: iterated = 4.149639e-11, true = 4.149639e-11 (requested = 1.000000e-10)
PyQUDA INFO: Time = 1.257 secs, Performance = 4218.191 GFLOPS
GCR: Convergence at 12 iterations, L2 relative residual: iterated = 4.366091e-11, true = 4.366091e-11 (requested = 1.000000e-10)
PyQUDA INFO: Time = 1.241 secs, Performance = 4274.801 GFLOPS
>>> Contraction time: 0.049 seconds
>>> Shift time: 0.005 seconds
>>> Contraction time: 0.049 seconds
>>> Shift time: 0.005 seconds
>>> Contraction time: 0.049 seconds
>>> Shift time: 0.005 seconds
>>> Contraction time: 0.049 seconds
>>> Shift time: 0.005 seconds
>>> Contraction time: 0.049 seconds
>>> Shift time: 0.005 seconds
>>> Contraction time: 0.049 seconds
>>> Shift time: 0.005 seconds
>>> Contraction time: 0.049 seconds
>>> Shift time: 0.005 seconds
>>> Contraction time: 0.049 seconds
>>> Shift time: 0.005 seconds
>>> Contraction time: 0.049 seconds
>>> Shift time: 0.005 seconds
>>> Contraction time: 0.049 seconds
>>> Shift time: 0.005 seconds
>>> Contraction time: 0.049 seconds
>>> Shift time: 0.005 seconds
>>> Contraction time: 0.049 seconds
>>> Shift time: 0.005 seconds
>>> Contraction time: 0.049 seconds
>>> Shift time: 0.005 seconds
>>> Contraction time: 0.049 seconds
>>> Shift time: 0.005 seconds
>>> Contraction time: 0.049 seconds
>>> Shift time: 0.005 seconds
>>> Contraction time: 0.049 seconds
>>> Shift time: 0.005 seconds
>>> Contraction time: 0.049 seconds
>>> Contraction time: 0.049 seconds
>>> Shift time: 0.005 seconds
>>> Shift time: 0.005 seconds
>>> Contraction time: 0.048 seconds
>>> Contraction time: 0.049 seconds
>>> Shift time: 0.005 seconds
>>> Shift time: 0.005 seconds
>>> Contraction time: 0.048 seconds
>>> Contraction time: 0.048 seconds
>>> Shift time: 0.005 seconds
>>> Shift time: 0.005 seconds
>>> Contraction time: 0.049 seconds
>>> Contraction time: 0.049 seconds
>>> Shift time: 0.005 seconds
>>> Shift time: 0.005 seconds
>>> Contraction time: 0.048 seconds
>>> Contraction time: 0.049 seconds
>>> Shift time: 0.005 seconds
>>> Shift time: 0.005 seconds
>>> Contraction time: 0.048 seconds
>>> Contraction time: 0.049 seconds
>>> Shift time: 0.005 seconds
>>> Shift time: 0.005 seconds
>>> Contraction time: 0.049 seconds
>>> Contraction time: 0.049 seconds
>>> Shift time: 0.005 seconds
>>> Shift time: 0.005 seconds
>>> Contraction time: 0.048 seconds
>>> Contraction time: 0.048 seconds
>>> Shift time: 0.005 seconds
>>> Shift time: 0.005 seconds
>>> Contraction time: 0.049 seconds
>>> Contraction time: 0.050 seconds
>>> Shift time: 0.005 seconds
>>> Shift time: 0.005 seconds
>>> Contraction time: 0.049 seconds
>>> Shift time: 0.005 seconds
>>> Contraction time: 0.049 seconds
>>> Contraction time: 0.049 seconds
>>> Shift time: 0.005 seconds
>>> Shift time: 0.005 seconds
>>> Contraction time: 0.049 seconds
>>> Shift time: 0.005 seconds
>>> Contraction time: 0.049 seconds
>>> Shift time: 0.005 seconds
>>> Contraction time: 0.049 seconds
>>> Contraction time: 0.049 seconds
>>> Shift time: 0.005 seconds
>>> Shift time: 0.005 seconds
>>> Contraction time: 0.049 seconds
>>> Shift time: 0.005 seconds
>>> Contraction time: 0.048 seconds
>>> Shift time: 0.005 seconds
>>> Contraction time: 0.049 seconds
>>> Contraction time: 0.049 seconds
>>> Shift time: 0.005 seconds
>>> Shift time: 0.005 seconds
>>> Contraction time: 0.049 seconds
>>> Shift time: 0.005 seconds
>>> Contraction time: 0.049 seconds
>>> Shift time: 0.005 seconds
>>> Contraction time: 0.049 seconds
>>> Contraction time: 0.049 seconds
>>> Shift time: 0.005 seconds
>>> Shift time: 0.005 seconds
>>> Contraction time: 0.048 seconds
>>> Shift time: 0.005 seconds
>>> Contraction time: 0.048 seconds
>>> Shift time: 0.005 seconds
>>> Contraction time: 0.049 seconds
>>> Contraction time: 0.049 seconds
>>> Shift time: 0.005 seconds
>>> Shift time: 0.005 seconds
>>> Contraction time: 0.049 seconds
>>> Shift time: 0.005 seconds
>>> Contraction time: 0.049 seconds
>>> Shift time: 0.005 seconds
>>> Contraction time: 0.048 seconds
>>> Contraction time: 0.049 seconds
>>> Shift time: 0.005 seconds
>>> Shift time: 0.005 seconds
>>> Contraction time: 0.049 seconds
>>> Shift time: 0.005 seconds
>>> Contraction time: 0.049 seconds
>>> Shift time: 0.005 seconds
>>> Contraction time: 0.049 seconds
>>> Contraction time: 0.049 seconds
>>> Shift time: 0.005 seconds
>>> Shift time: 0.005 seconds
>>> Contraction time: 0.049 seconds
>>> Shift time: 0.005 seconds
>>> Contraction time: 0.048 seconds
>>> Shift time: 0.005 seconds
>>> Contraction time: 0.049 seconds
>>> Shift time: 0.005 seconds
>>> Total T-loop time: 18.723 seconds
latt_info.Lt:  8
pion_DA_tmp shape:  (1, 8, 64)
>>> Mean value of pion_DA: 
 [[-4.56875478e-04  2.59510459e-02  3.89965501e-03  1.49304755e-03
   9.72337048e-04  7.19948462e-04  5.63589788e-04  4.51974789e-04
   3.67328897e-04  3.01126789e-04  2.48460277e-04  2.06130575e-04
   1.70452937e-04  1.41156112e-04  1.16615614e-04  9.61912153e-05
   7.90111310e-05  6.48459781e-05  5.33833990e-05  4.41209331e-05]
 [-2.33172687e-04  9.18160421e-03  2.53047726e-03  1.28904757e-03
   9.07975193e-04  6.83060816e-04  5.35654152e-04  4.29430286e-04
   3.50427472e-04  2.87683102e-04  2.37339048e-04  1.96991593e-04
   1.62897926e-04  1.34834340e-04  1.11225898e-04  9.16559788e-05
   7.52555255e-05  6.17805623e-05  5.09142831e-05  4.20658190e-05]
 [-2.41914163e-04  4.14560728e-03  1.72199227e-03  1.06007231e-03
   7.99866596e-04  6.16990581e-04  4.84828998e-04  3.88118664e-04
   3.20234703e-04  2.63909387e-04  2.17655751e-04  1.80814404e-04
   1.49486831e-04  1.23450101e-04  1.01366659e-04  8.34044896e-05
   6.83828170e-05  5.61756220e-05  4.64068220e-05  3.83036643e-05]
 [-2.97902570e-04  2.29612089e-03  1.26943675e-03  8.74419275e-04
   6.90544711e-04  5.48039291e-04  4.31030373e-04  3.44050978e-04
   2.88128490e-04  2.38923076e-04  1.96948498e-04  1.63742632e-04
   1.35262376e-04  1.11204549e-04  9.05232309e-05  7.44588884e-05
   6.09069197e-05  5.00607989e-05  4.14782612e-05  3.41939458e-05]
 [-1.85713249e-04  1.43565193e-03  9.70483262e-04  7.19853562e-04
   5.87624527e-04  4.81217231e-04  3.78247424e-04  3.00768213e-04
   2.56317169e-04  2.14500225e-04  1.76905625e-04  1.46979810e-04
   1.21270806e-04  9.89540650e-05  7.95529987e-05  6.55917987e-05
   5.34561655e-05  4.39610614e-05  3.65404080e-05  3.00852257e-05]
 [-1.09274655e-04  9.83070944e-04  7.52435291e-04  5.91343312e-04
   4.94201044e-04  4.18408131e-04  3.28303576e-04  2.59650676e-04
   2.25698026e-04  1.91009483e-04  1.57888911e-04  1.30803066e-04
   1.07775390e-04  8.70024506e-05  6.88720082e-05  5.71039831e-05
   4.63252033e-05  3.81340047e-05  3.17648655e-05  2.61306545e-05]
 [-5.45878696e-05  7.13088041e-04  5.87904662e-04  4.84633065e-04
   4.11290565e-04  3.61199088e-04  2.82346297e-04  2.21729125e-04
   1.97082377e-04  1.68528934e-04  1.39783935e-04  1.15387965e-04
   9.48677573e-05  7.56213016e-05  5.87982533e-05  4.91289429e-05
   3.97194789e-05  3.27638918e-05  2.72763206e-05  2.24452906e-05]
 [-5.57370965e-05  5.26576793e-04  4.61062956e-04  3.96038437e-04
   3.38701184e-04  3.10287664e-04  2.40874957e-04  1.87912503e-04
   1.70867329e-04  1.47143348e-04  1.22500637e-04  1.00853934e-04
   8.26540795e-05  6.51012994e-05  4.95272702e-05  4.17955772e-05
   3.37478224e-05  2.79175487e-05  2.31638153e-05  1.91039965e-05]]
WARNING: Environment variable QUDA_PROFILE_OUTPUT_BASE not set; writing to profile.tsv and profile_async.tsv
Saving 481 sets of cached parameters to .cache/profile_0.tsv
Saving 0 sets of cached profiles to .cache/profile_async_0.tsv

               initQuda Total time =     0.204 secs
                     init     =     0.203 secs ( 99.765%),	 with        2 calls at 1.015e+05 us per call
        total accounted       =     0.203 secs ( 99.765%)
        total missing         =     0.000 secs (  0.235%)

          loadGaugeQuda Total time =     9.590 secs
                 download     =     2.513 secs ( 26.200%),	 with       30 calls at 8.376e+04 us per call
                   upload     =     2.416 secs ( 25.193%),	 with       10 calls at 2.416e+05 us per call
                     init     =     0.063 secs (  0.658%),	 with      268 calls at 2.356e+02 us per call
                  compute     =     0.011 secs (  0.118%),	 with       70 calls at 1.622e+02 us per call
                    comms     =     4.156 secs ( 43.334%),	 with       28 calls at 1.484e+05 us per call
                     free     =     0.047 secs (  0.495%),	 with       95 calls at 4.999e+02 us per call
        total accounted       =     9.207 secs ( 95.999%)
        total missing         =     0.384 secs (  4.001%)

         loadCloverQuda Total time =     0.738 secs
                     init     =     0.029 secs (  3.937%),	 with       50 calls at 5.807e+02 us per call
                  compute     =     0.076 secs ( 10.328%),	 with       30 calls at 2.539e+03 us per call
                    comms     =     0.524 secs ( 71.057%),	 with       10 calls at 5.241e+04 us per call
                     free     =     0.040 secs (  5.462%),	 with       46 calls at 8.757e+02 us per call
        total accounted       =     0.670 secs ( 90.784%)
        total missing         =     0.068 secs (  9.216%)

             invertQuda Total time =   554.693 secs
                     init     =     7.338 secs (  1.323%),	 with    13737 calls at 5.341e+02 us per call
                 preamble     =    22.937 secs (  4.135%),	 with    15300 calls at 1.499e+03 us per call
                  compute     =   512.474 secs ( 92.389%),	 with      902 calls at 5.682e+05 us per call
                 epilogue     =     5.829 secs (  1.051%),	 with      720 calls at 8.095e+03 us per call
                     free     =     1.718 secs (  0.310%),	 with     5253 calls at 3.270e+02 us per call
        total accounted       =   550.294 secs ( 99.207%)
        total missing         =     4.399 secs (  0.793%)

     invertMultiSrcQuda Total time =   157.530 secs
                     init     =     3.429 secs (  2.177%),	 with    39192 calls at 8.749e+01 us per call
                 preamble     =    19.632 secs ( 12.462%),	 with    10417 calls at 1.885e+03 us per call
                  compute     =   128.197 secs ( 81.380%),	 with    96303 calls at 1.331e+03 us per call
                 epilogue     =     3.098 secs (  1.967%),	 with     3478 calls at 8.907e+02 us per call
                     free     =     2.411 secs (  1.530%),	 with     5140 calls at 4.691e+02 us per call
                    eigen     =     0.041 secs (  0.026%),	 with     6698 calls at 6.080e+00 us per call
        total accounted       =   156.807 secs ( 99.541%)
        total missing         =     0.722 secs (  0.459%)

   gaugeObservablesQuda Total time =     0.000 secs

         gaugeSmearQuda Total time =    18.481 secs
                     init     =     0.029 secs (  0.158%),	 with       60 calls at 4.868e+02 us per call
                  compute     =    16.096 secs ( 87.094%),	 with       10 calls at 1.610e+06 us per call
                    comms     =     2.122 secs ( 11.481%),	 with       10 calls at 2.122e+05 us per call
                     free     =     0.056 secs (  0.301%),	 with       50 calls at 1.112e+03 us per call
        total accounted       =    18.302 secs ( 99.035%)
        total missing         =     0.178 secs (  0.965%)

                endQuda Total time =     0.235 secs
                     free     =     0.013 secs (  5.429%),	 with       20 calls at 6.374e+02 us per call
        total accounted       =     0.013 secs (  5.429%)
        total missing         =     0.222 secs ( 94.571%)

       initQuda-endQuda Total time =   850.717 secs

                   QUDA Total time =   741.470 secs
                 download     =     2.513 secs (  0.339%),	 with       30 calls at 8.376e+04 us per call
                   upload     =     2.416 secs (  0.326%),	 with       10 calls at 2.416e+05 us per call
                     init     =    11.091 secs (  1.496%),	 with    53309 calls at 2.081e+02 us per call
                 preamble     =    42.569 secs (  5.741%),	 with    25717 calls at 1.655e+03 us per call
                  compute     =   656.863 secs ( 88.589%),	 with    97315 calls at 6.750e+03 us per call
                    comms     =     6.802 secs (  0.917%),	 with       48 calls at 1.417e+05 us per call
                 epilogue     =     8.926 secs (  1.204%),	 with     4198 calls at 2.126e+03 us per call
                     free     =     4.286 secs (  0.578%),	 with    10604 calls at 4.042e+02 us per call
                    eigen     =     0.040 secs (  0.005%),	 with     6698 calls at 6.033e+00 us per call
        total accounted       =   735.506 secs ( 99.196%)
        total missing         =     5.963 secs (  0.804%)

Device memory used = 19985.4 MiB
Pinned device memory used = 0.0 MiB
Managed memory used = 0.0 MiB
Shmem memory used = 0.0 MiB
Page-locked host memory used = 1465.6 MiB
Total host memory used >= 1552.0 MiB


>>> End time: Mon Jun 23 23:51:51 CDT 2025

>>> Total runtime: 0:14:28
