PyQUDA INFO: Using the grid size [1, 1, 1, 1]
PyQUDA INFO: Using CUDA backend cupy
PyQUDA INFO: Using the lattice size [8, 8, 8, 32] only for getting the default grid size [1, 1, 1, 1]
PyQUDA INFO: Using QUDA_RESOURCE_PATH=.cache
Disabling GPU-Direct RDMA access
Enabling peer-to-peer copy engine and direct load/store access
QUDA 1.1.0 (git 1.1.0-e23cd7e4f-sm_86)
CUDA Driver version = 12020
CUDA Runtime version = 12020
Graphic driver version = 535.230.02
Found device 0: NVIDIA GeForce RTX 3060
Using device 0: NVIDIA GeForce RTX 3060
Initializing monitoring on device 0: NVIDIA GeForce RTX 3060
WARNING: Data reordering done on GPU (set with QUDA_REORDER_LOCATION=GPU/CPU)
Loaded 413 sets of cached parameters from .cache/tunecache.tsv
WARNING: Using device memory pool allocator
WARNING: Using pinned memory pool allocator
cublasCreated successfully
BiCGstab: Convergence at 19 iterations, L2 relative residual: iterated = 5.448750e-09, true = 5.448750e-09 (requested = 1.000000e-08)
PyQUDA INFO: Time = 0.267 secs, Performance = 6.021 GFLOPS
BiCGstab: Convergence at 19 iterations, L2 relative residual: iterated = 9.817441e-09, true = 9.817441e-09 (requested = 1.000000e-08)
PyQUDA INFO: Time = 0.008 secs, Performance = 203.264 GFLOPS
BiCGstab: Convergence at 19 iterations, L2 relative residual: iterated = 2.947004e-09, true = 2.947004e-09 (requested = 1.000000e-08)
PyQUDA INFO: Time = 0.007 secs, Performance = 212.861 GFLOPS
BiCGstab: Convergence at 19 iterations, L2 relative residual: iterated = 4.026442e-09, true = 4.026442e-09 (requested = 1.000000e-08)
PyQUDA INFO: Time = 0.008 secs, Performance = 204.063 GFLOPS
BiCGstab: Convergence at 19 iterations, L2 relative residual: iterated = 4.329823e-09, true = 4.329823e-09 (requested = 1.000000e-08)
PyQUDA INFO: Time = 0.008 secs, Performance = 197.744 GFLOPS
BiCGstab: Convergence at 19 iterations, L2 relative residual: iterated = 2.970313e-09, true = 2.970313e-09 (requested = 1.000000e-08)
PyQUDA INFO: Time = 0.008 secs, Performance = 203.059 GFLOPS
BiCGstab: Convergence at 18 iterations, L2 relative residual: iterated = 7.876663e-09, true = 7.876663e-09 (requested = 1.000000e-08)
PyQUDA INFO: Time = 0.008 secs, Performance = 200.112 GFLOPS
BiCGstab: Convergence at 18 iterations, L2 relative residual: iterated = 6.767443e-09, true = 6.767443e-09 (requested = 1.000000e-08)
PyQUDA INFO: Time = 0.007 secs, Performance = 207.675 GFLOPS
BiCGstab: Convergence at 19 iterations, L2 relative residual: iterated = 3.627289e-09, true = 3.627289e-09 (requested = 1.000000e-08)
PyQUDA INFO: Time = 0.007 secs, Performance = 210.445 GFLOPS
BiCGstab: Convergence at 19 iterations, L2 relative residual: iterated = 6.945346e-09, true = 6.945346e-09 (requested = 1.000000e-08)
PyQUDA INFO: Time = 0.008 secs, Performance = 203.624 GFLOPS
BiCGstab: Convergence at 18 iterations, L2 relative residual: iterated = 9.853097e-09, true = 9.853097e-09 (requested = 1.000000e-08)
PyQUDA INFO: Time = 0.008 secs, Performance = 200.398 GFLOPS
BiCGstab: Convergence at 19 iterations, L2 relative residual: iterated = 4.613277e-09, true = 4.613277e-09 (requested = 1.000000e-08)
PyQUDA INFO: Time = 0.008 secs, Performance = 203.470 GFLOPS
BiCGstab: Convergence at 19 iterations, L2 relative residual: iterated = 4.714480e-09, true = 4.714480e-09 (requested = 1.000000e-08)
>>> Contraction type 1 time: 0.001 seconds
>>> Shift time: 0.071 seconds
>>> Contraction type 1 time: 0.001 seconds
>>> Shift time: 0.002 seconds
>>> Contraction type 1 time: 0.001 seconds
>>> Shift time: 0.002 seconds
>>> Contraction type 1 time: 0.001 seconds
>>> Shift time: 0.002 seconds
>>> Contraction type 1 time: 0.001 seconds
>>> Shift time: 0.002 seconds
>>> Contraction type 1 time: 0.001 seconds
>>> Shift time: 0.002 seconds
>>> Contraction type 1 time: 0.001 seconds
>>> Shift time: 0.002 seconds
>>> Contraction type 1 time: 0.001 seconds
>>> Shift time: 0.002 seconds
PyQUDA INFO: Time = 0.008 secs, Performance = 211.744 GFLOPS
BiCGstab: Convergence at 18 iterations, L2 relative residual: iterated = 7.752765e-09, true = 7.752765e-09 (requested = 1.000000e-08)
PyQUDA INFO: Time = 0.007 secs, Performance = 212.113 GFLOPS
BiCGstab: Convergence at 18 iterations, L2 relative residual: iterated = 8.711364e-09, true = 8.711364e-09 (requested = 1.000000e-08)
PyQUDA INFO: Time = 0.007 secs, Performance = 218.815 GFLOPS
BiCGstab: Convergence at 19 iterations, L2 relative residual: iterated = 7.388529e-09, true = 7.388529e-09 (requested = 1.000000e-08)
PyQUDA INFO: Time = 0.008 secs, Performance = 213.940 GFLOPS
BiCGstab: Convergence at 18 iterations, L2 relative residual: iterated = 7.753201e-09, true = 7.753201e-09 (requested = 1.000000e-08)
PyQUDA INFO: Time = 0.007 secs, Performance = 211.095 GFLOPS
BiCGstab: Convergence at 18 iterations, L2 relative residual: iterated = 8.316773e-09, true = 8.316773e-09 (requested = 1.000000e-08)
PyQUDA INFO: Time = 0.007 secs, Performance = 210.690 GFLOPS
BiCGstab: Convergence at 18 iterations, L2 relative residual: iterated = 7.698803e-09, true = 7.698803e-09 (requested = 1.000000e-08)
PyQUDA INFO: Time = 0.007 secs, Performance = 211.676 GFLOPS
BiCGstab: Convergence at 19 iterations, L2 relative residual: iterated = 6.952361e-09, true = 6.952361e-09 (requested = 1.000000e-08)
PyQUDA INFO: Time = 0.007 secs, Performance = 214.969 GFLOPS
BiCGstab: Convergence at 19 iterations, L2 relative residual: iterated = 3.567515e-09, true = 3.567515e-09 (requested = 1.000000e-08)
PyQUDA INFO: Time = 0.007 secs, Performance = 222.950 GFLOPS
BiCGstab: Convergence at 19 iterations, L2 relative residual: iterated = 3.613449e-09, true = 3.613449e-09 (requested = 1.000000e-08)
PyQUDA INFO: Time = 0.008 secs, Performance = 214.481 GFLOPS
BiCGstab: Convergence at 18 iterations, L2 relative residual: iterated = 7.062807e-09, true = 7.062807e-09 (requested = 1.000000e-08)
PyQUDA INFO: Time = 0.007 secs, Performance = 210.776 GFLOPS
BiCGstab: Convergence at 18 iterations, L2 relative residual: iterated = 9.723394e-09, true = 9.723394e-09 (requested = 1.000000e-08)
PyQUDA INFO: Time = 0.007 secs, Performance = 211.676 GFLOPS
BiCGstab: Convergence at 19 iterations, L2 relative residual: iterated = 5.377234e-09, true = 5.377234e-09 (requested = 1.000000e-08)
PyQUDA INFO: Time = 0.008 secs, Performance = 202.650 GFLOPS
BiCGstab: Convergence at 20 iterations, L2 relative residual: iterated = 3.193600e-09, true = 3.193600e-09 (requested = 1.000000e-08)
PyQUDA INFO: Time = 0.007 secs, Performance = 224.789 GFLOPS
BiCGstab: Convergence at 20 iterations, L2 relative residual: iterated = 3.644246e-09, true = 3.644246e-09 (requested = 1.000000e-08)
PyQUDA INFO: Time = 0.007 secs, Performance = 224.759 GFLOPS
BiCGstab: Convergence at 19 iterations, L2 relative residual: iterated = 6.433299e-09, true = 6.433299e-09 (requested = 1.000000e-08)
PyQUDA INFO: Time = 0.007 secs, Performance = 221.753 GFLOPS
BiCGstab: Convergence at 19 iterations, L2 relative residual: iterated = 6.879389e-09, true = 6.879389e-09 (requested = 1.000000e-08)
PyQUDA INFO: Time = 0.007 secs, Performance = 219.754 GFLOPS
BiCGstab: Convergence at 19 iterations, L2 relative residual: iterated = 9.283726e-09, true = 9.283726e-09 (requested = 1.000000e-08)
PyQUDA INFO: Time = 0.007 secs, Performance = 220.537 GFLOPS
BiCGstab: Convergence at 19 iterations, L2 relative residual: iterated = 3.693172e-09, true = 3.693172e-09 (requested = 1.000000e-08)
PyQUDA INFO: Time = 0.007 secs, Performance = 220.810 GFLOPS
BiCGstab: Convergence at 18 iterations, L2 relative residual: iterated = 9.858779e-09, true = 9.858779e-09 (requested = 1.000000e-08)
PyQUDA INFO: Time = 0.007 secs, Performance = 217.974 GFLOPS
BiCGstab: Convergence at 19 iterations, L2 relative residual: iterated = 5.686607e-09, true = 5.686607e-09 (requested = 1.000000e-08)
PyQUDA INFO: Time = 0.007 secs, Performance = 221.356 GFLOPS
BiCGstab: Convergence at 19 iterations, L2 relative residual: iterated = 3.907713e-09, true = 3.907713e-09 (requested = 1.000000e-08)
PyQUDA INFO: Time = 0.007 secs, Performance = 221.356 GFLOPS
BiCGstab: Convergence at 19 iterations, L2 relative residual: iterated = 8.488538e-09, true = 8.488538e-09 (requested = 1.000000e-08)
PyQUDA INFO: Time = 0.007 secs, Performance = 220.598 GFLOPS
BiCGstab: Convergence at 19 iterations, L2 relative residual: iterated = 4.179974e-09, true = 4.179974e-09 (requested = 1.000000e-08)
PyQUDA INFO: Time = 0.007 secs, Performance = 221.083 GFLOPS
BiCGstab: Convergence at 18 iterations, L2 relative residual: iterated = 7.806344e-09, true = 7.806344e-09 (requested = 1.000000e-08)
>>> Contraction type 1 time: 0.001 seconds
>>> Shift time: 0.002 seconds
>>> Contraction type 1 time: 0.001 seconds
>>> Shift time: 0.002 seconds
>>> Contraction type 1 time: 0.001 seconds
>>> Shift time: 0.002 seconds
>>> Contraction type 1 time: 0.001 seconds
>>> Shift time: 0.002 seconds
>>> Contraction type 1 time: 0.001 seconds
>>> Shift time: 0.002 seconds
>>> Contraction type 1 time: 0.001 seconds
>>> Shift time: 0.002 seconds
>>> Contraction type 1 time: 0.001 seconds
>>> Shift time: 0.002 seconds
>>> Contraction type 1 time: 0.001 seconds
>>> Shift time: 0.002 seconds
PyQUDA INFO: Time = 0.007 secs, Performance = 214.240 GFLOPS
BiCGstab: Convergence at 19 iterations, L2 relative residual: iterated = 4.095008e-09, true = 4.095008e-09 (requested = 1.000000e-08)
PyQUDA INFO: Time = 0.007 secs, Performance = 230.449 GFLOPS
BiCGstab: Convergence at 18 iterations, L2 relative residual: iterated = 7.157160e-09, true = 7.157160e-09 (requested = 1.000000e-08)
PyQUDA INFO: Time = 0.007 secs, Performance = 218.873 GFLOPS
BiCGstab: Convergence at 20 iterations, L2 relative residual: iterated = 9.579573e-10, true = 9.579573e-10 (requested = 1.000000e-08)
PyQUDA INFO: Time = 0.007 secs, Performance = 225.513 GFLOPS
BiCGstab: Convergence at 20 iterations, L2 relative residual: iterated = 1.131783e-09, true = 1.131783e-09 (requested = 1.000000e-08)
PyQUDA INFO: Time = 0.007 secs, Performance = 224.939 GFLOPS
BiCGstab: Convergence at 18 iterations, L2 relative residual: iterated = 5.802661e-09, true = 5.802661e-09 (requested = 1.000000e-08)
PyQUDA INFO: Time = 0.007 secs, Performance = 218.904 GFLOPS
BiCGstab: Convergence at 18 iterations, L2 relative residual: iterated = 7.402814e-09, true = 7.402814e-09 (requested = 1.000000e-08)
PyQUDA INFO: Time = 0.007 secs, Performance = 219.466 GFLOPS
BiCGstab: Convergence at 18 iterations, L2 relative residual: iterated = 8.461092e-09, true = 8.461092e-09 (requested = 1.000000e-08)
PyQUDA INFO: Time = 0.007 secs, Performance = 226.794 GFLOPS
BiCGstab: Convergence at 20 iterations, L2 relative residual: iterated = 7.546902e-10, true = 7.546902e-10 (requested = 1.000000e-08)
PyQUDA INFO: Time = 0.007 secs, Performance = 224.699 GFLOPS
BiCGstab: Convergence at 18 iterations, L2 relative residual: iterated = 7.868910e-09, true = 7.868910e-09 (requested = 1.000000e-08)
PyQUDA INFO: Time = 0.007 secs, Performance = 219.310 GFLOPS
BiCGstab: Convergence at 20 iterations, L2 relative residual: iterated = 1.161997e-09, true = 1.161997e-09 (requested = 1.000000e-08)
PyQUDA INFO: Time = 0.007 secs, Performance = 225.362 GFLOPS
BiCGstab: Convergence at 20 iterations, L2 relative residual: iterated = 1.036280e-09, true = 1.036280e-09 (requested = 1.000000e-08)
PyQUDA INFO: Time = 0.007 secs, Performance = 225.877 GFLOPS
BiCGstab: Convergence at 18 iterations, L2 relative residual: iterated = 9.835896e-09, true = 9.835896e-09 (requested = 1.000000e-08)
PyQUDA INFO: Time = 0.007 secs, Performance = 210.661 GFLOPS
BiCGstab: Convergence at 19 iterations, L2 relative residual: iterated = 9.032919e-09, true = 9.032919e-09 (requested = 1.000000e-08)
PyQUDA INFO: Time = 0.007 secs, Performance = 223.075 GFLOPS
BiCGstab: Convergence at 19 iterations, L2 relative residual: iterated = 3.841523e-09, true = 3.841523e-09 (requested = 1.000000e-08)
PyQUDA INFO: Time = 0.008 secs, Performance = 214.507 GFLOPS
BiCGstab: Convergence at 19 iterations, L2 relative residual: iterated = 3.624877e-09, true = 3.624877e-09 (requested = 1.000000e-08)
PyQUDA INFO: Time = 0.007 secs, Performance = 222.335 GFLOPS
BiCGstab: Convergence at 20 iterations, L2 relative residual: iterated = 1.448283e-09, true = 1.448283e-09 (requested = 1.000000e-08)
PyQUDA INFO: Time = 0.007 secs, Performance = 225.271 GFLOPS
BiCGstab: Convergence at 18 iterations, L2 relative residual: iterated = 8.461121e-09, true = 8.461121e-09 (requested = 1.000000e-08)
PyQUDA INFO: Time = 0.007 secs, Performance = 218.004 GFLOPS
BiCGstab: Convergence at 18 iterations, L2 relative residual: iterated = 8.286835e-09, true = 8.286835e-09 (requested = 1.000000e-08)
PyQUDA INFO: Time = 0.007 secs, Performance = 211.789 GFLOPS
BiCGstab: Convergence at 19 iterations, L2 relative residual: iterated = 2.451903e-09, true = 2.451903e-09 (requested = 1.000000e-08)
PyQUDA INFO: Time = 0.007 secs, Performance = 222.120 GFLOPS
BiCGstab: Convergence at 18 iterations, L2 relative residual: iterated = 7.883466e-09, true = 7.883466e-09 (requested = 1.000000e-08)
PyQUDA INFO: Time = 0.007 secs, Performance = 218.780 GFLOPS
BiCGstab: Convergence at 19 iterations, L2 relative residual: iterated = 5.082227e-09, true = 5.082227e-09 (requested = 1.000000e-08)
PyQUDA INFO: Time = 0.007 secs, Performance = 222.212 GFLOPS
BiCGstab: Convergence at 19 iterations, L2 relative residual: iterated = 4.502040e-09, true = 4.502040e-09 (requested = 1.000000e-08)
PyQUDA INFO: Time = 0.007 secs, Performance = 230.348 GFLOPS
BiCGstab: Convergence at 18 iterations, L2 relative residual: iterated = 7.035491e-09, true = 7.035491e-09 (requested = 1.000000e-08)
PyQUDA INFO: Time = 0.007 secs, Performance = 218.780 GFLOPS
BiCGstab: Convergence at 19 iterations, L2 relative residual: iterated = 3.558640e-09, true = 3.558640e-09 (requested = 1.000000e-08)
>>> Contraction type 1 time: 0.001 seconds
>>> Shift time: 0.002 seconds
>>> Contraction type 1 time: 0.001 seconds
>>> Shift time: 0.002 seconds
>>> Contraction type 1 time: 0.001 seconds
>>> Shift time: 0.002 seconds
>>> Contraction type 1 time: 0.001 seconds
>>> Shift time: 0.002 seconds
>>> Contraction type 1 time: 0.001 seconds
>>> Shift time: 0.002 seconds
>>> Contraction type 1 time: 0.001 seconds
>>> Shift time: 0.002 seconds
>>> Contraction type 1 time: 0.001 seconds
>>> Shift time: 0.002 seconds
>>> Contraction type 1 time: 0.001 seconds
>>> Shift time: 0.002 seconds
PyQUDA INFO: Time = 0.008 secs, Performance = 211.306 GFLOPS
BiCGstab: Convergence at 19 iterations, L2 relative residual: iterated = 9.999944e-09, true = 9.999944e-09 (requested = 1.000000e-08)
PyQUDA INFO: Time = 0.007 secs, Performance = 229.979 GFLOPS
BiCGstab: Convergence at 19 iterations, L2 relative residual: iterated = 4.140747e-09, true = 4.140747e-09 (requested = 1.000000e-08)
PyQUDA INFO: Time = 0.007 secs, Performance = 221.448 GFLOPS
BiCGstab: Convergence at 19 iterations, L2 relative residual: iterated = 2.689834e-09, true = 2.689834e-09 (requested = 1.000000e-08)
PyQUDA INFO: Time = 0.008 secs, Performance = 215.210 GFLOPS
BiCGstab: Convergence at 19 iterations, L2 relative residual: iterated = 1.946222e-09, true = 1.946222e-09 (requested = 1.000000e-08)
PyQUDA INFO: Time = 0.007 secs, Performance = 221.845 GFLOPS
BiCGstab: Convergence at 18 iterations, L2 relative residual: iterated = 9.888737e-09, true = 9.888737e-09 (requested = 1.000000e-08)
PyQUDA INFO: Time = 0.007 secs, Performance = 219.029 GFLOPS
BiCGstab: Convergence at 19 iterations, L2 relative residual: iterated = 5.649141e-09, true = 5.649141e-09 (requested = 1.000000e-08)
PyQUDA INFO: Time = 0.007 secs, Performance = 222.335 GFLOPS
BiCGstab: Convergence at 19 iterations, L2 relative residual: iterated = 8.689856e-09, true = 8.689856e-09 (requested = 1.000000e-08)
PyQUDA INFO: Time = 0.007 secs, Performance = 221.906 GFLOPS
BiCGstab: Convergence at 19 iterations, L2 relative residual: iterated = 7.200877e-09, true = 7.200877e-09 (requested = 1.000000e-08)
PyQUDA INFO: Time = 0.008 secs, Performance = 215.182 GFLOPS
BiCGstab: Convergence at 19 iterations, L2 relative residual: iterated = 2.678201e-09, true = 2.678201e-09 (requested = 1.000000e-08)
PyQUDA INFO: Time = 0.007 secs, Performance = 222.828 GFLOPS
BiCGstab: Convergence at 18 iterations, L2 relative residual: iterated = 8.307917e-09, true = 8.307917e-09 (requested = 1.000000e-08)
PyQUDA INFO: Time = 0.007 secs, Performance = 218.811 GFLOPS
BiCGstab: Convergence at 19 iterations, L2 relative residual: iterated = 2.262067e-09, true = 2.262067e-09 (requested = 1.000000e-08)
PyQUDA INFO: Time = 0.007 secs, Performance = 222.243 GFLOPS
BiCGstab: Convergence at 18 iterations, L2 relative residual: iterated = 5.434298e-09, true = 5.434298e-09 (requested = 1.000000e-08)
PyQUDA INFO: Time = 0.007 secs, Performance = 212.084 GFLOPS
BiCGstab: Convergence at 18 iterations, L2 relative residual: iterated = 9.616216e-09, true = 9.616216e-09 (requested = 1.000000e-08)
PyQUDA INFO: Time = 0.007 secs, Performance = 219.905 GFLOPS
BiCGstab: Convergence at 18 iterations, L2 relative residual: iterated = 7.383877e-09, true = 7.383877e-09 (requested = 1.000000e-08)
PyQUDA INFO: Time = 0.007 secs, Performance = 227.033 GFLOPS
BiCGstab: Convergence at 18 iterations, L2 relative residual: iterated = 7.478449e-09, true = 7.478449e-09 (requested = 1.000000e-08)
PyQUDA INFO: Time = 0.007 secs, Performance = 226.282 GFLOPS
BiCGstab: Convergence at 19 iterations, L2 relative residual: iterated = 4.060591e-09, true = 4.060591e-09 (requested = 1.000000e-08)
PyQUDA INFO: Time = 0.007 secs, Performance = 221.753 GFLOPS
BiCGstab: Convergence at 19 iterations, L2 relative residual: iterated = 3.354217e-09, true = 3.354217e-09 (requested = 1.000000e-08)
PyQUDA INFO: Time = 0.007 secs, Performance = 222.797 GFLOPS
BiCGstab: Convergence at 19 iterations, L2 relative residual: iterated = 3.627525e-09, true = 3.627525e-09 (requested = 1.000000e-08)
PyQUDA INFO: Time = 0.007 secs, Performance = 222.212 GFLOPS
BiCGstab: Convergence at 19 iterations, L2 relative residual: iterated = 5.819954e-09, true = 5.819954e-09 (requested = 1.000000e-08)
PyQUDA INFO: Time = 0.007 secs, Performance = 230.079 GFLOPS
BiCGstab: Convergence at 19 iterations, L2 relative residual: iterated = 8.192682e-09, true = 8.192682e-09 (requested = 1.000000e-08)
PyQUDA INFO: Time = 0.007 secs, Performance = 222.151 GFLOPS
BiCGstab: Convergence at 18 iterations, L2 relative residual: iterated = 7.071229e-09, true = 7.071229e-09 (requested = 1.000000e-08)
PyQUDA INFO: Time = 0.007 secs, Performance = 226.589 GFLOPS
BiCGstab: Convergence at 19 iterations, L2 relative residual: iterated = 5.911219e-09, true = 5.911219e-09 (requested = 1.000000e-08)
PyQUDA INFO: Time = 0.007 secs, Performance = 222.182 GFLOPS
BiCGstab: Convergence at 19 iterations, L2 relative residual: iterated = 6.520311e-09, true = 6.520311e-09 (requested = 1.000000e-08)
PyQUDA INFO: Time = 0.007 secs, Performance = 222.212 GFLOPS
BiCGstab: Convergence at 19 iterations, L2 relative residual: iterated = 5.716772e-09, true = 5.716772e-09 (requested = 1.000000e-08)
>>> Contraction type 1 time: 0.001 seconds
>>> Shift time: 0.002 seconds
>>> Contraction type 1 time: 0.001 seconds
>>> Shift time: 0.002 seconds
>>> Contraction type 1 time: 0.001 seconds
>>> Shift time: 0.002 seconds
>>> Contraction type 1 time: 0.001 seconds
>>> Shift time: 0.002 seconds
>>> Contraction type 1 time: 0.001 seconds
>>> Shift time: 0.002 seconds
>>> Contraction type 1 time: 0.001 seconds
>>> Shift time: 0.002 seconds
>>> Contraction type 1 time: 0.001 seconds
>>> Shift time: 0.002 seconds
>>> Contraction type 1 time: 0.001 seconds
>>> Shift time: 0.002 seconds
PyQUDA INFO: Time = 0.007 secs, Performance = 218.947 GFLOPS
BiCGstab: Convergence at 18 iterations, L2 relative residual: iterated = 6.389633e-09, true = 6.389633e-09 (requested = 1.000000e-08)
PyQUDA INFO: Time = 0.007 secs, Performance = 218.562 GFLOPS
BiCGstab: Convergence at 19 iterations, L2 relative residual: iterated = 2.422930e-09, true = 2.422930e-09 (requested = 1.000000e-08)
PyQUDA INFO: Time = 0.007 secs, Performance = 222.766 GFLOPS
BiCGstab: Convergence at 18 iterations, L2 relative residual: iterated = 9.325583e-09, true = 9.325583e-09 (requested = 1.000000e-08)
PyQUDA INFO: Time = 0.007 secs, Performance = 219.372 GFLOPS
BiCGstab: Convergence at 19 iterations, L2 relative residual: iterated = 2.967438e-09, true = 2.967438e-09 (requested = 1.000000e-08)
PyQUDA INFO: Time = 0.007 secs, Performance = 222.090 GFLOPS
BiCGstab: Convergence at 18 iterations, L2 relative residual: iterated = 8.506064e-09, true = 8.506064e-09 (requested = 1.000000e-08)
PyQUDA INFO: Time = 0.007 secs, Performance = 226.965 GFLOPS
BiCGstab: Convergence at 20 iterations, L2 relative residual: iterated = 1.050411e-09, true = 1.050411e-09 (requested = 1.000000e-08)
PyQUDA INFO: Time = 0.007 secs, Performance = 224.849 GFLOPS
BiCGstab: Convergence at 18 iterations, L2 relative residual: iterated = 8.134952e-09, true = 8.134952e-09 (requested = 1.000000e-08)
PyQUDA INFO: Time = 0.007 secs, Performance = 219.060 GFLOPS
BiCGstab: Convergence at 19 iterations, L2 relative residual: iterated = 2.466008e-09, true = 2.466008e-09 (requested = 1.000000e-08)
PyQUDA INFO: Time = 0.007 secs, Performance = 222.151 GFLOPS
BiCGstab: Convergence at 19 iterations, L2 relative residual: iterated = 5.232948e-09, true = 5.232948e-09 (requested = 1.000000e-08)
PyQUDA INFO: Time = 0.007 secs, Performance = 222.828 GFLOPS
BiCGstab: Convergence at 19 iterations, L2 relative residual: iterated = 3.012441e-09, true = 3.012441e-09 (requested = 1.000000e-08)
PyQUDA INFO: Time = 0.007 secs, Performance = 229.376 GFLOPS
BiCGstab: Convergence at 19 iterations, L2 relative residual: iterated = 2.735611e-09, true = 2.735611e-09 (requested = 1.000000e-08)
PyQUDA INFO: Time = 0.007 secs, Performance = 222.612 GFLOPS
BiCGstab: Convergence at 19 iterations, L2 relative residual: iterated = 4.202509e-09, true = 4.202509e-09 (requested = 1.000000e-08)
PyQUDA INFO: Time = 0.007 secs, Performance = 214.542 GFLOPS
BiCGstab: Convergence at 19 iterations, L2 relative residual: iterated = 4.176889e-09, true = 4.176889e-09 (requested = 1.000000e-08)
PyQUDA INFO: Time = 0.007 secs, Performance = 215.516 GFLOPS
BiCGstab: Convergence at 20 iterations, L2 relative residual: iterated = 9.889449e-10, true = 9.889449e-10 (requested = 1.000000e-08)
PyQUDA INFO: Time = 0.008 secs, Performance = 219.329 GFLOPS
BiCGstab: Convergence at 19 iterations, L2 relative residual: iterated = 8.594982e-09, true = 8.594982e-09 (requested = 1.000000e-08)
PyQUDA INFO: Time = 0.007 secs, Performance = 224.411 GFLOPS
BiCGstab: Convergence at 18 iterations, L2 relative residual: iterated = 7.618023e-09, true = 7.618023e-09 (requested = 1.000000e-08)
PyQUDA INFO: Time = 0.008 secs, Performance = 204.726 GFLOPS
BiCGstab: Convergence at 19 iterations, L2 relative residual: iterated = 4.274954e-09, true = 4.274954e-09 (requested = 1.000000e-08)
PyQUDA INFO: Time = 0.008 secs, Performance = 208.780 GFLOPS
BiCGstab: Convergence at 19 iterations, L2 relative residual: iterated = 7.856393e-09, true = 7.856393e-09 (requested = 1.000000e-08)
PyQUDA INFO: Time = 0.007 secs, Performance = 214.854 GFLOPS
BiCGstab: Convergence at 19 iterations, L2 relative residual: iterated = 9.181728e-09, true = 9.181728e-09 (requested = 1.000000e-08)
PyQUDA INFO: Time = 0.007 secs, Performance = 215.227 GFLOPS
BiCGstab: Convergence at 20 iterations, L2 relative residual: iterated = 3.466381e-09, true = 3.466381e-09 (requested = 1.000000e-08)
PyQUDA INFO: Time = 0.008 secs, Performance = 218.986 GFLOPS
BiCGstab: Convergence at 19 iterations, L2 relative residual: iterated = 4.115020e-09, true = 4.115020e-09 (requested = 1.000000e-08)
PyQUDA INFO: Time = 0.007 secs, Performance = 215.170 GFLOPS
BiCGstab: Convergence at 19 iterations, L2 relative residual: iterated = 4.335904e-09, true = 4.335904e-09 (requested = 1.000000e-08)
PyQUDA INFO: Time = 0.007 secs, Performance = 224.028 GFLOPS
BiCGstab: Convergence at 19 iterations, L2 relative residual: iterated = 4.258143e-09, true = 4.258143e-09 (requested = 1.000000e-08)
PyQUDA INFO: Time = 0.007 secs, Performance = 215.921 GFLOPS
BiCGstab: Convergence at 20 iterations, L2 relative residual: iterated = 1.118118e-09, true = 1.118118e-09 (requested = 1.000000e-08)
>>> Contraction type 1 time: 0.001 seconds
>>> Shift time: 0.002 seconds
>>> Contraction type 1 time: 0.001 seconds
>>> Shift time: 0.002 seconds
>>> Contraction type 1 time: 0.001 seconds
>>> Shift time: 0.002 seconds
>>> Contraction type 1 time: 0.001 seconds
>>> Shift time: 0.002 seconds
>>> Contraction type 1 time: 0.001 seconds
>>> Shift time: 0.002 seconds
>>> Contraction type 1 time: 0.001 seconds
>>> Shift time: 0.002 seconds
>>> Contraction type 1 time: 0.001 seconds
>>> Shift time: 0.002 seconds
>>> Contraction type 1 time: 0.001 seconds
>>> Shift time: 0.002 seconds
PyQUDA INFO: Time = 0.008 secs, Performance = 210.902 GFLOPS
BiCGstab: Convergence at 19 iterations, L2 relative residual: iterated = 8.873612e-09, true = 8.873612e-09 (requested = 1.000000e-08)
PyQUDA INFO: Time = 0.007 secs, Performance = 223.361 GFLOPS
BiCGstab: Convergence at 19 iterations, L2 relative residual: iterated = 2.914829e-09, true = 2.914829e-09 (requested = 1.000000e-08)
PyQUDA INFO: Time = 0.007 secs, Performance = 215.892 GFLOPS
BiCGstab: Convergence at 19 iterations, L2 relative residual: iterated = 3.389940e-09, true = 3.389940e-09 (requested = 1.000000e-08)
PyQUDA INFO: Time = 0.007 secs, Performance = 215.892 GFLOPS
BiCGstab: Convergence at 18 iterations, L2 relative residual: iterated = 8.541386e-09, true = 8.541386e-09 (requested = 1.000000e-08)
PyQUDA INFO: Time = 0.007 secs, Performance = 211.617 GFLOPS
BiCGstab: Convergence at 22 iterations, L2 relative residual: iterated = 1.786110e-10, true = 1.786110e-10 (requested = 1.000000e-08)
PyQUDA INFO: Time = 0.008 secs, Performance = 233.241 GFLOPS
BiCGstab: Convergence at 18 iterations, L2 relative residual: iterated = 6.701984e-09, true = 6.701984e-09 (requested = 1.000000e-08)
PyQUDA INFO: Time = 0.007 secs, Performance = 220.903 GFLOPS
BiCGstab: Convergence at 18 iterations, L2 relative residual: iterated = 5.899969e-09, true = 5.899969e-09 (requested = 1.000000e-08)
PyQUDA INFO: Time = 0.007 secs, Performance = 219.198 GFLOPS
BiCGstab: Convergence at 18 iterations, L2 relative residual: iterated = 6.457004e-09, true = 6.457004e-09 (requested = 1.000000e-08)
PyQUDA INFO: Time = 0.007 secs, Performance = 212.612 GFLOPS
BiCGstab: Convergence at 18 iterations, L2 relative residual: iterated = 7.015819e-09, true = 7.015819e-09 (requested = 1.000000e-08)
PyQUDA INFO: Time = 0.007 secs, Performance = 212.172 GFLOPS
BiCGstab: Convergence at 18 iterations, L2 relative residual: iterated = 7.271835e-09, true = 7.271835e-09 (requested = 1.000000e-08)
PyQUDA INFO: Time = 0.007 secs, Performance = 220.547 GFLOPS
BiCGstab: Convergence at 18 iterations, L2 relative residual: iterated = 7.938201e-09, true = 7.938201e-09 (requested = 1.000000e-08)
PyQUDA INFO: Time = 0.007 secs, Performance = 220.708 GFLOPS
BiCGstab: Convergence at 19 iterations, L2 relative residual: iterated = 8.264488e-09, true = 8.264488e-09 (requested = 1.000000e-08)
PyQUDA INFO: Time = 0.007 secs, Performance = 215.141 GFLOPS
BiCGstab: Convergence at 20 iterations, L2 relative residual: iterated = 1.628082e-09, true = 1.628082e-09 (requested = 1.000000e-08)
PyQUDA INFO: Time = 0.007 secs, Performance = 225.695 GFLOPS
BiCGstab: Convergence at 18 iterations, L2 relative residual: iterated = 8.918703e-09, true = 8.918703e-09 (requested = 1.000000e-08)
PyQUDA INFO: Time = 0.007 secs, Performance = 218.873 GFLOPS
BiCGstab: Convergence at 19 iterations, L2 relative residual: iterated = 5.218612e-09, true = 5.218612e-09 (requested = 1.000000e-08)
PyQUDA INFO: Time = 0.007 secs, Performance = 221.692 GFLOPS
BiCGstab: Convergence at 19 iterations, L2 relative residual: iterated = 3.902707e-09, true = 3.902707e-09 (requested = 1.000000e-08)
PyQUDA INFO: Time = 0.007 secs, Performance = 221.906 GFLOPS
BiCGstab: Convergence at 18 iterations, L2 relative residual: iterated = 9.317682e-09, true = 9.317682e-09 (requested = 1.000000e-08)
PyQUDA INFO: Time = 0.007 secs, Performance = 225.165 GFLOPS
BiCGstab: Convergence at 19 iterations, L2 relative residual: iterated = 7.799791e-09, true = 7.799791e-09 (requested = 1.000000e-08)
PyQUDA INFO: Time = 0.007 secs, Performance = 221.692 GFLOPS
BiCGstab: Convergence at 18 iterations, L2 relative residual: iterated = 7.279960e-09, true = 7.279960e-09 (requested = 1.000000e-08)
PyQUDA INFO: Time = 0.007 secs, Performance = 218.873 GFLOPS
BiCGstab: Convergence at 18 iterations, L2 relative residual: iterated = 7.281460e-09, true = 7.281460e-09 (requested = 1.000000e-08)
PyQUDA INFO: Time = 0.007 secs, Performance = 226.487 GFLOPS
BiCGstab: Convergence at 19 iterations, L2 relative residual: iterated = 4.663457e-09, true = 4.663457e-09 (requested = 1.000000e-08)
PyQUDA INFO: Time = 0.007 secs, Performance = 221.845 GFLOPS
BiCGstab: Convergence at 19 iterations, L2 relative residual: iterated = 3.051531e-09, true = 3.051531e-09 (requested = 1.000000e-08)
PyQUDA INFO: Time = 0.007 secs, Performance = 221.875 GFLOPS
BiCGstab: Convergence at 19 iterations, L2 relative residual: iterated = 7.413830e-09, true = 7.413830e-09 (requested = 1.000000e-08)
PyQUDA INFO: Time = 0.007 secs, Performance = 222.059 GFLOPS
BiCGstab: Convergence at 19 iterations, L2 relative residual: iterated = 8.666347e-09, true = 8.666347e-09 (requested = 1.000000e-08)
>>> Contraction type 1 time: 0.001 seconds
>>> Shift time: 0.002 seconds
>>> Contraction type 1 time: 0.001 seconds
>>> Shift time: 0.002 seconds
>>> Contraction type 1 time: 0.001 seconds
>>> Shift time: 0.002 seconds
>>> Contraction type 1 time: 0.001 seconds
>>> Shift time: 0.002 seconds
>>> Contraction type 1 time: 0.001 seconds
>>> Shift time: 0.002 seconds
>>> Contraction type 1 time: 0.001 seconds
>>> Shift time: 0.002 seconds
>>> Contraction type 1 time: 0.001 seconds
>>> Shift time: 0.002 seconds
>>> Contraction type 1 time: 0.001 seconds
>>> Shift time: 0.002 seconds
PyQUDA INFO: Time = 0.007 secs, Performance = 225.988 GFLOPS
BiCGstab: Convergence at 18 iterations, L2 relative residual: iterated = 5.134747e-09, true = 5.134747e-09 (requested = 1.000000e-08)
PyQUDA INFO: Time = 0.007 secs, Performance = 218.842 GFLOPS
BiCGstab: Convergence at 22 iterations, L2 relative residual: iterated = 4.510647e-10, true = 4.510647e-10 (requested = 1.000000e-08)
PyQUDA INFO: Time = 0.008 secs, Performance = 231.182 GFLOPS
BiCGstab: Convergence at 20 iterations, L2 relative residual: iterated = 3.021500e-09, true = 3.021500e-09 (requested = 1.000000e-08)
PyQUDA INFO: Time = 0.007 secs, Performance = 224.849 GFLOPS
BiCGstab: Convergence at 19 iterations, L2 relative residual: iterated = 3.059433e-09, true = 3.059433e-09 (requested = 1.000000e-08)
PyQUDA INFO: Time = 0.007 secs, Performance = 222.120 GFLOPS
BiCGstab: Convergence at 19 iterations, L2 relative residual: iterated = 9.814029e-09, true = 9.814029e-09 (requested = 1.000000e-08)
PyQUDA INFO: Time = 0.007 secs, Performance = 221.417 GFLOPS
BiCGstab: Convergence at 19 iterations, L2 relative residual: iterated = 3.828122e-09, true = 3.828122e-09 (requested = 1.000000e-08)
PyQUDA INFO: Time = 0.007 secs, Performance = 221.539 GFLOPS
BiCGstab: Convergence at 18 iterations, L2 relative residual: iterated = 6.730609e-09, true = 6.730609e-09 (requested = 1.000000e-08)
PyQUDA INFO: Time = 0.007 secs, Performance = 218.624 GFLOPS
BiCGstab: Convergence at 18 iterations, L2 relative residual: iterated = 6.538385e-09, true = 6.538385e-09 (requested = 1.000000e-08)
PyQUDA INFO: Time = 0.007 secs, Performance = 218.314 GFLOPS
BiCGstab: Convergence at 18 iterations, L2 relative residual: iterated = 4.488008e-09, true = 4.488008e-09 (requested = 1.000000e-08)
PyQUDA INFO: Time = 0.007 secs, Performance = 219.091 GFLOPS
BiCGstab: Convergence at 18 iterations, L2 relative residual: iterated = 7.736104e-09, true = 7.736104e-09 (requested = 1.000000e-08)
PyQUDA INFO: Time = 0.007 secs, Performance = 211.220 GFLOPS
BiCGstab: Convergence at 18 iterations, L2 relative residual: iterated = 5.608804e-09, true = 5.608804e-09 (requested = 1.000000e-08)
PyQUDA INFO: Time = 0.007 secs, Performance = 218.624 GFLOPS
BiCGstab: Convergence at 18 iterations, L2 relative residual: iterated = 9.457430e-09, true = 9.457430e-09 (requested = 1.000000e-08)
PyQUDA INFO: Time = 0.007 secs, Performance = 213.872 GFLOPS
BiCGstab: Convergence at 18 iterations, L2 relative residual: iterated = 8.230843e-09, true = 8.230843e-09 (requested = 1.000000e-08)
PyQUDA INFO: Time = 0.007 secs, Performance = 219.341 GFLOPS
BiCGstab: Convergence at 19 iterations, L2 relative residual: iterated = 3.486096e-09, true = 3.486096e-09 (requested = 1.000000e-08)
PyQUDA INFO: Time = 0.007 secs, Performance = 222.612 GFLOPS
BiCGstab: Convergence at 19 iterations, L2 relative residual: iterated = 3.667389e-09, true = 3.667389e-09 (requested = 1.000000e-08)
PyQUDA INFO: Time = 0.007 secs, Performance = 221.937 GFLOPS
BiCGstab: Convergence at 19 iterations, L2 relative residual: iterated = 7.207459e-09, true = 7.207459e-09 (requested = 1.000000e-08)
PyQUDA INFO: Time = 0.007 secs, Performance = 221.722 GFLOPS
BiCGstab: Convergence at 19 iterations, L2 relative residual: iterated = 2.497199e-09, true = 2.497199e-09 (requested = 1.000000e-08)
PyQUDA INFO: Time = 0.007 secs, Performance = 230.315 GFLOPS
BiCGstab: Convergence at 19 iterations, L2 relative residual: iterated = 2.235232e-09, true = 2.235232e-09 (requested = 1.000000e-08)
PyQUDA INFO: Time = 0.007 secs, Performance = 222.304 GFLOPS
BiCGstab: Convergence at 18 iterations, L2 relative residual: iterated = 6.569878e-09, true = 6.569878e-09 (requested = 1.000000e-08)
PyQUDA INFO: Time = 0.007 secs, Performance = 219.154 GFLOPS
BiCGstab: Convergence at 18 iterations, L2 relative residual: iterated = 7.296147e-09, true = 7.296147e-09 (requested = 1.000000e-08)
PyQUDA INFO: Time = 0.007 secs, Performance = 225.064 GFLOPS
BiCGstab: Convergence at 18 iterations, L2 relative residual: iterated = 7.850942e-09, true = 7.850942e-09 (requested = 1.000000e-08)
PyQUDA INFO: Time = 0.007 secs, Performance = 218.562 GFLOPS
BiCGstab: Convergence at 18 iterations, L2 relative residual: iterated = 4.811785e-09, true = 4.811785e-09 (requested = 1.000000e-08)
PyQUDA INFO: Time = 0.007 secs, Performance = 226.862 GFLOPS
BiCGstab: Convergence at 18 iterations, L2 relative residual: iterated = 9.150127e-09, true = 9.150127e-09 (requested = 1.000000e-08)
PyQUDA INFO: Time = 0.007 secs, Performance = 226.555 GFLOPS
BiCGstab: Convergence at 17 iterations, L2 relative residual: iterated = 8.227549e-09, true = 8.227549e-09 (requested = 1.000000e-08)
>>> Contraction type 1 time: 0.001 seconds
>>> Shift time: 0.002 seconds
>>> Contraction type 1 time: 0.001 seconds
>>> Shift time: 0.002 seconds
>>> Contraction type 1 time: 0.001 seconds
>>> Shift time: 0.002 seconds
>>> Contraction type 1 time: 0.001 seconds
>>> Shift time: 0.002 seconds
>>> Contraction type 1 time: 0.001 seconds
>>> Shift time: 0.002 seconds
>>> Contraction type 1 time: 0.001 seconds
>>> Shift time: 0.002 seconds
>>> Contraction type 1 time: 0.001 seconds
>>> Shift time: 0.002 seconds
>>> Contraction type 1 time: 0.001 seconds
>>> Shift time: 0.002 seconds
PyQUDA INFO: Time = 0.007 secs, Performance = 218.198 GFLOPS
BiCGstab: Convergence at 17 iterations, L2 relative residual: iterated = 9.335660e-09, true = 9.335660e-09 (requested = 1.000000e-08)
PyQUDA INFO: Time = 0.007 secs, Performance = 215.547 GFLOPS
BiCGstab: Convergence at 19 iterations, L2 relative residual: iterated = 1.814954e-09, true = 1.814954e-09 (requested = 1.000000e-08)
PyQUDA INFO: Time = 0.007 secs, Performance = 222.212 GFLOPS
BiCGstab: Convergence at 18 iterations, L2 relative residual: iterated = 6.211130e-09, true = 6.211130e-09 (requested = 1.000000e-08)
PyQUDA INFO: Time = 0.007 secs, Performance = 218.624 GFLOPS
BiCGstab: Convergence at 18 iterations, L2 relative residual: iterated = 8.207910e-09, true = 8.207910e-09 (requested = 1.000000e-08)
PyQUDA INFO: Time = 0.007 secs, Performance = 226.862 GFLOPS
BiCGstab: Convergence at 18 iterations, L2 relative residual: iterated = 3.999796e-09, true = 3.999796e-09 (requested = 1.000000e-08)
PyQUDA INFO: Time = 0.007 secs, Performance = 226.521 GFLOPS
BiCGstab: Convergence at 18 iterations, L2 relative residual: iterated = 5.854741e-09, true = 5.854741e-09 (requested = 1.000000e-08)
PyQUDA INFO: Time = 0.007 secs, Performance = 218.159 GFLOPS
BiCGstab: Convergence at 18 iterations, L2 relative residual: iterated = 3.950186e-09, true = 3.950186e-09 (requested = 1.000000e-08)
PyQUDA INFO: Time = 0.007 secs, Performance = 218.531 GFLOPS
BiCGstab: Convergence at 18 iterations, L2 relative residual: iterated = 6.532317e-09, true = 6.532317e-09 (requested = 1.000000e-08)
PyQUDA INFO: Time = 0.007 secs, Performance = 218.966 GFLOPS
BiCGstab: Convergence at 19 iterations, L2 relative residual: iterated = 2.203298e-09, true = 2.203298e-09 (requested = 1.000000e-08)
PyQUDA INFO: Time = 0.006 secs, Performance = 239.124 GFLOPS
BiCGstab: Convergence at 18 iterations, L2 relative residual: iterated = 5.627568e-09, true = 5.627568e-09 (requested = 1.000000e-08)
PyQUDA INFO: Time = 0.007 secs, Performance = 219.122 GFLOPS
BiCGstab: Convergence at 18 iterations, L2 relative residual: iterated = 5.292515e-09, true = 5.292515e-09 (requested = 1.000000e-08)
PyQUDA INFO: Time = 0.007 secs, Performance = 226.521 GFLOPS
BiCGstab: Convergence at 18 iterations, L2 relative residual: iterated = 6.917587e-09, true = 6.917587e-09 (requested = 1.000000e-08)
PyQUDA INFO: Time = 0.007 secs, Performance = 211.472 GFLOPS
BiCGstab: Convergence at 18 iterations, L2 relative residual: iterated = 5.335633e-09, true = 5.335633e-09 (requested = 1.000000e-08)
PyQUDA INFO: Time = 0.007 secs, Performance = 227.102 GFLOPS
BiCGstab: Convergence at 18 iterations, L2 relative residual: iterated = 4.985838e-09, true = 4.985838e-09 (requested = 1.000000e-08)
PyQUDA INFO: Time = 0.007 secs, Performance = 218.998 GFLOPS
BiCGstab: Convergence at 19 iterations, L2 relative residual: iterated = 3.985214e-09, true = 3.985214e-09 (requested = 1.000000e-08)
PyQUDA INFO: Time = 0.007 secs, Performance = 221.631 GFLOPS
BiCGstab: Convergence at 18 iterations, L2 relative residual: iterated = 5.952357e-09, true = 5.952357e-09 (requested = 1.000000e-08)
PyQUDA INFO: Time = 0.007 secs, Performance = 218.780 GFLOPS
BiCGstab: Convergence at 19 iterations, L2 relative residual: iterated = 3.355370e-09, true = 3.355370e-09 (requested = 1.000000e-08)
PyQUDA INFO: Time = 0.007 secs, Performance = 221.998 GFLOPS
BiCGstab: Convergence at 19 iterations, L2 relative residual: iterated = 5.184182e-09, true = 5.184182e-09 (requested = 1.000000e-08)
PyQUDA INFO: Time = 0.007 secs, Performance = 229.979 GFLOPS
BiCGstab: Convergence at 18 iterations, L2 relative residual: iterated = 9.513361e-09, true = 9.513361e-09 (requested = 1.000000e-08)
PyQUDA INFO: Time = 0.007 secs, Performance = 217.296 GFLOPS
BiCGstab: Convergence at 19 iterations, L2 relative residual: iterated = 3.452713e-09, true = 3.452713e-09 (requested = 1.000000e-08)
PyQUDA INFO: Time = 0.008 secs, Performance = 214.703 GFLOPS
BiCGstab: Convergence at 20 iterations, L2 relative residual: iterated = 1.415406e-09, true = 1.415406e-09 (requested = 1.000000e-08)
PyQUDA INFO: Time = 0.007 secs, Performance = 225.301 GFLOPS
BiCGstab: Convergence at 18 iterations, L2 relative residual: iterated = 6.787852e-09, true = 6.787852e-09 (requested = 1.000000e-08)
PyQUDA INFO: Time = 0.007 secs, Performance = 217.542 GFLOPS
BiCGstab: Convergence at 18 iterations, L2 relative residual: iterated = 5.813552e-09, true = 5.813552e-09 (requested = 1.000000e-08)
PyQUDA INFO: Time = 0.007 secs, Performance = 218.748 GFLOPS
BiCGstab: Convergence at 20 iterations, L2 relative residual: iterated = 1.422206e-09, true = 1.422206e-09 (requested = 1.000000e-08)
>>> Contraction type 1 time: 0.001 seconds
>>> Shift time: 0.002 seconds
>>> Contraction type 1 time: 0.001 seconds
>>> Shift time: 0.002 seconds
>>> Contraction type 1 time: 0.001 seconds
>>> Shift time: 0.002 seconds
>>> Contraction type 1 time: 0.001 seconds
>>> Shift time: 0.002 seconds
>>> Contraction type 1 time: 0.001 seconds
>>> Shift time: 0.002 seconds
>>> Contraction type 1 time: 0.001 seconds
>>> Shift time: 0.002 seconds
>>> Contraction type 1 time: 0.001 seconds
>>> Shift time: 0.002 seconds
>>> Contraction type 1 time: 0.001 seconds
>>> Shift time: 0.002 seconds
PyQUDA INFO: Time = 0.008 secs, Performance = 221.791 GFLOPS
BiCGstab: Convergence at 19 iterations, L2 relative residual: iterated = 9.801136e-09, true = 9.801136e-09 (requested = 1.000000e-08)
PyQUDA INFO: Time = 0.007 secs, Performance = 223.013 GFLOPS
BiCGstab: Convergence at 19 iterations, L2 relative residual: iterated = 9.575485e-09, true = 9.575485e-09 (requested = 1.000000e-08)
PyQUDA INFO: Time = 0.007 secs, Performance = 222.859 GFLOPS
BiCGstab: Convergence at 18 iterations, L2 relative residual: iterated = 5.908326e-09, true = 5.908326e-09 (requested = 1.000000e-08)
PyQUDA INFO: Time = 0.007 secs, Performance = 218.190 GFLOPS
BiCGstab: Convergence at 19 iterations, L2 relative residual: iterated = 6.770386e-09, true = 6.770386e-09 (requested = 1.000000e-08)
PyQUDA INFO: Time = 0.007 secs, Performance = 221.967 GFLOPS
BiCGstab: Convergence at 19 iterations, L2 relative residual: iterated = 2.665424e-09, true = 2.665424e-09 (requested = 1.000000e-08)
PyQUDA INFO: Time = 0.007 secs, Performance = 221.692 GFLOPS
BiCGstab: Convergence at 18 iterations, L2 relative residual: iterated = 5.201730e-09, true = 5.201730e-09 (requested = 1.000000e-08)
PyQUDA INFO: Time = 0.007 secs, Performance = 226.385 GFLOPS
BiCGstab: Convergence at 19 iterations, L2 relative residual: iterated = 1.752212e-09, true = 1.752212e-09 (requested = 1.000000e-08)
PyQUDA INFO: Time = 0.007 secs, Performance = 227.949 GFLOPS
BiCGstab: Convergence at 19 iterations, L2 relative residual: iterated = 4.625637e-09, true = 4.625637e-09 (requested = 1.000000e-08)
PyQUDA INFO: Time = 0.008 secs, Performance = 214.872 GFLOPS
BiCGstab: Convergence at 19 iterations, L2 relative residual: iterated = 5.866549e-09, true = 5.866549e-09 (requested = 1.000000e-08)
PyQUDA INFO: Time = 0.008 secs, Performance = 215.464 GFLOPS
BiCGstab: Convergence at 20 iterations, L2 relative residual: iterated = 4.185012e-09, true = 4.185012e-09 (requested = 1.000000e-08)
PyQUDA INFO: Time = 0.007 secs, Performance = 224.669 GFLOPS
BiCGstab: Convergence at 19 iterations, L2 relative residual: iterated = 7.327020e-09, true = 7.327020e-09 (requested = 1.000000e-08)
PyQUDA INFO: Time = 0.007 secs, Performance = 221.845 GFLOPS
BiCGstab: Convergence at 18 iterations, L2 relative residual: iterated = 6.026561e-09, true = 6.026561e-09 (requested = 1.000000e-08)
PyQUDA INFO: Time = 0.007 secs, Performance = 205.621 GFLOPS
BiCGstab: Convergence at 19 iterations, L2 relative residual: iterated = 2.781058e-09, true = 2.781058e-09 (requested = 1.000000e-08)
PyQUDA INFO: Time = 0.008 secs, Performance = 213.627 GFLOPS
BiCGstab: Convergence at 20 iterations, L2 relative residual: iterated = 3.804556e-09, true = 3.804556e-09 (requested = 1.000000e-08)
PyQUDA INFO: Time = 0.008 secs, Performance = 219.272 GFLOPS
BiCGstab: Convergence at 18 iterations, L2 relative residual: iterated = 7.045832e-09, true = 7.045832e-09 (requested = 1.000000e-08)
PyQUDA INFO: Time = 0.007 secs, Performance = 212.055 GFLOPS
BiCGstab: Convergence at 19 iterations, L2 relative residual: iterated = 5.075284e-09, true = 5.075284e-09 (requested = 1.000000e-08)
PyQUDA INFO: Time = 0.009 secs, Performance = 178.941 GFLOPS
BiCGstab: Convergence at 19 iterations, L2 relative residual: iterated = 3.505625e-09, true = 3.505625e-09 (requested = 1.000000e-08)
PyQUDA INFO: Time = 0.007 secs, Performance = 215.805 GFLOPS
BiCGstab: Convergence at 18 iterations, L2 relative residual: iterated = 6.237698e-09, true = 6.237698e-09 (requested = 1.000000e-08)
PyQUDA INFO: Time = 0.007 secs, Performance = 211.909 GFLOPS
BiCGstab: Convergence at 18 iterations, L2 relative residual: iterated = 7.449249e-09, true = 7.449249e-09 (requested = 1.000000e-08)
PyQUDA INFO: Time = 0.007 secs, Performance = 210.892 GFLOPS
BiCGstab: Convergence at 20 iterations, L2 relative residual: iterated = 4.259156e-09, true = 4.259156e-09 (requested = 1.000000e-08)
PyQUDA INFO: Time = 0.008 secs, Performance = 218.274 GFLOPS
BiCGstab: Convergence at 19 iterations, L2 relative residual: iterated = 6.400138e-09, true = 6.400138e-09 (requested = 1.000000e-08)
PyQUDA INFO: Time = 0.007 secs, Performance = 215.863 GFLOPS
BiCGstab: Convergence at 19 iterations, L2 relative residual: iterated = 8.406052e-09, true = 8.406052e-09 (requested = 1.000000e-08)
PyQUDA INFO: Time = 0.007 secs, Performance = 215.170 GFLOPS
BiCGstab: Convergence at 18 iterations, L2 relative residual: iterated = 7.571345e-09, true = 7.571345e-09 (requested = 1.000000e-08)
PyQUDA INFO: Time = 0.007 secs, Performance = 212.377 GFLOPS
BiCGstab: Convergence at 19 iterations, L2 relative residual: iterated = 9.214726e-09, true = 9.214726e-09 (requested = 1.000000e-08)
>>> Contraction type 1 time: 0.001 seconds
>>> Shift time: 0.002 seconds
>>> Contraction type 1 time: 0.001 seconds
>>> Shift time: 0.002 seconds
>>> Contraction type 1 time: 0.001 seconds
>>> Shift time: 0.002 seconds
>>> Contraction type 1 time: 0.001 seconds
>>> Shift time: 0.002 seconds
>>> Contraction type 1 time: 0.001 seconds
>>> Shift time: 0.002 seconds
>>> Contraction type 1 time: 0.001 seconds
>>> Shift time: 0.002 seconds
>>> Contraction type 1 time: 0.001 seconds
>>> Shift time: 0.002 seconds
>>> Contraction type 1 time: 0.001 seconds
>>> Shift time: 0.002 seconds
PyQUDA INFO: Time = 0.008 secs, Performance = 209.374 GFLOPS
BiCGstab: Convergence at 19 iterations, L2 relative residual: iterated = 5.502127e-09, true = 5.502127e-09 (requested = 1.000000e-08)
PyQUDA INFO: Time = 0.007 secs, Performance = 215.689 GFLOPS
BiCGstab: Convergence at 18 iterations, L2 relative residual: iterated = 8.693851e-09, true = 8.693851e-09 (requested = 1.000000e-08)
PyQUDA INFO: Time = 0.007 secs, Performance = 211.996 GFLOPS
BiCGstab: Convergence at 18 iterations, L2 relative residual: iterated = 8.065889e-09, true = 8.065889e-09 (requested = 1.000000e-08)
PyQUDA INFO: Time = 0.007 secs, Performance = 212.494 GFLOPS
BiCGstab: Convergence at 19 iterations, L2 relative residual: iterated = 4.613960e-09, true = 4.613960e-09 (requested = 1.000000e-08)
PyQUDA INFO: Time = 0.007 secs, Performance = 223.964 GFLOPS
BiCGstab: Convergence at 19 iterations, L2 relative residual: iterated = 2.222695e-09, true = 2.222695e-09 (requested = 1.000000e-08)
PyQUDA INFO: Time = 0.007 secs, Performance = 215.892 GFLOPS
BiCGstab: Convergence at 19 iterations, L2 relative residual: iterated = 4.660902e-09, true = 4.660902e-09 (requested = 1.000000e-08)
PyQUDA INFO: Time = 0.007 secs, Performance = 215.141 GFLOPS
BiCGstab: Convergence at 19 iterations, L2 relative residual: iterated = 1.788893e-09, true = 1.788893e-09 (requested = 1.000000e-08)
PyQUDA INFO: Time = 0.007 secs, Performance = 224.923 GFLOPS
BiCGstab: Convergence at 20 iterations, L2 relative residual: iterated = 1.400397e-09, true = 1.400397e-09 (requested = 1.000000e-08)
PyQUDA INFO: Time = 0.008 secs, Performance = 219.501 GFLOPS
BiCGstab: Convergence at 18 iterations, L2 relative residual: iterated = 7.061135e-09, true = 7.061135e-09 (requested = 1.000000e-08)
PyQUDA INFO: Time = 0.007 secs, Performance = 212.553 GFLOPS
BiCGstab: Convergence at 18 iterations, L2 relative residual: iterated = 7.343693e-09, true = 7.343693e-09 (requested = 1.000000e-08)
PyQUDA INFO: Time = 0.007 secs, Performance = 211.880 GFLOPS
BiCGstab: Convergence at 19 iterations, L2 relative residual: iterated = 3.067925e-09, true = 3.067925e-09 (requested = 1.000000e-08)
PyQUDA INFO: Time = 0.007 secs, Performance = 224.092 GFLOPS
BiCGstab: Convergence at 19 iterations, L2 relative residual: iterated = 4.565891e-09, true = 4.565891e-09 (requested = 1.000000e-08)
PyQUDA INFO: Time = 0.007 secs, Performance = 215.747 GFLOPS
BiCGstab: Convergence at 18 iterations, L2 relative residual: iterated = 8.627751e-09, true = 8.627751e-09 (requested = 1.000000e-08)
PyQUDA INFO: Time = 0.007 secs, Performance = 219.278 GFLOPS
BiCGstab: Convergence at 19 iterations, L2 relative residual: iterated = 9.111139e-09, true = 9.111139e-09 (requested = 1.000000e-08)
PyQUDA INFO: Time = 0.007 secs, Performance = 230.281 GFLOPS
BiCGstab: Convergence at 19 iterations, L2 relative residual: iterated = 6.173595e-09, true = 6.173595e-09 (requested = 1.000000e-08)
PyQUDA INFO: Time = 0.007 secs, Performance = 221.478 GFLOPS
BiCGstab: Convergence at 19 iterations, L2 relative residual: iterated = 5.967953e-09, true = 5.967953e-09 (requested = 1.000000e-08)
PyQUDA INFO: Time = 0.007 secs, Performance = 221.692 GFLOPS
BiCGstab: Convergence at 18 iterations, L2 relative residual: iterated = 6.853377e-09, true = 6.853377e-09 (requested = 1.000000e-08)
PyQUDA INFO: Time = 0.007 secs, Performance = 227.376 GFLOPS
BiCGstab: Convergence at 20 iterations, L2 relative residual: iterated = 3.263890e-09, true = 3.263890e-09 (requested = 1.000000e-08)
PyQUDA INFO: Time = 0.007 secs, Performance = 225.150 GFLOPS
BiCGstab: Convergence at 18 iterations, L2 relative residual: iterated = 6.983423e-09, true = 6.983423e-09 (requested = 1.000000e-08)
PyQUDA INFO: Time = 0.007 secs, Performance = 218.748 GFLOPS
BiCGstab: Convergence at 18 iterations, L2 relative residual: iterated = 7.390073e-09, true = 7.390073e-09 (requested = 1.000000e-08)
PyQUDA INFO: Time = 0.007 secs, Performance = 218.531 GFLOPS
BiCGstab: Convergence at 19 iterations, L2 relative residual: iterated = 7.750901e-09, true = 7.750901e-09 (requested = 1.000000e-08)
PyQUDA INFO: Time = 0.007 secs, Performance = 229.443 GFLOPS
BiCGstab: Convergence at 19 iterations, L2 relative residual: iterated = 5.146880e-09, true = 5.146880e-09 (requested = 1.000000e-08)
PyQUDA INFO: Time = 0.007 secs, Performance = 221.814 GFLOPS
BiCGstab: Convergence at 19 iterations, L2 relative residual: iterated = 4.922670e-09, true = 4.922670e-09 (requested = 1.000000e-08)
PyQUDA INFO: Time = 0.007 secs, Performance = 221.875 GFLOPS
BiCGstab: Convergence at 19 iterations, L2 relative residual: iterated = 4.077171e-09, true = 4.077171e-09 (requested = 1.000000e-08)
>>> Contraction type 1 time: 0.001 seconds
>>> Shift time: 0.002 seconds
>>> Contraction type 1 time: 0.001 seconds
>>> Shift time: 0.002 seconds
>>> Contraction type 1 time: 0.001 seconds
>>> Shift time: 0.002 seconds
>>> Contraction type 1 time: 0.001 seconds
>>> Shift time: 0.002 seconds
>>> Contraction type 1 time: 0.001 seconds
>>> Shift time: 0.002 seconds
>>> Contraction type 1 time: 0.001 seconds
>>> Shift time: 0.002 seconds
>>> Contraction type 1 time: 0.001 seconds
>>> Shift time: 0.002 seconds
>>> Contraction type 1 time: 0.001 seconds
>>> Shift time: 0.002 seconds
PyQUDA INFO: Time = 0.007 secs, Performance = 231.446 GFLOPS
BiCGstab: Convergence at 18 iterations, L2 relative residual: iterated = 5.465094e-09, true = 5.465094e-09 (requested = 1.000000e-08)
PyQUDA INFO: Time = 0.007 secs, Performance = 227.342 GFLOPS
BiCGstab: Convergence at 19 iterations, L2 relative residual: iterated = 4.791790e-09, true = 4.791790e-09 (requested = 1.000000e-08)
PyQUDA INFO: Time = 0.007 secs, Performance = 222.581 GFLOPS
BiCGstab: Convergence at 18 iterations, L2 relative residual: iterated = 4.785824e-09, true = 4.785824e-09 (requested = 1.000000e-08)
PyQUDA INFO: Time = 0.007 secs, Performance = 218.717 GFLOPS
BiCGstab: Convergence at 18 iterations, L2 relative residual: iterated = 5.105559e-09, true = 5.105559e-09 (requested = 1.000000e-08)
PyQUDA INFO: Time = 0.007 secs, Performance = 219.091 GFLOPS
BiCGstab: Convergence at 19 iterations, L2 relative residual: iterated = 3.098278e-09, true = 3.098278e-09 (requested = 1.000000e-08)
PyQUDA INFO: Time = 0.007 secs, Performance = 220.296 GFLOPS
BiCGstab: Convergence at 18 iterations, L2 relative residual: iterated = 5.388975e-09, true = 5.388975e-09 (requested = 1.000000e-08)
PyQUDA INFO: Time = 0.007 secs, Performance = 226.248 GFLOPS
BiCGstab: Convergence at 19 iterations, L2 relative residual: iterated = 4.218021e-09, true = 4.218021e-09 (requested = 1.000000e-08)
PyQUDA INFO: Time = 0.007 secs, Performance = 222.090 GFLOPS
BiCGstab: Convergence at 19 iterations, L2 relative residual: iterated = 8.340924e-09, true = 8.340924e-09 (requested = 1.000000e-08)
PyQUDA INFO: Time = 0.007 secs, Performance = 229.844 GFLOPS
BiCGstab: Convergence at 20 iterations, L2 relative residual: iterated = 3.015328e-09, true = 3.015328e-09 (requested = 1.000000e-08)
PyQUDA INFO: Time = 0.007 secs, Performance = 233.134 GFLOPS
BiCGstab: Convergence at 18 iterations, L2 relative residual: iterated = 7.651689e-09, true = 7.651689e-09 (requested = 1.000000e-08)
PyQUDA INFO: Time = 0.007 secs, Performance = 219.185 GFLOPS
BiCGstab: Convergence at 18 iterations, L2 relative residual: iterated = 8.604950e-09, true = 8.604950e-09 (requested = 1.000000e-08)
PyQUDA INFO: Time = 0.007 secs, Performance = 218.842 GFLOPS
BiCGstab: Convergence at 19 iterations, L2 relative residual: iterated = 6.474374e-09, true = 6.474374e-09 (requested = 1.000000e-08)
PyQUDA INFO: Time = 0.007 secs, Performance = 215.199 GFLOPS
BiCGstab: Convergence at 18 iterations, L2 relative residual: iterated = 9.139206e-09, true = 9.139206e-09 (requested = 1.000000e-08)
PyQUDA INFO: Time = 0.007 secs, Performance = 219.466 GFLOPS
BiCGstab: Convergence at 19 iterations, L2 relative residual: iterated = 2.063087e-09, true = 2.063087e-09 (requested = 1.000000e-08)
PyQUDA INFO: Time = 0.007 secs, Performance = 221.814 GFLOPS
BiCGstab: Convergence at 18 iterations, L2 relative residual: iterated = 4.259455e-09, true = 4.259455e-09 (requested = 1.000000e-08)
PyQUDA INFO: Time = 0.007 secs, Performance = 219.029 GFLOPS
BiCGstab: Convergence at 20 iterations, L2 relative residual: iterated = 4.012301e-09, true = 4.012301e-09 (requested = 1.000000e-08)
PyQUDA INFO: Time = 0.007 secs, Performance = 225.392 GFLOPS
BiCGstab: Convergence at 18 iterations, L2 relative residual: iterated = 8.085001e-09, true = 8.085001e-09 (requested = 1.000000e-08)
PyQUDA INFO: Time = 0.007 secs, Performance = 206.200 GFLOPS
BiCGstab: Convergence at 19 iterations, L2 relative residual: iterated = 5.725915e-09, true = 5.725915e-09 (requested = 1.000000e-08)
PyQUDA INFO: Time = 0.007 secs, Performance = 220.810 GFLOPS
BiCGstab: Convergence at 18 iterations, L2 relative residual: iterated = 7.252695e-09, true = 7.252695e-09 (requested = 1.000000e-08)
PyQUDA INFO: Time = 0.007 secs, Performance = 219.029 GFLOPS
BiCGstab: Convergence at 18 iterations, L2 relative residual: iterated = 7.531623e-09, true = 7.531623e-09 (requested = 1.000000e-08)
PyQUDA INFO: Time = 0.007 secs, Performance = 218.655 GFLOPS
BiCGstab: Convergence at 19 iterations, L2 relative residual: iterated = 6.704310e-09, true = 6.704310e-09 (requested = 1.000000e-08)
PyQUDA INFO: Time = 0.008 secs, Performance = 214.928 GFLOPS
BiCGstab: Convergence at 18 iterations, L2 relative residual: iterated = 9.833785e-09, true = 9.833785e-09 (requested = 1.000000e-08)
PyQUDA INFO: Time = 0.007 secs, Performance = 226.385 GFLOPS
BiCGstab: Convergence at 18 iterations, L2 relative residual: iterated = 7.393508e-09, true = 7.393508e-09 (requested = 1.000000e-08)
PyQUDA INFO: Time = 0.007 secs, Performance = 218.904 GFLOPS
BiCGstab: Convergence at 18 iterations, L2 relative residual: iterated = 8.440804e-09, true = 8.440804e-09 (requested = 1.000000e-08)
>>> Contraction type 1 time: 0.001 seconds
>>> Shift time: 0.002 seconds
>>> Contraction type 1 time: 0.001 seconds
>>> Shift time: 0.002 seconds
>>> Contraction type 1 time: 0.001 seconds
>>> Shift time: 0.002 seconds
>>> Contraction type 1 time: 0.001 seconds
>>> Shift time: 0.002 seconds
>>> Contraction type 1 time: 0.001 seconds
>>> Shift time: 0.002 seconds
>>> Contraction type 1 time: 0.001 seconds
>>> Shift time: 0.002 seconds
>>> Contraction type 1 time: 0.001 seconds
>>> Shift time: 0.002 seconds
>>> Contraction type 1 time: 0.001 seconds
>>> Shift time: 0.002 seconds
PyQUDA INFO: Time = 0.007 secs, Performance = 215.199 GFLOPS
BiCGstab: Convergence at 18 iterations, L2 relative residual: iterated = 3.920797e-09, true = 3.920797e-09 (requested = 1.000000e-08)
PyQUDA INFO: Time = 0.007 secs, Performance = 226.214 GFLOPS
BiCGstab: Convergence at 18 iterations, L2 relative residual: iterated = 4.696669e-09, true = 4.696669e-09 (requested = 1.000000e-08)
PyQUDA INFO: Time = 0.007 secs, Performance = 218.904 GFLOPS
BiCGstab: Convergence at 18 iterations, L2 relative residual: iterated = 9.567691e-09, true = 9.567691e-09 (requested = 1.000000e-08)
PyQUDA INFO: Time = 0.007 secs, Performance = 226.214 GFLOPS
BiCGstab: Convergence at 18 iterations, L2 relative residual: iterated = 3.410801e-09, true = 3.410801e-09 (requested = 1.000000e-08)
PyQUDA INFO: Time = 0.007 secs, Performance = 226.180 GFLOPS
BiCGstab: Convergence at 19 iterations, L2 relative residual: iterated = 1.846075e-09, true = 1.846075e-09 (requested = 1.000000e-08)
PyQUDA INFO: Time = 0.007 secs, Performance = 222.890 GFLOPS
BiCGstab: Convergence at 20 iterations, L2 relative residual: iterated = 4.942869e-09, true = 4.942869e-09 (requested = 1.000000e-08)
PyQUDA INFO: Time = 0.007 secs, Performance = 225.120 GFLOPS
BiCGstab: Convergence at 18 iterations, L2 relative residual: iterated = 4.723052e-09, true = 4.723052e-09 (requested = 1.000000e-08)
PyQUDA INFO: Time = 0.007 secs, Performance = 227.068 GFLOPS
BiCGstab: Convergence at 19 iterations, L2 relative residual: iterated = 4.399503e-09, true = 4.399503e-09 (requested = 1.000000e-08)
PyQUDA INFO: Time = 0.007 secs, Performance = 220.658 GFLOPS
BiCGstab: Convergence at 18 iterations, L2 relative residual: iterated = 6.220647e-09, true = 6.220647e-09 (requested = 1.000000e-08)
PyQUDA INFO: Time = 0.007 secs, Performance = 218.780 GFLOPS
BiCGstab: Convergence at 18 iterations, L2 relative residual: iterated = 5.246585e-09, true = 5.246585e-09 (requested = 1.000000e-08)
PyQUDA INFO: Time = 0.007 secs, Performance = 218.283 GFLOPS
BiCGstab: Convergence at 19 iterations, L2 relative residual: iterated = 2.217968e-09, true = 2.217968e-09 (requested = 1.000000e-08)
PyQUDA INFO: Time = 0.007 secs, Performance = 221.661 GFLOPS
BiCGstab: Convergence at 18 iterations, L2 relative residual: iterated = 4.629984e-09, true = 4.629984e-09 (requested = 1.000000e-08)
PyQUDA INFO: Time = 0.007 secs, Performance = 211.443 GFLOPS
BiCGstab: Convergence at 19 iterations, L2 relative residual: iterated = 4.597435e-09, true = 4.597435e-09 (requested = 1.000000e-08)
PyQUDA INFO: Time = 0.007 secs, Performance = 222.890 GFLOPS
BiCGstab: Convergence at 19 iterations, L2 relative residual: iterated = 3.681539e-09, true = 3.681539e-09 (requested = 1.000000e-08)
PyQUDA INFO: Time = 0.007 secs, Performance = 222.151 GFLOPS
BiCGstab: Convergence at 18 iterations, L2 relative residual: iterated = 7.271700e-09, true = 7.271700e-09 (requested = 1.000000e-08)
PyQUDA INFO: Time = 0.007 secs, Performance = 219.029 GFLOPS
BiCGstab: Convergence at 19 iterations, L2 relative residual: iterated = 3.737909e-09, true = 3.737909e-09 (requested = 1.000000e-08)
PyQUDA INFO: Time = 0.008 secs, Performance = 215.125 GFLOPS
BiCGstab: Convergence at 18 iterations, L2 relative residual: iterated = 8.766062e-09, true = 8.766062e-09 (requested = 1.000000e-08)
PyQUDA INFO: Time = 0.007 secs, Performance = 219.091 GFLOPS
BiCGstab: Convergence at 19 iterations, L2 relative residual: iterated = 2.099435e-09, true = 2.099435e-09 (requested = 1.000000e-08)
PyQUDA INFO: Time = 0.007 secs, Performance = 222.212 GFLOPS
BiCGstab: Convergence at 18 iterations, L2 relative residual: iterated = 4.556206e-09, true = 4.556206e-09 (requested = 1.000000e-08)
PyQUDA INFO: Time = 0.007 secs, Performance = 212.246 GFLOPS
BiCGstab: Convergence at 18 iterations, L2 relative residual: iterated = 8.586462e-09, true = 8.586462e-09 (requested = 1.000000e-08)
PyQUDA INFO: Time = 0.007 secs, Performance = 226.214 GFLOPS
BiCGstab: Convergence at 18 iterations, L2 relative residual: iterated = 7.094469e-09, true = 7.094469e-09 (requested = 1.000000e-08)
PyQUDA INFO: Time = 0.007 secs, Performance = 218.842 GFLOPS
BiCGstab: Convergence at 19 iterations, L2 relative residual: iterated = 2.812962e-09, true = 2.812962e-09 (requested = 1.000000e-08)
PyQUDA INFO: Time = 0.007 secs, Performance = 221.570 GFLOPS
BiCGstab: Convergence at 18 iterations, L2 relative residual: iterated = 7.026191e-09, true = 7.026191e-09 (requested = 1.000000e-08)
PyQUDA INFO: Time = 0.007 secs, Performance = 219.122 GFLOPS
BiCGstab: Convergence at 18 iterations, L2 relative residual: iterated = 5.849971e-09, true = 5.849971e-09 (requested = 1.000000e-08)
>>> Contraction type 1 time: 0.001 seconds
>>> Shift time: 0.002 seconds
>>> Contraction type 1 time: 0.001 seconds
>>> Shift time: 0.002 seconds
>>> Contraction type 1 time: 0.001 seconds
>>> Shift time: 0.002 seconds
>>> Contraction type 1 time: 0.001 seconds
>>> Shift time: 0.002 seconds
>>> Contraction type 1 time: 0.001 seconds
>>> Shift time: 0.002 seconds
>>> Contraction type 1 time: 0.001 seconds
>>> Shift time: 0.002 seconds
>>> Contraction type 1 time: 0.001 seconds
>>> Shift time: 0.002 seconds
>>> Contraction type 1 time: 0.001 seconds
>>> Shift time: 0.002 seconds
PyQUDA INFO: Time = 0.007 secs, Performance = 215.470 GFLOPS
BiCGstab: Convergence at 19 iterations, L2 relative residual: iterated = 4.302956e-09, true = 4.302956e-09 (requested = 1.000000e-08)
PyQUDA INFO: Time = 0.007 secs, Performance = 222.612 GFLOPS
BiCGstab: Convergence at 18 iterations, L2 relative residual: iterated = 7.862240e-09, true = 7.862240e-09 (requested = 1.000000e-08)
PyQUDA INFO: Time = 0.007 secs, Performance = 218.842 GFLOPS
BiCGstab: Convergence at 17 iterations, L2 relative residual: iterated = 9.461854e-09, true = 9.461854e-09 (requested = 1.000000e-08)
PyQUDA INFO: Time = 0.007 secs, Performance = 215.515 GFLOPS
BiCGstab: Convergence at 18 iterations, L2 relative residual: iterated = 4.321697e-09, true = 4.321697e-09 (requested = 1.000000e-08)
PyQUDA INFO: Time = 0.007 secs, Performance = 218.748 GFLOPS
BiCGstab: Convergence at 18 iterations, L2 relative residual: iterated = 6.197886e-09, true = 6.197886e-09 (requested = 1.000000e-08)
PyQUDA INFO: Time = 0.007 secs, Performance = 218.842 GFLOPS
BiCGstab: Convergence at 18 iterations, L2 relative residual: iterated = 5.368516e-09, true = 5.368516e-09 (requested = 1.000000e-08)
PyQUDA INFO: Time = 0.007 secs, Performance = 218.686 GFLOPS
BiCGstab: Convergence at 18 iterations, L2 relative residual: iterated = 6.695121e-09, true = 6.695121e-09 (requested = 1.000000e-08)
PyQUDA INFO: Time = 0.007 secs, Performance = 219.247 GFLOPS
BiCGstab: Convergence at 18 iterations, L2 relative residual: iterated = 3.588812e-09, true = 3.588812e-09 (requested = 1.000000e-08)
PyQUDA INFO: Time = 0.007 secs, Performance = 226.351 GFLOPS
BiCGstab: Convergence at 18 iterations, L2 relative residual: iterated = 4.598570e-09, true = 4.598570e-09 (requested = 1.000000e-08)
PyQUDA INFO: Time = 0.007 secs, Performance = 226.623 GFLOPS
BiCGstab: Convergence at 18 iterations, L2 relative residual: iterated = 4.806637e-09, true = 4.806637e-09 (requested = 1.000000e-08)
PyQUDA INFO: Time = 0.007 secs, Performance = 218.998 GFLOPS
BiCGstab: Convergence at 18 iterations, L2 relative residual: iterated = 5.531627e-09, true = 5.531627e-09 (requested = 1.000000e-08)
PyQUDA INFO: Time = 0.007 secs, Performance = 226.555 GFLOPS
BiCGstab: Convergence at 18 iterations, L2 relative residual: iterated = 8.973981e-09, true = 8.973981e-09 (requested = 1.000000e-08)
PyQUDA INFO: Time = 0.007 secs, Performance = 206.977 GFLOPS
BiCGstab: Convergence at 18 iterations, L2 relative residual: iterated = 8.417737e-09, true = 8.417737e-09 (requested = 1.000000e-08)
PyQUDA INFO: Time = 0.007 secs, Performance = 210.603 GFLOPS
BiCGstab: Convergence at 20 iterations, L2 relative residual: iterated = 2.511211e-09, true = 2.511211e-09 (requested = 1.000000e-08)
PyQUDA INFO: Time = 0.008 secs, Performance = 218.786 GFLOPS
BiCGstab: Convergence at 18 iterations, L2 relative residual: iterated = 5.413805e-09, true = 5.413805e-09 (requested = 1.000000e-08)
PyQUDA INFO: Time = 0.008 secs, Performance = 204.806 GFLOPS
BiCGstab: Convergence at 18 iterations, L2 relative residual: iterated = 7.105523e-09, true = 7.105523e-09 (requested = 1.000000e-08)
PyQUDA INFO: Time = 0.007 secs, Performance = 212.641 GFLOPS
BiCGstab: Convergence at 18 iterations, L2 relative residual: iterated = 7.333372e-09, true = 7.333372e-09 (requested = 1.000000e-08)
PyQUDA INFO: Time = 0.007 secs, Performance = 220.514 GFLOPS
BiCGstab: Convergence at 18 iterations, L2 relative residual: iterated = 5.956890e-09, true = 5.956890e-09 (requested = 1.000000e-08)
PyQUDA INFO: Time = 0.007 secs, Performance = 220.773 GFLOPS
BiCGstab: Convergence at 19 iterations, L2 relative residual: iterated = 4.203144e-09, true = 4.203144e-09 (requested = 1.000000e-08)
PyQUDA INFO: Time = 0.007 secs, Performance = 214.911 GFLOPS
BiCGstab: Convergence at 19 iterations, L2 relative residual: iterated = 4.376404e-09, true = 4.376404e-09 (requested = 1.000000e-08)
PyQUDA INFO: Time = 0.007 secs, Performance = 225.245 GFLOPS
BiCGstab: Convergence at 18 iterations, L2 relative residual: iterated = 6.328793e-09, true = 6.328793e-09 (requested = 1.000000e-08)
PyQUDA INFO: Time = 0.007 secs, Performance = 211.996 GFLOPS
BiCGstab: Convergence at 19 iterations, L2 relative residual: iterated = 6.187585e-09, true = 6.187585e-09 (requested = 1.000000e-08)
PyQUDA INFO: Time = 0.007 secs, Performance = 216.182 GFLOPS
BiCGstab: Convergence at 18 iterations, L2 relative residual: iterated = 6.970100e-09, true = 6.970100e-09 (requested = 1.000000e-08)
PyQUDA INFO: Time = 0.007 secs, Performance = 212.906 GFLOPS
BiCGstab: Convergence at 18 iterations, L2 relative residual: iterated = 7.589739e-09, true = 7.589739e-09 (requested = 1.000000e-08)
>>> Contraction type 1 time: 0.001 seconds
>>> Shift time: 0.002 seconds
>>> Contraction type 1 time: 0.001 seconds
>>> Shift time: 0.002 seconds
>>> Contraction type 1 time: 0.001 seconds
>>> Shift time: 0.002 seconds
>>> Contraction type 1 time: 0.001 seconds
>>> Shift time: 0.002 seconds
>>> Contraction type 1 time: 0.001 seconds
>>> Shift time: 0.002 seconds
>>> Contraction type 1 time: 0.001 seconds
>>> Shift time: 0.002 seconds
>>> Contraction type 1 time: 0.001 seconds
>>> Shift time: 0.002 seconds
>>> Contraction type 1 time: 0.001 seconds
>>> Shift time: 0.002 seconds
PyQUDA INFO: Time = 0.007 secs, Performance = 206.615 GFLOPS
BiCGstab: Convergence at 18 iterations, L2 relative residual: iterated = 7.426449e-09, true = 7.426449e-09 (requested = 1.000000e-08)
PyQUDA INFO: Time = 0.008 secs, Performance = 205.503 GFLOPS
BiCGstab: Convergence at 19 iterations, L2 relative residual: iterated = 7.940349e-09, true = 7.940349e-09 (requested = 1.000000e-08)
PyQUDA INFO: Time = 0.007 secs, Performance = 216.095 GFLOPS
BiCGstab: Convergence at 18 iterations, L2 relative residual: iterated = 9.936923e-09, true = 9.936923e-09 (requested = 1.000000e-08)
PyQUDA INFO: Time = 0.008 secs, Performance = 204.673 GFLOPS
BiCGstab: Convergence at 19 iterations, L2 relative residual: iterated = 5.163102e-09, true = 5.163102e-09 (requested = 1.000000e-08)
PyQUDA INFO: Time = 0.007 secs, Performance = 223.361 GFLOPS
BiCGstab: Convergence at 18 iterations, L2 relative residual: iterated = 5.357459e-09, true = 5.357459e-09 (requested = 1.000000e-08)
PyQUDA INFO: Time = 0.007 secs, Performance = 211.646 GFLOPS
BiCGstab: Convergence at 18 iterations, L2 relative residual: iterated = 9.345023e-09, true = 9.345023e-09 (requested = 1.000000e-08)
PyQUDA INFO: Time = 0.007 secs, Performance = 220.773 GFLOPS
BiCGstab: Convergence at 18 iterations, L2 relative residual: iterated = 7.920123e-09, true = 7.920123e-09 (requested = 1.000000e-08)
PyQUDA INFO: Time = 0.007 secs, Performance = 211.414 GFLOPS
BiCGstab: Convergence at 18 iterations, L2 relative residual: iterated = 5.854887e-09, true = 5.854887e-09 (requested = 1.000000e-08)
PyQUDA INFO: Time = 0.007 secs, Performance = 220.321 GFLOPS
BiCGstab: Convergence at 18 iterations, L2 relative residual: iterated = 8.252085e-09, true = 8.252085e-09 (requested = 1.000000e-08)
PyQUDA INFO: Time = 0.007 secs, Performance = 211.617 GFLOPS
BiCGstab: Convergence at 19 iterations, L2 relative residual: iterated = 2.449096e-09, true = 2.449096e-09 (requested = 1.000000e-08)
PyQUDA INFO: Time = 0.008 secs, Performance = 206.887 GFLOPS
BiCGstab: Convergence at 18 iterations, L2 relative residual: iterated = 7.286339e-09, true = 7.286339e-09 (requested = 1.000000e-08)
PyQUDA INFO: Time = 0.007 secs, Performance = 211.705 GFLOPS
BiCGstab: Convergence at 19 iterations, L2 relative residual: iterated = 3.766154e-09, true = 3.766154e-09 (requested = 1.000000e-08)
PyQUDA INFO: Time = 0.008 secs, Performance = 208.277 GFLOPS
BiCGstab: Convergence at 18 iterations, L2 relative residual: iterated = 9.764875e-09, true = 9.764875e-09 (requested = 1.000000e-08)
PyQUDA INFO: Time = 0.007 secs, Performance = 219.247 GFLOPS
BiCGstab: Convergence at 18 iterations, L2 relative residual: iterated = 7.701488e-09, true = 7.701488e-09 (requested = 1.000000e-08)
PyQUDA INFO: Time = 0.007 secs, Performance = 226.965 GFLOPS
BiCGstab: Convergence at 18 iterations, L2 relative residual: iterated = 9.962414e-09, true = 9.962414e-09 (requested = 1.000000e-08)
PyQUDA INFO: Time = 0.007 secs, Performance = 217.573 GFLOPS
BiCGstab: Convergence at 19 iterations, L2 relative residual: iterated = 6.503856e-09, true = 6.503856e-09 (requested = 1.000000e-08)
PyQUDA INFO: Time = 0.007 secs, Performance = 229.878 GFLOPS
BiCGstab: Convergence at 20 iterations, L2 relative residual: iterated = 6.193978e-09, true = 6.193978e-09 (requested = 1.000000e-08)
PyQUDA INFO: Time = 0.007 secs, Performance = 225.392 GFLOPS
BiCGstab: Convergence at 19 iterations, L2 relative residual: iterated = 9.109433e-09, true = 9.109433e-09 (requested = 1.000000e-08)
PyQUDA INFO: Time = 0.007 secs, Performance = 221.784 GFLOPS
BiCGstab: Convergence at 18 iterations, L2 relative residual: iterated = 8.746057e-09, true = 8.746057e-09 (requested = 1.000000e-08)
PyQUDA INFO: Time = 0.007 secs, Performance = 218.500 GFLOPS
BiCGstab: Convergence at 18 iterations, L2 relative residual: iterated = 8.036830e-09, true = 8.036830e-09 (requested = 1.000000e-08)
PyQUDA INFO: Time = 0.007 secs, Performance = 218.593 GFLOPS
BiCGstab: Convergence at 18 iterations, L2 relative residual: iterated = 5.688254e-09, true = 5.688254e-09 (requested = 1.000000e-08)
PyQUDA INFO: Time = 0.007 secs, Performance = 218.128 GFLOPS
BiCGstab: Convergence at 19 iterations, L2 relative residual: iterated = 4.618009e-09, true = 4.618009e-09 (requested = 1.000000e-08)
PyQUDA INFO: Time = 0.008 secs, Performance = 214.816 GFLOPS
BiCGstab: Convergence at 19 iterations, L2 relative residual: iterated = 3.231968e-09, true = 3.231968e-09 (requested = 1.000000e-08)
PyQUDA INFO: Time = 0.007 secs, Performance = 221.509 GFLOPS
BiCGstab: Convergence at 18 iterations, L2 relative residual: iterated = 5.980529e-09, true = 5.980529e-09 (requested = 1.000000e-08)
>>> Contraction type 1 time: 0.001 seconds
>>> Shift time: 0.002 seconds
>>> Contraction type 1 time: 0.001 seconds
>>> Shift time: 0.002 seconds
>>> Contraction type 1 time: 0.001 seconds
>>> Shift time: 0.002 seconds
>>> Contraction type 1 time: 0.001 seconds
>>> Shift time: 0.002 seconds
>>> Contraction type 1 time: 0.001 seconds
>>> Shift time: 0.002 seconds
>>> Contraction type 1 time: 0.001 seconds
>>> Shift time: 0.002 seconds
>>> Contraction type 1 time: 0.001 seconds
>>> Shift time: 0.002 seconds
>>> Contraction type 1 time: 0.001 seconds
>>> Shift time: 0.002 seconds
PyQUDA INFO: Time = 0.007 secs, Performance = 210.431 GFLOPS
BiCGstab: Convergence at 19 iterations, L2 relative residual: iterated = 1.853293e-09, true = 1.853293e-09 (requested = 1.000000e-08)
PyQUDA INFO: Time = 0.007 secs, Performance = 229.945 GFLOPS
BiCGstab: Convergence at 18 iterations, L2 relative residual: iterated = 5.774590e-09, true = 5.774590e-09 (requested = 1.000000e-08)
PyQUDA INFO: Time = 0.007 secs, Performance = 226.555 GFLOPS
BiCGstab: Convergence at 19 iterations, L2 relative residual: iterated = 3.874133e-09, true = 3.874133e-09 (requested = 1.000000e-08)
PyQUDA INFO: Time = 0.007 secs, Performance = 221.692 GFLOPS
BiCGstab: Convergence at 19 iterations, L2 relative residual: iterated = 1.595506e-09, true = 1.595506e-09 (requested = 1.000000e-08)
PyQUDA INFO: Time = 0.007 secs, Performance = 221.448 GFLOPS
BiCGstab: Convergence at 18 iterations, L2 relative residual: iterated = 7.343863e-09, true = 7.343863e-09 (requested = 1.000000e-08)
PyQUDA INFO: Time = 0.007 secs, Performance = 218.376 GFLOPS
BiCGstab: Convergence at 18 iterations, L2 relative residual: iterated = 7.490856e-09, true = 7.490856e-09 (requested = 1.000000e-08)
PyQUDA INFO: Time = 0.007 secs, Performance = 218.221 GFLOPS
BiCGstab: Convergence at 18 iterations, L2 relative residual: iterated = 8.067898e-09, true = 8.067898e-09 (requested = 1.000000e-08)
PyQUDA INFO: Time = 0.007 secs, Performance = 218.842 GFLOPS
BiCGstab: Convergence at 18 iterations, L2 relative residual: iterated = 7.914085e-09, true = 7.914085e-09 (requested = 1.000000e-08)
PyQUDA INFO: Time = 0.007 secs, Performance = 217.419 GFLOPS
BiCGstab: Convergence at 18 iterations, L2 relative residual: iterated = 5.531962e-09, true = 5.531962e-09 (requested = 1.000000e-08)
PyQUDA INFO: Time = 0.007 secs, Performance = 226.351 GFLOPS
BiCGstab: Convergence at 18 iterations, L2 relative residual: iterated = 8.269927e-09, true = 8.269927e-09 (requested = 1.000000e-08)
PyQUDA INFO: Time = 0.007 secs, Performance = 218.345 GFLOPS
BiCGstab: Convergence at 18 iterations, L2 relative residual: iterated = 8.111462e-09, true = 8.111462e-09 (requested = 1.000000e-08)
PyQUDA INFO: Time = 0.007 secs, Performance = 218.562 GFLOPS
BiCGstab: Convergence at 18 iterations, L2 relative residual: iterated = 7.137318e-09, true = 7.137318e-09 (requested = 1.000000e-08)
PyQUDA INFO: Time = 0.007 secs, Performance = 211.530 GFLOPS
BiCGstab: Convergence at 18 iterations, L2 relative residual: iterated = 5.359442e-09, true = 5.359442e-09 (requested = 1.000000e-08)
PyQUDA INFO: Time = 0.007 secs, Performance = 219.623 GFLOPS
BiCGstab: Convergence at 19 iterations, L2 relative residual: iterated = 1.914307e-09, true = 1.914307e-09 (requested = 1.000000e-08)
PyQUDA INFO: Time = 0.007 secs, Performance = 222.151 GFLOPS
BiCGstab: Convergence at 18 iterations, L2 relative residual: iterated = 5.468127e-09, true = 5.468127e-09 (requested = 1.000000e-08)
PyQUDA INFO: Time = 0.007 secs, Performance = 217.850 GFLOPS
BiCGstab: Convergence at 18 iterations, L2 relative residual: iterated = 4.354107e-09, true = 4.354107e-09 (requested = 1.000000e-08)
PyQUDA INFO: Time = 0.007 secs, Performance = 226.180 GFLOPS
BiCGstab: Convergence at 18 iterations, L2 relative residual: iterated = 4.744012e-09, true = 4.744012e-09 (requested = 1.000000e-08)
PyQUDA INFO: Time = 0.007 secs, Performance = 227.033 GFLOPS
BiCGstab: Convergence at 20 iterations, L2 relative residual: iterated = 4.038014e-09, true = 4.038014e-09 (requested = 1.000000e-08)
PyQUDA INFO: Time = 0.007 secs, Performance = 225.271 GFLOPS
BiCGstab: Convergence at 18 iterations, L2 relative residual: iterated = 9.281406e-09, true = 9.281406e-09 (requested = 1.000000e-08)
PyQUDA INFO: Time = 0.007 secs, Performance = 218.842 GFLOPS
BiCGstab: Convergence at 20 iterations, L2 relative residual: iterated = 6.208555e-10, true = 6.208555e-10 (requested = 1.000000e-08)
PyQUDA INFO: Time = 0.007 secs, Performance = 225.241 GFLOPS
BiCGstab: Convergence at 18 iterations, L2 relative residual: iterated = 6.535011e-09, true = 6.535011e-09 (requested = 1.000000e-08)
PyQUDA INFO: Time = 0.007 secs, Performance = 226.146 GFLOPS
BiCGstab: Convergence at 18 iterations, L2 relative residual: iterated = 4.999110e-09, true = 4.999110e-09 (requested = 1.000000e-08)
PyQUDA INFO: Time = 0.007 secs, Performance = 218.655 GFLOPS
BiCGstab: Convergence at 18 iterations, L2 relative residual: iterated = 5.132402e-09, true = 5.132402e-09 (requested = 1.000000e-08)
PyQUDA INFO: Time = 0.007 secs, Performance = 218.562 GFLOPS
BiCGstab: Convergence at 18 iterations, L2 relative residual: iterated = 4.130713e-09, true = 4.130713e-09 (requested = 1.000000e-08)
>>> Contraction type 1 time: 0.001 seconds
>>> Shift time: 0.002 seconds
>>> Contraction type 1 time: 0.001 seconds
>>> Shift time: 0.002 seconds
>>> Contraction type 1 time: 0.001 seconds
>>> Shift time: 0.002 seconds
>>> Contraction type 1 time: 0.001 seconds
>>> Shift time: 0.002 seconds
>>> Contraction type 1 time: 0.001 seconds
>>> Shift time: 0.002 seconds
>>> Contraction type 1 time: 0.001 seconds
>>> Shift time: 0.002 seconds
>>> Contraction type 1 time: 0.001 seconds
>>> Shift time: 0.002 seconds
>>> Contraction type 1 time: 0.001 seconds
>>> Shift time: 0.002 seconds
PyQUDA INFO: Time = 0.007 secs, Performance = 215.019 GFLOPS
BiCGstab: Convergence at 18 iterations, L2 relative residual: iterated = 4.419772e-09, true = 4.419772e-09 (requested = 1.000000e-08)
PyQUDA INFO: Time = 0.007 secs, Performance = 219.466 GFLOPS
BiCGstab: Convergence at 18 iterations, L2 relative residual: iterated = 5.514972e-09, true = 5.514972e-09 (requested = 1.000000e-08)
PyQUDA INFO: Time = 0.007 secs, Performance = 219.623 GFLOPS
BiCGstab: Convergence at 18 iterations, L2 relative residual: iterated = 4.433424e-09, true = 4.433424e-09 (requested = 1.000000e-08)
PyQUDA INFO: Time = 0.007 secs, Performance = 218.624 GFLOPS
BiCGstab: Convergence at 18 iterations, L2 relative residual: iterated = 8.688641e-09, true = 8.688641e-09 (requested = 1.000000e-08)
PyQUDA INFO: Time = 0.007 secs, Performance = 227.136 GFLOPS
BiCGstab: Convergence at 20 iterations, L2 relative residual: iterated = 6.769151e-10, true = 6.769151e-10 (requested = 1.000000e-08)
PyQUDA INFO: Time = 0.007 secs, Performance = 224.189 GFLOPS
BiCGstab: Convergence at 18 iterations, L2 relative residual: iterated = 3.800029e-09, true = 3.800029e-09 (requested = 1.000000e-08)
PyQUDA INFO: Time = 0.007 secs, Performance = 225.773 GFLOPS
BiCGstab: Convergence at 20 iterations, L2 relative residual: iterated = 4.724233e-09, true = 4.724233e-09 (requested = 1.000000e-08)
PyQUDA INFO: Time = 0.007 secs, Performance = 224.939 GFLOPS
BiCGstab: Convergence at 18 iterations, L2 relative residual: iterated = 4.309968e-09, true = 4.309968e-09 (requested = 1.000000e-08)
PyQUDA INFO: Time = 0.007 secs, Performance = 226.623 GFLOPS
BiCGstab: Convergence at 19 iterations, L2 relative residual: iterated = 5.056328e-09, true = 5.056328e-09 (requested = 1.000000e-08)
PyQUDA INFO: Time = 0.007 secs, Performance = 229.945 GFLOPS
BiCGstab: Convergence at 18 iterations, L2 relative residual: iterated = 8.531800e-09, true = 8.531800e-09 (requested = 1.000000e-08)
PyQUDA INFO: Time = 0.007 secs, Performance = 219.247 GFLOPS
BiCGstab: Convergence at 18 iterations, L2 relative residual: iterated = 3.422227e-09, true = 3.422227e-09 (requested = 1.000000e-08)
PyQUDA INFO: Time = 0.007 secs, Performance = 219.905 GFLOPS
BiCGstab: Convergence at 19 iterations, L2 relative residual: iterated = 5.427874e-09, true = 5.427874e-09 (requested = 1.000000e-08)
PyQUDA INFO: Time = 0.008 secs, Performance = 212.358 GFLOPS
BiCGstab: Convergence at 20 iterations, L2 relative residual: iterated = 1.559814e-09, true = 1.559814e-09 (requested = 1.000000e-08)
PyQUDA INFO: Time = 0.007 secs, Performance = 233.200 GFLOPS
BiCGstab: Convergence at 18 iterations, L2 relative residual: iterated = 6.426853e-09, true = 6.426853e-09 (requested = 1.000000e-08)
PyQUDA INFO: Time = 0.007 secs, Performance = 218.624 GFLOPS
BiCGstab: Convergence at 18 iterations, L2 relative residual: iterated = 5.999428e-09, true = 5.999428e-09 (requested = 1.000000e-08)
PyQUDA INFO: Time = 0.007 secs, Performance = 217.974 GFLOPS
BiCGstab: Convergence at 19 iterations, L2 relative residual: iterated = 4.044074e-09, true = 4.044074e-09 (requested = 1.000000e-08)
PyQUDA INFO: Time = 0.008 secs, Performance = 215.153 GFLOPS
BiCGstab: Convergence at 18 iterations, L2 relative residual: iterated = 8.453820e-09, true = 8.453820e-09 (requested = 1.000000e-08)
PyQUDA INFO: Time = 0.007 secs, Performance = 218.686 GFLOPS
BiCGstab: Convergence at 18 iterations, L2 relative residual: iterated = 8.438954e-09, true = 8.438954e-09 (requested = 1.000000e-08)
PyQUDA INFO: Time = 0.007 secs, Performance = 218.966 GFLOPS
BiCGstab: Convergence at 19 iterations, L2 relative residual: iterated = 6.704530e-09, true = 6.704530e-09 (requested = 1.000000e-08)
PyQUDA INFO: Time = 0.007 secs, Performance = 229.209 GFLOPS
BiCGstab: Convergence at 18 iterations, L2 relative residual: iterated = 4.598958e-09, true = 4.598958e-09 (requested = 1.000000e-08)
PyQUDA INFO: Time = 0.007 secs, Performance = 218.438 GFLOPS
BiCGstab: Convergence at 18 iterations, L2 relative residual: iterated = 6.275699e-09, true = 6.275699e-09 (requested = 1.000000e-08)
PyQUDA INFO: Time = 0.007 secs, Performance = 218.438 GFLOPS
BiCGstab: Convergence at 19 iterations, L2 relative residual: iterated = 4.540602e-09, true = 4.540602e-09 (requested = 1.000000e-08)
PyQUDA INFO: Time = 0.007 secs, Performance = 221.967 GFLOPS
BiCGstab: Convergence at 18 iterations, L2 relative residual: iterated = 5.547786e-09, true = 5.547786e-09 (requested = 1.000000e-08)
PyQUDA INFO: Time = 0.007 secs, Performance = 218.842 GFLOPS
BiCGstab: Convergence at 17 iterations, L2 relative residual: iterated = 7.858445e-09, true = 7.858445e-09 (requested = 1.000000e-08)
>>> Contraction type 1 time: 0.001 seconds
>>> Shift time: 0.002 seconds
>>> Contraction type 1 time: 0.001 seconds
>>> Shift time: 0.002 seconds
>>> Contraction type 1 time: 0.001 seconds
>>> Shift time: 0.002 seconds
>>> Contraction type 1 time: 0.001 seconds
>>> Shift time: 0.002 seconds
>>> Contraction type 1 time: 0.001 seconds
>>> Shift time: 0.002 seconds
>>> Contraction type 1 time: 0.001 seconds
>>> Shift time: 0.002 seconds
>>> Contraction type 1 time: 0.001 seconds
>>> Shift time: 0.002 seconds
>>> Contraction type 1 time: 0.001 seconds
>>> Shift time: 0.002 seconds
PyQUDA INFO: Time = 0.007 secs, Performance = 210.871 GFLOPS
BiCGstab: Convergence at 19 iterations, L2 relative residual: iterated = 3.273779e-09, true = 3.273779e-09 (requested = 1.000000e-08)
PyQUDA INFO: Time = 0.007 secs, Performance = 222.366 GFLOPS
BiCGstab: Convergence at 18 iterations, L2 relative residual: iterated = 4.198795e-09, true = 4.198795e-09 (requested = 1.000000e-08)
PyQUDA INFO: Time = 0.007 secs, Performance = 219.122 GFLOPS
BiCGstab: Convergence at 20 iterations, L2 relative residual: iterated = 1.191068e-09, true = 1.191068e-09 (requested = 1.000000e-08)
PyQUDA INFO: Time = 0.007 secs, Performance = 224.789 GFLOPS
BiCGstab: Convergence at 19 iterations, L2 relative residual: iterated = 3.607707e-09, true = 3.607707e-09 (requested = 1.000000e-08)
PyQUDA INFO: Time = 0.008 secs, Performance = 190.846 GFLOPS
BiCGstab: Convergence at 19 iterations, L2 relative residual: iterated = 4.156798e-09, true = 4.156798e-09 (requested = 1.000000e-08)
PyQUDA INFO: Time = 0.007 secs, Performance = 229.643 GFLOPS
BiCGstab: Convergence at 18 iterations, L2 relative residual: iterated = 3.649995e-09, true = 3.649995e-09 (requested = 1.000000e-08)
PyQUDA INFO: Time = 0.007 secs, Performance = 226.214 GFLOPS
BiCGstab: Convergence at 17 iterations, L2 relative residual: iterated = 8.535068e-09, true = 8.535068e-09 (requested = 1.000000e-08)
PyQUDA INFO: Time = 0.006 secs, Performance = 222.461 GFLOPS
BiCGstab: Convergence at 17 iterations, L2 relative residual: iterated = 7.392344e-09, true = 7.392344e-09 (requested = 1.000000e-08)
PyQUDA INFO: Time = 0.006 secs, Performance = 222.668 GFLOPS
BiCGstab: Convergence at 19 iterations, L2 relative residual: iterated = 4.034661e-09, true = 4.034661e-09 (requested = 1.000000e-08)
PyQUDA INFO: Time = 0.008 secs, Performance = 215.069 GFLOPS
BiCGstab: Convergence at 19 iterations, L2 relative residual: iterated = 1.343426e-09, true = 1.343426e-09 (requested = 1.000000e-08)
PyQUDA INFO: Time = 0.007 secs, Performance = 221.906 GFLOPS
BiCGstab: Convergence at 18 iterations, L2 relative residual: iterated = 5.411281e-09, true = 5.411281e-09 (requested = 1.000000e-08)
PyQUDA INFO: Time = 0.007 secs, Performance = 226.862 GFLOPS
BiCGstab: Convergence at 18 iterations, L2 relative residual: iterated = 6.547739e-09, true = 6.547739e-09 (requested = 1.000000e-08)
PyQUDA INFO: Time = 0.014 secs, Performance = 111.457 GFLOPS
BiCGstab: Convergence at 19 iterations, L2 relative residual: iterated = 1.899754e-09, true = 1.899754e-09 (requested = 1.000000e-08)
PyQUDA INFO: Time = 0.015 secs, Performance = 104.851 GFLOPS
BiCGstab: Convergence at 18 iterations, L2 relative residual: iterated = 7.829153e-09, true = 7.829153e-09 (requested = 1.000000e-08)
PyQUDA INFO: Time = 0.011 secs, Performance = 139.834 GFLOPS
BiCGstab: Convergence at 18 iterations, L2 relative residual: iterated = 7.500432e-09, true = 7.500432e-09 (requested = 1.000000e-08)
PyQUDA INFO: Time = 0.007 secs, Performance = 219.902 GFLOPS
BiCGstab: Convergence at 18 iterations, L2 relative residual: iterated = 4.719445e-09, true = 4.719445e-09 (requested = 1.000000e-08)
PyQUDA INFO: Time = 0.007 secs, Performance = 212.906 GFLOPS
BiCGstab: Convergence at 19 iterations, L2 relative residual: iterated = 6.487096e-09, true = 6.487096e-09 (requested = 1.000000e-08)
PyQUDA INFO: Time = 0.007 secs, Performance = 217.379 GFLOPS
BiCGstab: Convergence at 19 iterations, L2 relative residual: iterated = 4.501212e-09, true = 4.501212e-09 (requested = 1.000000e-08)
PyQUDA INFO: Time = 0.007 secs, Performance = 216.443 GFLOPS
BiCGstab: Convergence at 18 iterations, L2 relative residual: iterated = 8.931044e-09, true = 8.931044e-09 (requested = 1.000000e-08)
PyQUDA INFO: Time = 0.007 secs, Performance = 223.063 GFLOPS
BiCGstab: Convergence at 19 iterations, L2 relative residual: iterated = 6.942290e-09, true = 6.942290e-09 (requested = 1.000000e-08)
PyQUDA INFO: Time = 0.008 secs, Performance = 208.780 GFLOPS
BiCGstab: Convergence at 18 iterations, L2 relative residual: iterated = 9.179987e-09, true = 9.179987e-09 (requested = 1.000000e-08)
PyQUDA INFO: Time = 0.007 secs, Performance = 220.708 GFLOPS
BiCGstab: Convergence at 19 iterations, L2 relative residual: iterated = 2.369259e-09, true = 2.369259e-09 (requested = 1.000000e-08)
PyQUDA INFO: Time = 0.007 secs, Performance = 215.516 GFLOPS
BiCGstab: Convergence at 20 iterations, L2 relative residual: iterated = 1.437128e-09, true = 1.437128e-09 (requested = 1.000000e-08)
PyQUDA INFO: Time = 0.008 secs, Performance = 219.817 GFLOPS
BiCGstab: Convergence at 18 iterations, L2 relative residual: iterated = 7.825360e-09, true = 7.825360e-09 (requested = 1.000000e-08)
>>> Contraction type 1 time: 0.001 seconds
>>> Shift time: 0.002 seconds
>>> Contraction type 1 time: 0.001 seconds
>>> Shift time: 0.002 seconds
>>> Contraction type 1 time: 0.001 seconds
>>> Shift time: 0.002 seconds
>>> Contraction type 1 time: 0.001 seconds
>>> Shift time: 0.002 seconds
>>> Contraction type 1 time: 0.001 seconds
>>> Shift time: 0.002 seconds
>>> Contraction type 1 time: 0.001 seconds
>>> Shift time: 0.002 seconds
>>> Contraction type 1 time: 0.001 seconds
>>> Shift time: 0.002 seconds
>>> Contraction type 1 time: 0.001 seconds
>>> Shift time: 0.002 seconds
PyQUDA INFO: Time = 0.007 secs, Performance = 209.001 GFLOPS
BiCGstab: Convergence at 19 iterations, L2 relative residual: iterated = 9.551486e-09, true = 9.551486e-09 (requested = 1.000000e-08)
PyQUDA INFO: Time = 0.007 secs, Performance = 224.251 GFLOPS
BiCGstab: Convergence at 18 iterations, L2 relative residual: iterated = 5.148688e-09, true = 5.148688e-09 (requested = 1.000000e-08)
PyQUDA INFO: Time = 0.007 secs, Performance = 212.406 GFLOPS
BiCGstab: Convergence at 18 iterations, L2 relative residual: iterated = 5.934790e-09, true = 5.934790e-09 (requested = 1.000000e-08)
PyQUDA INFO: Time = 0.007 secs, Performance = 221.130 GFLOPS
BiCGstab: Convergence at 18 iterations, L2 relative residual: iterated = 3.733598e-09, true = 3.733598e-09 (requested = 1.000000e-08)
PyQUDA INFO: Time = 0.007 secs, Performance = 220.741 GFLOPS
BiCGstab: Convergence at 18 iterations, L2 relative residual: iterated = 4.655691e-09, true = 4.655691e-09 (requested = 1.000000e-08)
PyQUDA INFO: Time = 0.007 secs, Performance = 220.903 GFLOPS
BiCGstab: Convergence at 18 iterations, L2 relative residual: iterated = 5.089830e-09, true = 5.089830e-09 (requested = 1.000000e-08)
PyQUDA INFO: Time = 0.007 secs, Performance = 219.294 GFLOPS
BiCGstab: Convergence at 18 iterations, L2 relative residual: iterated = 7.357165e-09, true = 7.357165e-09 (requested = 1.000000e-08)
PyQUDA INFO: Time = 0.007 secs, Performance = 212.026 GFLOPS
BiCGstab: Convergence at 18 iterations, L2 relative residual: iterated = 9.550236e-09, true = 9.550236e-09 (requested = 1.000000e-08)
PyQUDA INFO: Time = 0.007 secs, Performance = 218.593 GFLOPS
BiCGstab: Convergence at 18 iterations, L2 relative residual: iterated = 8.307457e-09, true = 8.307457e-09 (requested = 1.000000e-08)
PyQUDA INFO: Time = 0.007 secs, Performance = 212.113 GFLOPS
BiCGstab: Convergence at 18 iterations, L2 relative residual: iterated = 8.100526e-09, true = 8.100526e-09 (requested = 1.000000e-08)
PyQUDA INFO: Time = 0.007 secs, Performance = 211.938 GFLOPS
BiCGstab: Convergence at 18 iterations, L2 relative residual: iterated = 4.938375e-09, true = 4.938375e-09 (requested = 1.000000e-08)
PyQUDA INFO: Time = 0.007 secs, Performance = 212.406 GFLOPS
BiCGstab: Convergence at 18 iterations, L2 relative residual: iterated = 9.254867e-09, true = 9.254867e-09 (requested = 1.000000e-08)
PyQUDA INFO: Time = 0.007 secs, Performance = 218.975 GFLOPS
BiCGstab: Convergence at 18 iterations, L2 relative residual: iterated = 9.307764e-09, true = 9.307764e-09 (requested = 1.000000e-08)
PyQUDA INFO: Time = 0.007 secs, Performance = 219.686 GFLOPS
BiCGstab: Convergence at 18 iterations, L2 relative residual: iterated = 8.795520e-09, true = 8.795520e-09 (requested = 1.000000e-08)
PyQUDA INFO: Time = 0.007 secs, Performance = 219.122 GFLOPS
BiCGstab: Convergence at 19 iterations, L2 relative residual: iterated = 2.826103e-09, true = 2.826103e-09 (requested = 1.000000e-08)
PyQUDA INFO: Time = 0.007 secs, Performance = 222.397 GFLOPS
BiCGstab: Convergence at 19 iterations, L2 relative residual: iterated = 3.244882e-09, true = 3.244882e-09 (requested = 1.000000e-08)
PyQUDA INFO: Time = 0.007 secs, Performance = 222.059 GFLOPS
BiCGstab: Convergence at 18 iterations, L2 relative residual: iterated = 8.571191e-09, true = 8.571191e-09 (requested = 1.000000e-08)
PyQUDA INFO: Time = 0.007 secs, Performance = 218.438 GFLOPS
BiCGstab: Convergence at 18 iterations, L2 relative residual: iterated = 7.724946e-09, true = 7.724946e-09 (requested = 1.000000e-08)
PyQUDA INFO: Time = 0.007 secs, Performance = 226.316 GFLOPS
BiCGstab: Convergence at 18 iterations, L2 relative residual: iterated = 7.554264e-09, true = 7.554264e-09 (requested = 1.000000e-08)
PyQUDA INFO: Time = 0.007 secs, Performance = 218.221 GFLOPS
BiCGstab: Convergence at 18 iterations, L2 relative residual: iterated = 7.733174e-09, true = 7.733174e-09 (requested = 1.000000e-08)
PyQUDA INFO: Time = 0.007 secs, Performance = 218.904 GFLOPS
BiCGstab: Convergence at 19 iterations, L2 relative residual: iterated = 3.594605e-09, true = 3.594605e-09 (requested = 1.000000e-08)
PyQUDA INFO: Time = 0.007 secs, Performance = 222.059 GFLOPS
BiCGstab: Convergence at 19 iterations, L2 relative residual: iterated = 4.217251e-09, true = 4.217251e-09 (requested = 1.000000e-08)
PyQUDA INFO: Time = 0.007 secs, Performance = 222.274 GFLOPS
BiCGstab: Convergence at 18 iterations, L2 relative residual: iterated = 7.050482e-09, true = 7.050482e-09 (requested = 1.000000e-08)
PyQUDA INFO: Time = 0.007 secs, Performance = 219.122 GFLOPS
BiCGstab: Convergence at 19 iterations, L2 relative residual: iterated = 2.834257e-09, true = 2.834257e-09 (requested = 1.000000e-08)
>>> Contraction type 1 time: 0.001 seconds
>>> Shift time: 0.002 seconds
>>> Contraction type 1 time: 0.001 seconds
>>> Shift time: 0.002 seconds
>>> Contraction type 1 time: 0.001 seconds
>>> Shift time: 0.002 seconds
>>> Contraction type 1 time: 0.001 seconds
>>> Shift time: 0.002 seconds
>>> Contraction type 1 time: 0.001 seconds
>>> Shift time: 0.002 seconds
>>> Contraction type 1 time: 0.001 seconds
>>> Shift time: 0.002 seconds
>>> Contraction type 1 time: 0.001 seconds
>>> Shift time: 0.002 seconds
>>> Contraction type 1 time: 0.001 seconds
>>> Shift time: 0.002 seconds
PyQUDA INFO: Time = 0.007 secs, Performance = 218.768 GFLOPS
BiCGstab: Convergence at 18 iterations, L2 relative residual: iterated = 7.321774e-09, true = 7.321774e-09 (requested = 1.000000e-08)
PyQUDA INFO: Time = 0.007 secs, Performance = 226.726 GFLOPS
BiCGstab: Convergence at 20 iterations, L2 relative residual: iterated = 5.337979e-09, true = 5.337979e-09 (requested = 1.000000e-08)
PyQUDA INFO: Time = 0.007 secs, Performance = 225.120 GFLOPS
BiCGstab: Convergence at 18 iterations, L2 relative residual: iterated = 6.623248e-09, true = 6.623248e-09 (requested = 1.000000e-08)
PyQUDA INFO: Time = 0.007 secs, Performance = 227.136 GFLOPS
BiCGstab: Convergence at 18 iterations, L2 relative residual: iterated = 5.793034e-09, true = 5.793034e-09 (requested = 1.000000e-08)
PyQUDA INFO: Time = 0.007 secs, Performance = 218.842 GFLOPS
BiCGstab: Convergence at 19 iterations, L2 relative residual: iterated = 3.171979e-09, true = 3.171979e-09 (requested = 1.000000e-08)
PyQUDA INFO: Time = 0.007 secs, Performance = 222.859 GFLOPS
BiCGstab: Convergence at 18 iterations, L2 relative residual: iterated = 4.103948e-09, true = 4.103948e-09 (requested = 1.000000e-08)
PyQUDA INFO: Time = 0.007 secs, Performance = 226.726 GFLOPS
BiCGstab: Convergence at 18 iterations, L2 relative residual: iterated = 8.740066e-09, true = 8.740066e-09 (requested = 1.000000e-08)
PyQUDA INFO: Time = 0.007 secs, Performance = 218.562 GFLOPS
BiCGstab: Convergence at 18 iterations, L2 relative residual: iterated = 7.724335e-09, true = 7.724335e-09 (requested = 1.000000e-08)
PyQUDA INFO: Time = 0.007 secs, Performance = 226.487 GFLOPS
BiCGstab: Convergence at 18 iterations, L2 relative residual: iterated = 6.675678e-09, true = 6.675678e-09 (requested = 1.000000e-08)
PyQUDA INFO: Time = 0.007 secs, Performance = 226.282 GFLOPS
BiCGstab: Convergence at 19 iterations, L2 relative residual: iterated = 4.492080e-09, true = 4.492080e-09 (requested = 1.000000e-08)
PyQUDA INFO: Time = 0.007 secs, Performance = 221.661 GFLOPS
BiCGstab: Convergence at 19 iterations, L2 relative residual: iterated = 2.493339e-09, true = 2.493339e-09 (requested = 1.000000e-08)
PyQUDA INFO: Time = 0.007 secs, Performance = 222.397 GFLOPS
BiCGstab: Convergence at 18 iterations, L2 relative residual: iterated = 5.235857e-09, true = 5.235857e-09 (requested = 1.000000e-08)
PyQUDA INFO: Time = 0.007 secs, Performance = 211.124 GFLOPS
BiCGstab: Convergence at 18 iterations, L2 relative residual: iterated = 7.011452e-09, true = 7.011452e-09 (requested = 1.000000e-08)
PyQUDA INFO: Time = 0.007 secs, Performance = 227.170 GFLOPS
BiCGstab: Convergence at 19 iterations, L2 relative residual: iterated = 3.349474e-09, true = 3.349474e-09 (requested = 1.000000e-08)
PyQUDA INFO: Time = 0.007 secs, Performance = 222.550 GFLOPS
BiCGstab: Convergence at 18 iterations, L2 relative residual: iterated = 6.333553e-09, true = 6.333553e-09 (requested = 1.000000e-08)
PyQUDA INFO: Time = 0.007 secs, Performance = 226.726 GFLOPS
BiCGstab: Convergence at 19 iterations, L2 relative residual: iterated = 4.659893e-09, true = 4.659893e-09 (requested = 1.000000e-08)
PyQUDA INFO: Time = 0.007 secs, Performance = 222.612 GFLOPS
BiCGstab: Convergence at 19 iterations, L2 relative residual: iterated = 6.712756e-09, true = 6.712756e-09 (requested = 1.000000e-08)
PyQUDA INFO: Time = 0.008 secs, Performance = 215.605 GFLOPS
BiCGstab: Convergence at 18 iterations, L2 relative residual: iterated = 9.523659e-09, true = 9.523659e-09 (requested = 1.000000e-08)
PyQUDA INFO: Time = 0.007 secs, Performance = 218.811 GFLOPS
BiCGstab: Convergence at 18 iterations, L2 relative residual: iterated = 7.998019e-09, true = 7.998019e-09 (requested = 1.000000e-08)
PyQUDA INFO: Time = 0.007 secs, Performance = 218.345 GFLOPS
BiCGstab: Convergence at 20 iterations, L2 relative residual: iterated = 2.727338e-09, true = 2.727338e-09 (requested = 1.000000e-08)
PyQUDA INFO: Time = 0.007 secs, Performance = 224.548 GFLOPS
BiCGstab: Convergence at 19 iterations, L2 relative residual: iterated = 5.477144e-09, true = 5.477144e-09 (requested = 1.000000e-08)
PyQUDA INFO: Time = 0.007 secs, Performance = 222.397 GFLOPS
BiCGstab: Convergence at 18 iterations, L2 relative residual: iterated = 6.881070e-09, true = 6.881070e-09 (requested = 1.000000e-08)
PyQUDA INFO: Time = 0.007 secs, Performance = 218.500 GFLOPS
BiCGstab: Convergence at 19 iterations, L2 relative residual: iterated = 2.870674e-09, true = 2.870674e-09 (requested = 1.000000e-08)
PyQUDA INFO: Time = 0.007 secs, Performance = 222.120 GFLOPS
BiCGstab: Convergence at 20 iterations, L2 relative residual: iterated = 2.440826e-09, true = 2.440826e-09 (requested = 1.000000e-08)
>>> Contraction type 1 time: 0.001 seconds
>>> Shift time: 0.002 seconds
>>> Contraction type 1 time: 0.001 seconds
>>> Shift time: 0.002 seconds
>>> Contraction type 1 time: 0.001 seconds
>>> Shift time: 0.002 seconds
>>> Contraction type 1 time: 0.001 seconds
>>> Shift time: 0.002 seconds
>>> Contraction type 1 time: 0.001 seconds
>>> Shift time: 0.002 seconds
>>> Contraction type 1 time: 0.001 seconds
>>> Shift time: 0.002 seconds
>>> Contraction type 1 time: 0.001 seconds
>>> Shift time: 0.002 seconds
>>> Contraction type 1 time: 0.001 seconds
>>> Shift time: 0.002 seconds
PyQUDA INFO: Time = 0.008 secs, Performance = 221.615 GFLOPS
BiCGstab: Convergence at 18 iterations, L2 relative residual: iterated = 6.492549e-09, true = 6.492549e-09 (requested = 1.000000e-08)
PyQUDA INFO: Time = 0.007 secs, Performance = 219.185 GFLOPS
BiCGstab: Convergence at 18 iterations, L2 relative residual: iterated = 6.378563e-09, true = 6.378563e-09 (requested = 1.000000e-08)
PyQUDA INFO: Time = 0.007 secs, Performance = 218.966 GFLOPS
BiCGstab: Convergence at 20 iterations, L2 relative residual: iterated = 9.653947e-09, true = 9.653947e-09 (requested = 1.000000e-08)
PyQUDA INFO: Time = 0.007 secs, Performance = 225.695 GFLOPS
BiCGstab: Convergence at 18 iterations, L2 relative residual: iterated = 7.302442e-09, true = 7.302442e-09 (requested = 1.000000e-08)
PyQUDA INFO: Time = 0.007 secs, Performance = 218.686 GFLOPS
BiCGstab: Convergence at 20 iterations, L2 relative residual: iterated = 2.882180e-09, true = 2.882180e-09 (requested = 1.000000e-08)
PyQUDA INFO: Time = 0.007 secs, Performance = 225.150 GFLOPS
BiCGstab: Convergence at 18 iterations, L2 relative residual: iterated = 6.455765e-09, true = 6.455765e-09 (requested = 1.000000e-08)
PyQUDA INFO: Time = 0.007 secs, Performance = 217.481 GFLOPS
BiCGstab: Convergence at 18 iterations, L2 relative residual: iterated = 9.066334e-09, true = 9.066334e-09 (requested = 1.000000e-08)
PyQUDA INFO: Time = 0.007 secs, Performance = 218.935 GFLOPS
BiCGstab: Convergence at 19 iterations, L2 relative residual: iterated = 3.924704e-09, true = 3.924704e-09 (requested = 1.000000e-08)
PyQUDA INFO: Time = 0.007 secs, Performance = 221.631 GFLOPS
BiCGstab: Convergence at 18 iterations, L2 relative residual: iterated = 7.515150e-09, true = 7.515150e-09 (requested = 1.000000e-08)
PyQUDA INFO: Time = 0.007 secs, Performance = 218.842 GFLOPS
BiCGstab: Convergence at 19 iterations, L2 relative residual: iterated = 3.605422e-09, true = 3.605422e-09 (requested = 1.000000e-08)
PyQUDA INFO: Time = 0.008 secs, Performance = 215.238 GFLOPS
BiCGstab: Convergence at 20 iterations, L2 relative residual: iterated = 3.933172e-09, true = 3.933172e-09 (requested = 1.000000e-08)
PyQUDA INFO: Time = 0.007 secs, Performance = 225.362 GFLOPS
BiCGstab: Convergence at 18 iterations, L2 relative residual: iterated = 7.334159e-09, true = 7.334159e-09 (requested = 1.000000e-08)
PyQUDA INFO: Time = 0.007 secs, Performance = 218.720 GFLOPS
BiCGstab: Convergence at 19 iterations, L2 relative residual: iterated = 6.129786e-09, true = 6.129786e-09 (requested = 1.000000e-08)
PyQUDA INFO: Time = 0.007 secs, Performance = 223.199 GFLOPS
BiCGstab: Convergence at 19 iterations, L2 relative residual: iterated = 3.873454e-09, true = 3.873454e-09 (requested = 1.000000e-08)
PyQUDA INFO: Time = 0.007 secs, Performance = 222.243 GFLOPS
BiCGstab: Convergence at 19 iterations, L2 relative residual: iterated = 2.212013e-09, true = 2.212013e-09 (requested = 1.000000e-08)
PyQUDA INFO: Time = 0.007 secs, Performance = 222.120 GFLOPS
BiCGstab: Convergence at 19 iterations, L2 relative residual: iterated = 5.191429e-09, true = 5.191429e-09 (requested = 1.000000e-08)
PyQUDA INFO: Time = 0.007 secs, Performance = 222.151 GFLOPS
BiCGstab: Convergence at 18 iterations, L2 relative residual: iterated = 5.805820e-09, true = 5.805820e-09 (requested = 1.000000e-08)
PyQUDA INFO: Time = 0.007 secs, Performance = 226.691 GFLOPS
BiCGstab: Convergence at 19 iterations, L2 relative residual: iterated = 2.801199e-09, true = 2.801199e-09 (requested = 1.000000e-08)
PyQUDA INFO: Time = 0.007 secs, Performance = 229.878 GFLOPS
BiCGstab: Convergence at 20 iterations, L2 relative residual: iterated = 8.291217e-10, true = 8.291217e-10 (requested = 1.000000e-08)
PyQUDA INFO: Time = 0.007 secs, Performance = 224.309 GFLOPS
BiCGstab: Convergence at 19 iterations, L2 relative residual: iterated = 5.979957e-09, true = 5.979957e-09 (requested = 1.000000e-08)
PyQUDA INFO: Time = 0.007 secs, Performance = 222.243 GFLOPS
BiCGstab: Convergence at 19 iterations, L2 relative residual: iterated = 3.683439e-09, true = 3.683439e-09 (requested = 1.000000e-08)
PyQUDA INFO: Time = 0.007 secs, Performance = 222.212 GFLOPS
BiCGstab: Convergence at 19 iterations, L2 relative residual: iterated = 5.365748e-09, true = 5.365748e-09 (requested = 1.000000e-08)
PyQUDA INFO: Time = 0.007 secs, Performance = 221.875 GFLOPS
BiCGstab: Convergence at 19 iterations, L2 relative residual: iterated = 2.519128e-09, true = 2.519128e-09 (requested = 1.000000e-08)
PyQUDA INFO: Time = 0.007 secs, Performance = 221.906 GFLOPS
BiCGstab: Convergence at 18 iterations, L2 relative residual: iterated = 5.471420e-09, true = 5.471420e-09 (requested = 1.000000e-08)
>>> Contraction type 1 time: 0.001 seconds
>>> Shift time: 0.002 seconds
>>> Contraction type 1 time: 0.001 seconds
>>> Shift time: 0.002 seconds
>>> Contraction type 1 time: 0.001 seconds
>>> Shift time: 0.002 seconds
>>> Contraction type 1 time: 0.001 seconds
>>> Shift time: 0.002 seconds
>>> Contraction type 1 time: 0.001 seconds
>>> Shift time: 0.002 seconds
>>> Contraction type 1 time: 0.001 seconds
>>> Shift time: 0.002 seconds
>>> Contraction type 1 time: 0.001 seconds
>>> Shift time: 0.002 seconds
>>> Contraction type 1 time: 0.001 seconds
>>> Shift time: 0.002 seconds
PyQUDA INFO: Time = 0.007 secs, Performance = 223.030 GFLOPS
BiCGstab: Convergence at 18 iterations, L2 relative residual: iterated = 4.273645e-09, true = 4.273645e-09 (requested = 1.000000e-08)
PyQUDA INFO: Time = 0.007 secs, Performance = 212.160 GFLOPS
BiCGstab: Convergence at 18 iterations, L2 relative residual: iterated = 7.941975e-09, true = 7.941975e-09 (requested = 1.000000e-08)
PyQUDA INFO: Time = 0.007 secs, Performance = 226.282 GFLOPS
BiCGstab: Convergence at 18 iterations, L2 relative residual: iterated = 6.547614e-09, true = 6.547614e-09 (requested = 1.000000e-08)
PyQUDA INFO: Time = 0.007 secs, Performance = 218.904 GFLOPS
BiCGstab: Convergence at 19 iterations, L2 relative residual: iterated = 2.629822e-09, true = 2.629822e-09 (requested = 1.000000e-08)
PyQUDA INFO: Time = 0.007 secs, Performance = 220.901 GFLOPS
BiCGstab: Convergence at 18 iterations, L2 relative residual: iterated = 4.621493e-09, true = 4.621493e-09 (requested = 1.000000e-08)
PyQUDA INFO: Time = 0.007 secs, Performance = 218.655 GFLOPS
BiCGstab: Convergence at 18 iterations, L2 relative residual: iterated = 7.224846e-09, true = 7.224846e-09 (requested = 1.000000e-08)
PyQUDA INFO: Time = 0.007 secs, Performance = 219.060 GFLOPS
BiCGstab: Convergence at 20 iterations, L2 relative residual: iterated = 2.304466e-09, true = 2.304466e-09 (requested = 1.000000e-08)
PyQUDA INFO: Time = 0.007 secs, Performance = 225.120 GFLOPS
BiCGstab: Convergence at 18 iterations, L2 relative residual: iterated = 4.168655e-09, true = 4.168655e-09 (requested = 1.000000e-08)
PyQUDA INFO: Time = 0.007 secs, Performance = 218.159 GFLOPS
BiCGstab: Convergence at 18 iterations, L2 relative residual: iterated = 5.973968e-09, true = 5.973968e-09 (requested = 1.000000e-08)
PyQUDA INFO: Time = 0.007 secs, Performance = 219.310 GFLOPS
BiCGstab: Convergence at 19 iterations, L2 relative residual: iterated = 2.641717e-09, true = 2.641717e-09 (requested = 1.000000e-08)
PyQUDA INFO: Time = 0.007 secs, Performance = 221.998 GFLOPS
BiCGstab: Convergence at 18 iterations, L2 relative residual: iterated = 6.032711e-09, true = 6.032711e-09 (requested = 1.000000e-08)
PyQUDA INFO: Time = 0.007 secs, Performance = 226.896 GFLOPS
BiCGstab: Convergence at 18 iterations, L2 relative residual: iterated = 8.438304e-09, true = 8.438304e-09 (requested = 1.000000e-08)
PyQUDA INFO: Time = 0.019 secs, Performance = 80.291 GFLOPS
BiCGstab: Convergence at 19 iterations, L2 relative residual: iterated = 7.378067e-09, true = 7.378067e-09 (requested = 1.000000e-08)
PyQUDA INFO: Time = 0.011 secs, Performance = 141.268 GFLOPS
BiCGstab: Convergence at 18 iterations, L2 relative residual: iterated = 9.320815e-09, true = 9.320815e-09 (requested = 1.000000e-08)
PyQUDA INFO: Time = 0.015 secs, Performance = 101.622 GFLOPS
BiCGstab: Convergence at 18 iterations, L2 relative residual: iterated = 7.556281e-09, true = 7.556281e-09 (requested = 1.000000e-08)
PyQUDA INFO: Time = 0.007 secs, Performance = 214.031 GFLOPS
BiCGstab: Convergence at 19 iterations, L2 relative residual: iterated = 2.868710e-09, true = 2.868710e-09 (requested = 1.000000e-08)
PyQUDA INFO: Time = 0.007 secs, Performance = 215.921 GFLOPS
BiCGstab: Convergence at 18 iterations, L2 relative residual: iterated = 7.953177e-09, true = 7.953177e-09 (requested = 1.000000e-08)
PyQUDA INFO: Time = 0.008 secs, Performance = 191.279 GFLOPS
BiCGstab: Convergence at 18 iterations, L2 relative residual: iterated = 8.220073e-09, true = 8.220073e-09 (requested = 1.000000e-08)
PyQUDA INFO: Time = 0.007 secs, Performance = 205.970 GFLOPS
BiCGstab: Convergence at 19 iterations, L2 relative residual: iterated = 5.665800e-09, true = 5.665800e-09 (requested = 1.000000e-08)
PyQUDA INFO: Time = 0.008 secs, Performance = 194.497 GFLOPS
BiCGstab: Convergence at 18 iterations, L2 relative residual: iterated = 4.899932e-09, true = 4.899932e-09 (requested = 1.000000e-08)
PyQUDA INFO: Time = 0.008 secs, Performance = 184.889 GFLOPS
BiCGstab: Convergence at 19 iterations, L2 relative residual: iterated = 3.340245e-09, true = 3.340245e-09 (requested = 1.000000e-08)
PyQUDA INFO: Time = 0.009 secs, Performance = 187.665 GFLOPS
BiCGstab: Convergence at 19 iterations, L2 relative residual: iterated = 4.407120e-09, true = 4.407120e-09 (requested = 1.000000e-08)
PyQUDA INFO: Time = 0.009 secs, Performance = 187.250 GFLOPS
BiCGstab: Convergence at 19 iterations, L2 relative residual: iterated = 3.444602e-09, true = 3.444602e-09 (requested = 1.000000e-08)
PyQUDA INFO: Time = 0.008 secs, Performance = 194.117 GFLOPS
BiCGstab: Convergence at 18 iterations, L2 relative residual: iterated = 5.123683e-09, true = 5.123683e-09 (requested = 1.000000e-08)
>>> Contraction type 1 time: 0.001 seconds
>>> Shift time: 0.003 seconds
>>> Contraction type 1 time: 0.001 seconds
>>> Shift time: 0.003 seconds
>>> Contraction type 1 time: 0.001 seconds
>>> Shift time: 0.003 seconds
>>> Contraction type 1 time: 0.001 seconds
>>> Shift time: 0.003 seconds
>>> Contraction type 1 time: 0.001 seconds
>>> Shift time: 0.003 seconds
>>> Contraction type 1 time: 0.001 seconds
>>> Shift time: 0.003 seconds
>>> Contraction type 1 time: 0.001 seconds
>>> Shift time: 0.003 seconds
>>> Contraction type 1 time: 0.001 seconds
>>> Shift time: 0.003 seconds
PyQUDA INFO: Time = 0.008 secs, Performance = 182.910 GFLOPS
BiCGstab: Convergence at 19 iterations, L2 relative residual: iterated = 5.096227e-09, true = 5.096227e-09 (requested = 1.000000e-08)
PyQUDA INFO: Time = 0.009 secs, Performance = 188.258 GFLOPS
BiCGstab: Convergence at 18 iterations, L2 relative residual: iterated = 8.189674e-09, true = 8.189674e-09 (requested = 1.000000e-08)
PyQUDA INFO: Time = 0.008 secs, Performance = 184.778 GFLOPS
BiCGstab: Convergence at 18 iterations, L2 relative residual: iterated = 4.794901e-09, true = 4.794901e-09 (requested = 1.000000e-08)
PyQUDA INFO: Time = 0.008 secs, Performance = 194.726 GFLOPS
BiCGstab: Convergence at 18 iterations, L2 relative residual: iterated = 6.726974e-09, true = 6.726974e-09 (requested = 1.000000e-08)
PyQUDA INFO: Time = 0.008 secs, Performance = 188.007 GFLOPS
BiCGstab: Convergence at 19 iterations, L2 relative residual: iterated = 2.243119e-09, true = 2.243119e-09 (requested = 1.000000e-08)
PyQUDA INFO: Time = 0.008 secs, Performance = 198.590 GFLOPS
BiCGstab: Convergence at 19 iterations, L2 relative residual: iterated = 4.935225e-09, true = 4.935225e-09 (requested = 1.000000e-08)
PyQUDA INFO: Time = 0.008 secs, Performance = 191.256 GFLOPS
BiCGstab: Convergence at 18 iterations, L2 relative residual: iterated = 5.420932e-09, true = 5.420932e-09 (requested = 1.000000e-08)
PyQUDA INFO: Time = 0.008 secs, Performance = 188.675 GFLOPS
BiCGstab: Convergence at 18 iterations, L2 relative residual: iterated = 6.353412e-09, true = 6.353412e-09 (requested = 1.000000e-08)
PyQUDA INFO: Time = 0.008 secs, Performance = 190.923 GFLOPS
BiCGstab: Convergence at 18 iterations, L2 relative residual: iterated = 7.016415e-09, true = 7.016415e-09 (requested = 1.000000e-08)
PyQUDA INFO: Time = 0.008 secs, Performance = 185.423 GFLOPS
BiCGstab: Convergence at 18 iterations, L2 relative residual: iterated = 5.928443e-09, true = 5.928443e-09 (requested = 1.000000e-08)
PyQUDA INFO: Time = 0.008 secs, Performance = 185.044 GFLOPS
BiCGstab: Convergence at 19 iterations, L2 relative residual: iterated = 3.596441e-09, true = 3.596441e-09 (requested = 1.000000e-08)
PyQUDA INFO: Time = 0.009 secs, Performance = 187.840 GFLOPS
BiCGstab: Convergence at 18 iterations, L2 relative residual: iterated = 8.046622e-09, true = 8.046622e-09 (requested = 1.000000e-08)
PyQUDA INFO: Time = 0.008 secs, Performance = 186.299 GFLOPS
BiCGstab: Convergence at 19 iterations, L2 relative residual: iterated = 3.889929e-09, true = 3.889929e-09 (requested = 1.000000e-08)
PyQUDA INFO: Time = 0.008 secs, Performance = 193.487 GFLOPS
BiCGstab: Convergence at 18 iterations, L2 relative residual: iterated = 5.979025e-09, true = 5.979025e-09 (requested = 1.000000e-08)
PyQUDA INFO: Time = 0.008 secs, Performance = 190.380 GFLOPS
BiCGstab: Convergence at 20 iterations, L2 relative residual: iterated = 8.853523e-09, true = 8.853523e-09 (requested = 1.000000e-08)
PyQUDA INFO: Time = 0.009 secs, Performance = 196.011 GFLOPS
BiCGstab: Convergence at 19 iterations, L2 relative residual: iterated = 3.813948e-09, true = 3.813948e-09 (requested = 1.000000e-08)
PyQUDA INFO: Time = 0.008 secs, Performance = 197.090 GFLOPS
BiCGstab: Convergence at 19 iterations, L2 relative residual: iterated = 6.098052e-09, true = 6.098052e-09 (requested = 1.000000e-08)
PyQUDA INFO: Time = 0.008 secs, Performance = 197.186 GFLOPS
BiCGstab: Convergence at 18 iterations, L2 relative residual: iterated = 7.968866e-09, true = 7.968866e-09 (requested = 1.000000e-08)
PyQUDA INFO: Time = 0.008 secs, Performance = 194.201 GFLOPS
BiCGstab: Convergence at 20 iterations, L2 relative residual: iterated = 1.523746e-09, true = 1.523746e-09 (requested = 1.000000e-08)
PyQUDA INFO: Time = 0.008 secs, Performance = 200.744 GFLOPS
BiCGstab: Convergence at 19 iterations, L2 relative residual: iterated = 4.611769e-09, true = 4.611769e-09 (requested = 1.000000e-08)
PyQUDA INFO: Time = 0.008 secs, Performance = 197.501 GFLOPS
BiCGstab: Convergence at 18 iterations, L2 relative residual: iterated = 8.017901e-09, true = 8.017901e-09 (requested = 1.000000e-08)
PyQUDA INFO: Time = 0.007 secs, Performance = 203.135 GFLOPS
BiCGstab: Convergence at 19 iterations, L2 relative residual: iterated = 2.041887e-09, true = 2.041887e-09 (requested = 1.000000e-08)
PyQUDA INFO: Time = 0.008 secs, Performance = 193.301 GFLOPS
BiCGstab: Convergence at 19 iterations, L2 relative residual: iterated = 2.866917e-09, true = 2.866917e-09 (requested = 1.000000e-08)
PyQUDA INFO: Time = 0.009 secs, Performance = 188.312 GFLOPS
BiCGstab: Convergence at 18 iterations, L2 relative residual: iterated = 4.570597e-09, true = 4.570597e-09 (requested = 1.000000e-08)
>>> Contraction type 1 time: 0.001 seconds
>>> Shift time: 0.003 seconds
>>> Contraction type 1 time: 0.001 seconds
>>> Shift time: 0.003 seconds
>>> Contraction type 1 time: 0.001 seconds
>>> Shift time: 0.003 seconds
>>> Contraction type 1 time: 0.001 seconds
>>> Shift time: 0.003 seconds
>>> Contraction type 1 time: 0.001 seconds
>>> Shift time: 0.003 seconds
>>> Contraction type 1 time: 0.001 seconds
>>> Shift time: 0.003 seconds
>>> Contraction type 1 time: 0.001 seconds
>>> Shift time: 0.003 seconds
>>> Contraction type 1 time: 0.001 seconds
>>> Shift time: 0.003 seconds
PyQUDA INFO: Time = 0.008 secs, Performance = 194.988 GFLOPS
BiCGstab: Convergence at 18 iterations, L2 relative residual: iterated = 8.379554e-09, true = 8.379554e-09 (requested = 1.000000e-08)
PyQUDA INFO: Time = 0.007 secs, Performance = 201.315 GFLOPS
BiCGstab: Convergence at 19 iterations, L2 relative residual: iterated = 8.777710e-09, true = 8.777710e-09 (requested = 1.000000e-08)
PyQUDA INFO: Time = 0.008 secs, Performance = 197.259 GFLOPS
BiCGstab: Convergence at 19 iterations, L2 relative residual: iterated = 2.778177e-09, true = 2.778177e-09 (requested = 1.000000e-08)
PyQUDA INFO: Time = 0.008 secs, Performance = 193.604 GFLOPS
BiCGstab: Convergence at 19 iterations, L2 relative residual: iterated = 2.581036e-09, true = 2.581036e-09 (requested = 1.000000e-08)
PyQUDA INFO: Time = 0.008 secs, Performance = 193.301 GFLOPS
BiCGstab: Convergence at 18 iterations, L2 relative residual: iterated = 4.505840e-09, true = 4.505840e-09 (requested = 1.000000e-08)
PyQUDA INFO: Time = 0.008 secs, Performance = 196.096 GFLOPS
BiCGstab: Convergence at 19 iterations, L2 relative residual: iterated = 5.360090e-09, true = 5.360090e-09 (requested = 1.000000e-08)
PyQUDA INFO: Time = 0.008 secs, Performance = 193.814 GFLOPS
BiCGstab: Convergence at 19 iterations, L2 relative residual: iterated = 6.559605e-09, true = 6.559605e-09 (requested = 1.000000e-08)
PyQUDA INFO: Time = 0.008 secs, Performance = 198.280 GFLOPS
BiCGstab: Convergence at 19 iterations, L2 relative residual: iterated = 2.436305e-09, true = 2.436305e-09 (requested = 1.000000e-08)
PyQUDA INFO: Time = 0.008 secs, Performance = 203.541 GFLOPS
BiCGstab: Convergence at 18 iterations, L2 relative residual: iterated = 6.053981e-09, true = 6.053981e-09 (requested = 1.000000e-08)
PyQUDA INFO: Time = 0.008 secs, Performance = 194.791 GFLOPS
BiCGstab: Convergence at 18 iterations, L2 relative residual: iterated = 7.641301e-09, true = 7.641301e-09 (requested = 1.000000e-08)
PyQUDA INFO: Time = 0.007 secs, Performance = 200.831 GFLOPS
BiCGstab: Convergence at 18 iterations, L2 relative residual: iterated = 8.109987e-09, true = 8.109987e-09 (requested = 1.000000e-08)
PyQUDA INFO: Time = 0.008 secs, Performance = 195.310 GFLOPS
BiCGstab: Convergence at 18 iterations, L2 relative residual: iterated = 6.036498e-09, true = 6.036498e-09 (requested = 1.000000e-08)
PyQUDA INFO: Time = 0.008 secs, Performance = 190.947 GFLOPS
BiCGstab: Convergence at 19 iterations, L2 relative residual: iterated = 2.452154e-09, true = 2.452154e-09 (requested = 1.000000e-08)
PyQUDA INFO: Time = 0.008 secs, Performance = 200.005 GFLOPS
BiCGstab: Convergence at 18 iterations, L2 relative residual: iterated = 9.994581e-09, true = 9.994581e-09 (requested = 1.000000e-08)
PyQUDA INFO: Time = 0.008 secs, Performance = 190.686 GFLOPS
BiCGstab: Convergence at 18 iterations, L2 relative residual: iterated = 8.083550e-09, true = 8.083550e-09 (requested = 1.000000e-08)
PyQUDA INFO: Time = 0.008 secs, Performance = 191.470 GFLOPS
BiCGstab: Convergence at 18 iterations, L2 relative residual: iterated = 6.251812e-09, true = 6.251812e-09 (requested = 1.000000e-08)
PyQUDA INFO: Time = 0.008 secs, Performance = 190.521 GFLOPS
BiCGstab: Convergence at 18 iterations, L2 relative residual: iterated = 5.720794e-09, true = 5.720794e-09 (requested = 1.000000e-08)
PyQUDA INFO: Time = 0.008 secs, Performance = 196.711 GFLOPS
BiCGstab: Convergence at 19 iterations, L2 relative residual: iterated = 3.927022e-09, true = 3.927022e-09 (requested = 1.000000e-08)
PyQUDA INFO: Time = 0.008 secs, Performance = 203.989 GFLOPS
BiCGstab: Convergence at 18 iterations, L2 relative residual: iterated = 8.294446e-09, true = 8.294446e-09 (requested = 1.000000e-08)
PyQUDA INFO: Time = 0.008 secs, Performance = 195.137 GFLOPS
BiCGstab: Convergence at 18 iterations, L2 relative residual: iterated = 9.276244e-09, true = 9.276244e-09 (requested = 1.000000e-08)
PyQUDA INFO: Time = 0.008 secs, Performance = 195.211 GFLOPS
BiCGstab: Convergence at 18 iterations, L2 relative residual: iterated = 5.291320e-09, true = 5.291320e-09 (requested = 1.000000e-08)
PyQUDA INFO: Time = 0.008 secs, Performance = 195.534 GFLOPS
BiCGstab: Convergence at 19 iterations, L2 relative residual: iterated = 3.317137e-09, true = 3.317137e-09 (requested = 1.000000e-08)
PyQUDA INFO: Time = 0.008 secs, Performance = 197.477 GFLOPS
BiCGstab: Convergence at 18 iterations, L2 relative residual: iterated = 8.302711e-09, true = 8.302711e-09 (requested = 1.000000e-08)
PyQUDA INFO: Time = 0.007 secs, Performance = 204.127 GFLOPS
BiCGstab: Convergence at 18 iterations, L2 relative residual: iterated = 4.338210e-09, true = 4.338210e-09 (requested = 1.000000e-08)
>>> Contraction type 1 time: 0.001 seconds
>>> Shift time: 0.003 seconds
>>> Contraction type 1 time: 0.001 seconds
>>> Shift time: 0.003 seconds
>>> Contraction type 1 time: 0.001 seconds
>>> Shift time: 0.003 seconds
>>> Contraction type 1 time: 0.001 seconds
>>> Shift time: 0.003 seconds
>>> Contraction type 1 time: 0.001 seconds
>>> Shift time: 0.003 seconds
>>> Contraction type 1 time: 0.001 seconds
>>> Shift time: 0.003 seconds
>>> Contraction type 1 time: 0.001 seconds
>>> Shift time: 0.003 seconds
>>> Contraction type 1 time: 0.001 seconds
>>> Shift time: 0.003 seconds
PyQUDA INFO: Time = 0.008 secs, Performance = 194.544 GFLOPS
BiCGstab: Convergence at 19 iterations, L2 relative residual: iterated = 2.509299e-09, true = 2.509299e-09 (requested = 1.000000e-08)
PyQUDA INFO: Time = 0.008 secs, Performance = 197.719 GFLOPS
BiCGstab: Convergence at 18 iterations, L2 relative residual: iterated = 5.725452e-09, true = 5.725452e-09 (requested = 1.000000e-08)
PyQUDA INFO: Time = 0.008 secs, Performance = 195.013 GFLOPS
BiCGstab: Convergence at 18 iterations, L2 relative residual: iterated = 4.213227e-09, true = 4.213227e-09 (requested = 1.000000e-08)
PyQUDA INFO: Time = 0.008 secs, Performance = 195.708 GFLOPS
BiCGstab: Convergence at 19 iterations, L2 relative residual: iterated = 2.206434e-09, true = 2.206434e-09 (requested = 1.000000e-08)
PyQUDA INFO: Time = 0.009 secs, Performance = 193.072 GFLOPS
BiCGstab: Convergence at 18 iterations, L2 relative residual: iterated = 5.448927e-09, true = 5.448927e-09 (requested = 1.000000e-08)
PyQUDA INFO: Time = 0.008 secs, Performance = 196.736 GFLOPS
BiCGstab: Convergence at 20 iterations, L2 relative residual: iterated = 7.161690e-10, true = 7.161690e-10 (requested = 1.000000e-08)
PyQUDA INFO: Time = 0.009 secs, Performance = 195.510 GFLOPS
BiCGstab: Convergence at 18 iterations, L2 relative residual: iterated = 5.309208e-09, true = 5.309208e-09 (requested = 1.000000e-08)
PyQUDA INFO: Time = 0.008 secs, Performance = 196.994 GFLOPS
BiCGstab: Convergence at 18 iterations, L2 relative residual: iterated = 8.911280e-09, true = 8.911280e-09 (requested = 1.000000e-08)
PyQUDA INFO: Time = 0.008 secs, Performance = 190.639 GFLOPS
BiCGstab: Convergence at 18 iterations, L2 relative residual: iterated = 7.191909e-09, true = 7.191909e-09 (requested = 1.000000e-08)
PyQUDA INFO: Time = 0.008 secs, Performance = 197.466 GFLOPS
BiCGstab: Convergence at 18 iterations, L2 relative residual: iterated = 6.541497e-09, true = 6.541497e-09 (requested = 1.000000e-08)
PyQUDA INFO: Time = 0.007 secs, Performance = 201.557 GFLOPS
BiCGstab: Convergence at 18 iterations, L2 relative residual: iterated = 5.360047e-09, true = 5.360047e-09 (requested = 1.000000e-08)
PyQUDA INFO: Time = 0.007 secs, Performance = 201.990 GFLOPS
BiCGstab: Convergence at 18 iterations, L2 relative residual: iterated = 6.791045e-09, true = 6.791045e-09 (requested = 1.000000e-08)
PyQUDA INFO: Time = 0.008 secs, Performance = 191.018 GFLOPS
BiCGstab: Convergence at 20 iterations, L2 relative residual: iterated = 6.602657e-10, true = 6.602657e-10 (requested = 1.000000e-08)
PyQUDA INFO: Time = 0.008 secs, Performance = 199.385 GFLOPS
BiCGstab: Convergence at 18 iterations, L2 relative residual: iterated = 4.917569e-09, true = 4.917569e-09 (requested = 1.000000e-08)
PyQUDA INFO: Time = 0.008 secs, Performance = 189.771 GFLOPS
BiCGstab: Convergence at 19 iterations, L2 relative residual: iterated = 8.113400e-09, true = 8.113400e-09 (requested = 1.000000e-08)
PyQUDA INFO: Time = 0.008 secs, Performance = 200.653 GFLOPS
BiCGstab: Convergence at 18 iterations, L2 relative residual: iterated = 8.617703e-09, true = 8.617703e-09 (requested = 1.000000e-08)
PyQUDA INFO: Time = 0.008 secs, Performance = 190.852 GFLOPS
BiCGstab: Convergence at 19 iterations, L2 relative residual: iterated = 8.129790e-09, true = 8.129790e-09 (requested = 1.000000e-08)
PyQUDA INFO: Time = 0.008 secs, Performance = 193.557 GFLOPS
BiCGstab: Convergence at 19 iterations, L2 relative residual: iterated = 4.103257e-09, true = 4.103257e-09 (requested = 1.000000e-08)
PyQUDA INFO: Time = 0.008 secs, Performance = 193.557 GFLOPS
BiCGstab: Convergence at 19 iterations, L2 relative residual: iterated = 2.404553e-09, true = 2.404553e-09 (requested = 1.000000e-08)
PyQUDA INFO: Time = 0.008 secs, Performance = 193.837 GFLOPS
BiCGstab: Convergence at 18 iterations, L2 relative residual: iterated = 5.090741e-09, true = 5.090741e-09 (requested = 1.000000e-08)
PyQUDA INFO: Time = 0.008 secs, Performance = 195.038 GFLOPS
BiCGstab: Convergence at 18 iterations, L2 relative residual: iterated = 9.338908e-09, true = 9.338908e-09 (requested = 1.000000e-08)
PyQUDA INFO: Time = 0.008 secs, Performance = 195.360 GFLOPS
BiCGstab: Convergence at 18 iterations, L2 relative residual: iterated = 6.406851e-09, true = 6.406851e-09 (requested = 1.000000e-08)
PyQUDA INFO: Time = 0.008 secs, Performance = 195.013 GFLOPS
BiCGstab: Convergence at 18 iterations, L2 relative residual: iterated = 4.394704e-09, true = 4.394704e-09 (requested = 1.000000e-08)
PyQUDA INFO: Time = 0.008 secs, Performance = 194.544 GFLOPS
BiCGstab: Convergence at 18 iterations, L2 relative residual: iterated = 9.584629e-09, true = 9.584629e-09 (requested = 1.000000e-08)
>>> Contraction type 1 time: 0.001 seconds
>>> Shift time: 0.003 seconds
>>> Contraction type 1 time: 0.001 seconds
>>> Shift time: 0.003 seconds
>>> Contraction type 1 time: 0.001 seconds
>>> Shift time: 0.003 seconds
>>> Contraction type 1 time: 0.001 seconds
>>> Shift time: 0.003 seconds
>>> Contraction type 1 time: 0.001 seconds
>>> Shift time: 0.003 seconds
>>> Contraction type 1 time: 0.001 seconds
>>> Shift time: 0.003 seconds
>>> Contraction type 1 time: 0.001 seconds
>>> Shift time: 0.003 seconds
>>> Contraction type 1 time: 0.001 seconds
>>> Shift time: 0.003 seconds
PyQUDA INFO: Time = 0.008 secs, Performance = 190.663 GFLOPS
BiCGstab: Convergence at 18 iterations, L2 relative residual: iterated = 4.592769e-09, true = 4.592769e-09 (requested = 1.000000e-08)
PyQUDA INFO: Time = 0.007 secs, Performance = 203.217 GFLOPS
BiCGstab: Convergence at 18 iterations, L2 relative residual: iterated = 9.232497e-09, true = 9.232497e-09 (requested = 1.000000e-08)
PyQUDA INFO: Time = 0.007 secs, Performance = 201.234 GFLOPS
BiCGstab: Convergence at 19 iterations, L2 relative residual: iterated = 2.046861e-09, true = 2.046861e-09 (requested = 1.000000e-08)
PyQUDA INFO: Time = 0.008 secs, Performance = 203.778 GFLOPS
BiCGstab: Convergence at 19 iterations, L2 relative residual: iterated = 2.905254e-09, true = 2.905254e-09 (requested = 1.000000e-08)
PyQUDA INFO: Time = 0.008 secs, Performance = 197.719 GFLOPS
BiCGstab: Convergence at 19 iterations, L2 relative residual: iterated = 3.252311e-09, true = 3.252311e-09 (requested = 1.000000e-08)
PyQUDA INFO: Time = 0.008 secs, Performance = 203.751 GFLOPS
BiCGstab: Convergence at 18 iterations, L2 relative residual: iterated = 4.477657e-09, true = 4.477657e-09 (requested = 1.000000e-08)
PyQUDA INFO: Time = 0.008 secs, Performance = 194.988 GFLOPS
BiCGstab: Convergence at 18 iterations, L2 relative residual: iterated = 8.276829e-09, true = 8.276829e-09 (requested = 1.000000e-08)
PyQUDA INFO: Time = 0.008 secs, Performance = 191.113 GFLOPS
BiCGstab: Convergence at 18 iterations, L2 relative residual: iterated = 4.541579e-09, true = 4.541579e-09 (requested = 1.000000e-08)
PyQUDA INFO: Time = 0.008 secs, Performance = 190.592 GFLOPS
BiCGstab: Convergence at 18 iterations, L2 relative residual: iterated = 4.325344e-09, true = 4.325344e-09 (requested = 1.000000e-08)
PyQUDA INFO: Time = 0.008 secs, Performance = 191.089 GFLOPS
BiCGstab: Convergence at 18 iterations, L2 relative residual: iterated = 4.174200e-09, true = 4.174200e-09 (requested = 1.000000e-08)
PyQUDA INFO: Time = 0.008 secs, Performance = 190.356 GFLOPS
BiCGstab: Convergence at 18 iterations, L2 relative residual: iterated = 9.779650e-09, true = 9.779650e-09 (requested = 1.000000e-08)
PyQUDA INFO: Time = 0.007 secs, Performance = 203.768 GFLOPS
BiCGstab: Convergence at 18 iterations, L2 relative residual: iterated = 7.703837e-09, true = 7.703837e-09 (requested = 1.000000e-08)
PyQUDA INFO: Time = 0.008 secs, Performance = 201.266 GFLOPS
BiCGstab: Convergence at 18 iterations, L2 relative residual: iterated = 9.011285e-09, true = 9.011285e-09 (requested = 1.000000e-08)
PyQUDA INFO: Time = 0.008 secs, Performance = 188.283 GFLOPS
BiCGstab: Convergence at 19 iterations, L2 relative residual: iterated = 2.092748e-09, true = 2.092748e-09 (requested = 1.000000e-08)
PyQUDA INFO: Time = 0.008 secs, Performance = 210.470 GFLOPS
BiCGstab: Convergence at 20 iterations, L2 relative residual: iterated = 2.033763e-09, true = 2.033763e-09 (requested = 1.000000e-08)
PyQUDA INFO: Time = 0.008 secs, Performance = 219.990 GFLOPS
BiCGstab: Convergence at 18 iterations, L2 relative residual: iterated = 5.469988e-09, true = 5.469988e-09 (requested = 1.000000e-08)
PyQUDA INFO: Time = 0.007 secs, Performance = 211.385 GFLOPS
BiCGstab: Convergence at 19 iterations, L2 relative residual: iterated = 5.256523e-09, true = 5.256523e-09 (requested = 1.000000e-08)
PyQUDA INFO: Time = 0.012 secs, Performance = 135.123 GFLOPS
BiCGstab: Convergence at 19 iterations, L2 relative residual: iterated = 3.048579e-09, true = 3.048579e-09 (requested = 1.000000e-08)
PyQUDA INFO: Time = 0.010 secs, Performance = 160.056 GFLOPS
BiCGstab: Convergence at 18 iterations, L2 relative residual: iterated = 9.839406e-09, true = 9.839406e-09 (requested = 1.000000e-08)
PyQUDA INFO: Time = 0.007 secs, Performance = 207.228 GFLOPS
BiCGstab: Convergence at 18 iterations, L2 relative residual: iterated = 5.967846e-09, true = 5.967846e-09 (requested = 1.000000e-08)
PyQUDA INFO: Time = 0.007 secs, Performance = 213.142 GFLOPS
BiCGstab: Convergence at 18 iterations, L2 relative residual: iterated = 6.677782e-09, true = 6.677782e-09 (requested = 1.000000e-08)
PyQUDA INFO: Time = 0.007 secs, Performance = 212.553 GFLOPS
BiCGstab: Convergence at 18 iterations, L2 relative residual: iterated = 6.929782e-09, true = 6.929782e-09 (requested = 1.000000e-08)
PyQUDA INFO: Time = 0.007 secs, Performance = 221.749 GFLOPS
BiCGstab: Convergence at 20 iterations, L2 relative residual: iterated = 1.169999e-09, true = 1.169999e-09 (requested = 1.000000e-08)
PyQUDA INFO: Time = 0.008 secs, Performance = 218.843 GFLOPS
BiCGstab: Convergence at 19 iterations, L2 relative residual: iterated = 2.035068e-09, true = 2.035068e-09 (requested = 1.000000e-08)
>>> Contraction type 1 time: 0.001 seconds
>>> Shift time: 0.002 seconds
>>> Contraction type 1 time: 0.001 seconds
>>> Shift time: 0.002 seconds
>>> Contraction type 1 time: 0.001 seconds
>>> Shift time: 0.002 seconds
>>> Contraction type 1 time: 0.001 seconds
>>> Shift time: 0.002 seconds
>>> Contraction type 1 time: 0.001 seconds
>>> Shift time: 0.002 seconds
>>> Contraction type 1 time: 0.001 seconds
>>> Shift time: 0.002 seconds
>>> Contraction type 1 time: 0.001 seconds
>>> Shift time: 0.002 seconds
>>> Contraction type 1 time: 0.001 seconds
>>> Shift time: 0.002 seconds
PyQUDA INFO: Time = 0.007 secs, Performance = 219.809 GFLOPS
BiCGstab: Convergence at 18 iterations, L2 relative residual: iterated = 8.525864e-09, true = 8.525864e-09 (requested = 1.000000e-08)
PyQUDA INFO: Time = 0.007 secs, Performance = 212.965 GFLOPS
BiCGstab: Convergence at 20 iterations, L2 relative residual: iterated = 2.219748e-09, true = 2.219748e-09 (requested = 1.000000e-08)
PyQUDA INFO: Time = 0.008 secs, Performance = 219.043 GFLOPS
BiCGstab: Convergence at 18 iterations, L2 relative residual: iterated = 5.436447e-09, true = 5.436447e-09 (requested = 1.000000e-08)
PyQUDA INFO: Time = 0.008 secs, Performance = 203.850 GFLOPS
BiCGstab: Convergence at 18 iterations, L2 relative residual: iterated = 6.603933e-09, true = 6.603933e-09 (requested = 1.000000e-08)
PyQUDA INFO: Time = 0.007 secs, Performance = 212.377 GFLOPS
BiCGstab: Convergence at 19 iterations, L2 relative residual: iterated = 5.833829e-09, true = 5.833829e-09 (requested = 1.000000e-08)
PyQUDA INFO: Time = 0.007 secs, Performance = 216.327 GFLOPS
BiCGstab: Convergence at 18 iterations, L2 relative residual: iterated = 3.959346e-09, true = 3.959346e-09 (requested = 1.000000e-08)
PyQUDA INFO: Time = 0.007 secs, Performance = 211.298 GFLOPS
BiCGstab: Convergence at 18 iterations, L2 relative residual: iterated = 9.731774e-09, true = 9.731774e-09 (requested = 1.000000e-08)
PyQUDA INFO: Time = 0.007 secs, Performance = 212.553 GFLOPS
BiCGstab: Convergence at 17 iterations, L2 relative residual: iterated = 9.776642e-09, true = 9.776642e-09 (requested = 1.000000e-08)
PyQUDA INFO: Time = 0.007 secs, Performance = 217.009 GFLOPS
BiCGstab: Convergence at 19 iterations, L2 relative residual: iterated = 8.662304e-09, true = 8.662304e-09 (requested = 1.000000e-08)
PyQUDA INFO: Time = 0.007 secs, Performance = 216.066 GFLOPS
BiCGstab: Convergence at 18 iterations, L2 relative residual: iterated = 8.304887e-09, true = 8.304887e-09 (requested = 1.000000e-08)
PyQUDA INFO: Time = 0.008 secs, Performance = 186.865 GFLOPS
BiCGstab: Convergence at 19 iterations, L2 relative residual: iterated = 9.031929e-09, true = 9.031929e-09 (requested = 1.000000e-08)
PyQUDA INFO: Time = 0.007 secs, Performance = 216.647 GFLOPS
BiCGstab: Convergence at 19 iterations, L2 relative residual: iterated = 2.914018e-09, true = 2.914018e-09 (requested = 1.000000e-08)
PyQUDA INFO: Time = 0.007 secs, Performance = 214.710 GFLOPS
BiCGstab: Convergence at 18 iterations, L2 relative residual: iterated = 7.504786e-09, true = 7.504786e-09 (requested = 1.000000e-08)
PyQUDA INFO: Time = 0.007 secs, Performance = 219.937 GFLOPS
BiCGstab: Convergence at 20 iterations, L2 relative residual: iterated = 6.204878e-09, true = 6.204878e-09 (requested = 1.000000e-08)
PyQUDA INFO: Time = 0.007 secs, Performance = 225.453 GFLOPS
BiCGstab: Convergence at 19 iterations, L2 relative residual: iterated = 9.306832e-09, true = 9.306832e-09 (requested = 1.000000e-08)
PyQUDA INFO: Time = 0.007 secs, Performance = 222.458 GFLOPS
BiCGstab: Convergence at 18 iterations, L2 relative residual: iterated = 6.834913e-09, true = 6.834913e-09 (requested = 1.000000e-08)
PyQUDA INFO: Time = 0.007 secs, Performance = 219.247 GFLOPS
BiCGstab: Convergence at 19 iterations, L2 relative residual: iterated = 5.154422e-09, true = 5.154422e-09 (requested = 1.000000e-08)
PyQUDA INFO: Time = 0.007 secs, Performance = 222.489 GFLOPS
BiCGstab: Convergence at 18 iterations, L2 relative residual: iterated = 7.659144e-09, true = 7.659144e-09 (requested = 1.000000e-08)
PyQUDA INFO: Time = 0.007 secs, Performance = 219.216 GFLOPS
BiCGstab: Convergence at 19 iterations, L2 relative residual: iterated = 2.089670e-09, true = 2.089670e-09 (requested = 1.000000e-08)
PyQUDA INFO: Time = 0.007 secs, Performance = 221.814 GFLOPS
BiCGstab: Convergence at 19 iterations, L2 relative residual: iterated = 5.802253e-09, true = 5.802253e-09 (requested = 1.000000e-08)
PyQUDA INFO: Time = 0.007 secs, Performance = 222.212 GFLOPS
BiCGstab: Convergence at 18 iterations, L2 relative residual: iterated = 8.961906e-09, true = 8.961906e-09 (requested = 1.000000e-08)
PyQUDA INFO: Time = 0.007 secs, Performance = 227.548 GFLOPS
BiCGstab: Convergence at 18 iterations, L2 relative residual: iterated = 6.365580e-09, true = 6.365580e-09 (requested = 1.000000e-08)
PyQUDA INFO: Time = 0.007 secs, Performance = 219.529 GFLOPS
BiCGstab: Convergence at 18 iterations, L2 relative residual: iterated = 9.907474e-09, true = 9.907474e-09 (requested = 1.000000e-08)
PyQUDA INFO: Time = 0.007 secs, Performance = 219.748 GFLOPS
BiCGstab: Convergence at 18 iterations, L2 relative residual: iterated = 4.781902e-09, true = 4.781902e-09 (requested = 1.000000e-08)
>>> Contraction type 1 time: 0.001 seconds
>>> Shift time: 0.002 seconds
>>> Contraction type 1 time: 0.001 seconds
>>> Shift time: 0.002 seconds
>>> Contraction type 1 time: 0.001 seconds
>>> Shift time: 0.002 seconds
>>> Contraction type 1 time: 0.001 seconds
>>> Shift time: 0.002 seconds
>>> Contraction type 1 time: 0.001 seconds
>>> Shift time: 0.002 seconds
>>> Contraction type 1 time: 0.001 seconds
>>> Shift time: 0.002 seconds
>>> Contraction type 1 time: 0.001 seconds
>>> Shift time: 0.002 seconds
>>> Contraction type 1 time: 0.001 seconds
>>> Shift time: 0.002 seconds
PyQUDA INFO: Time = 0.007 secs, Performance = 215.199 GFLOPS
BiCGstab: Convergence at 18 iterations, L2 relative residual: iterated = 8.508623e-09, true = 8.508623e-09 (requested = 1.000000e-08)
PyQUDA INFO: Time = 0.007 secs, Performance = 219.529 GFLOPS
BiCGstab: Convergence at 18 iterations, L2 relative residual: iterated = 6.724775e-09, true = 6.724775e-09 (requested = 1.000000e-08)
PyQUDA INFO: Time = 0.007 secs, Performance = 219.060 GFLOPS
BiCGstab: Convergence at 20 iterations, L2 relative residual: iterated = 1.451482e-09, true = 1.451482e-09 (requested = 1.000000e-08)
PyQUDA INFO: Time = 0.007 secs, Performance = 233.631 GFLOPS
BiCGstab: Convergence at 20 iterations, L2 relative residual: iterated = 3.373169e-09, true = 3.373169e-09 (requested = 1.000000e-08)
PyQUDA INFO: Time = 0.007 secs, Performance = 225.453 GFLOPS
BiCGstab: Convergence at 18 iterations, L2 relative residual: iterated = 6.024089e-09, true = 6.024089e-09 (requested = 1.000000e-08)
PyQUDA INFO: Time = 0.007 secs, Performance = 219.654 GFLOPS
BiCGstab: Convergence at 18 iterations, L2 relative residual: iterated = 5.919480e-09, true = 5.919480e-09 (requested = 1.000000e-08)
PyQUDA INFO: Time = 0.007 secs, Performance = 212.160 GFLOPS
BiCGstab: Convergence at 19 iterations, L2 relative residual: iterated = 7.530008e-09, true = 7.530008e-09 (requested = 1.000000e-08)
PyQUDA INFO: Time = 0.007 secs, Performance = 222.550 GFLOPS
BiCGstab: Convergence at 18 iterations, L2 relative residual: iterated = 6.417655e-09, true = 6.417655e-09 (requested = 1.000000e-08)
PyQUDA INFO: Time = 0.007 secs, Performance = 226.623 GFLOPS
BiCGstab: Convergence at 18 iterations, L2 relative residual: iterated = 9.891718e-09, true = 9.891718e-09 (requested = 1.000000e-08)
PyQUDA INFO: Time = 0.007 secs, Performance = 218.376 GFLOPS
BiCGstab: Convergence at 19 iterations, L2 relative residual: iterated = 5.200577e-09, true = 5.200577e-09 (requested = 1.000000e-08)
PyQUDA INFO: Time = 0.007 secs, Performance = 222.120 GFLOPS
BiCGstab: Convergence at 18 iterations, L2 relative residual: iterated = 6.523211e-09, true = 6.523211e-09 (requested = 1.000000e-08)
PyQUDA INFO: Time = 0.007 secs, Performance = 219.435 GFLOPS
BiCGstab: Convergence at 20 iterations, L2 relative residual: iterated = 2.218760e-09, true = 2.218760e-09 (requested = 1.000000e-08)
PyQUDA INFO: Time = 0.008 secs, Performance = 218.076 GFLOPS
BiCGstab: Convergence at 18 iterations, L2 relative residual: iterated = 6.766948e-09, true = 6.766948e-09 (requested = 1.000000e-08)
PyQUDA INFO: Time = 0.007 secs, Performance = 219.717 GFLOPS
BiCGstab: Convergence at 18 iterations, L2 relative residual: iterated = 7.720290e-09, true = 7.720290e-09 (requested = 1.000000e-08)
PyQUDA INFO: Time = 0.007 secs, Performance = 219.372 GFLOPS
BiCGstab: Convergence at 19 iterations, L2 relative residual: iterated = 3.049257e-09, true = 3.049257e-09 (requested = 1.000000e-08)
PyQUDA INFO: Time = 0.007 secs, Performance = 222.151 GFLOPS
BiCGstab: Convergence at 18 iterations, L2 relative residual: iterated = 8.405149e-09, true = 8.405149e-09 (requested = 1.000000e-08)
PyQUDA INFO: Time = 0.007 secs, Performance = 219.154 GFLOPS
BiCGstab: Convergence at 19 iterations, L2 relative residual: iterated = 2.273047e-09, true = 2.273047e-09 (requested = 1.000000e-08)
PyQUDA INFO: Time = 0.007 secs, Performance = 229.744 GFLOPS
BiCGstab: Convergence at 19 iterations, L2 relative residual: iterated = 3.886270e-09, true = 3.886270e-09 (requested = 1.000000e-08)
PyQUDA INFO: Time = 0.007 secs, Performance = 222.920 GFLOPS
BiCGstab: Convergence at 19 iterations, L2 relative residual: iterated = 2.691980e-09, true = 2.691980e-09 (requested = 1.000000e-08)
PyQUDA INFO: Time = 0.008 secs, Performance = 214.591 GFLOPS
BiCGstab: Convergence at 19 iterations, L2 relative residual: iterated = 2.313934e-09, true = 2.313934e-09 (requested = 1.000000e-08)
PyQUDA INFO: Time = 0.007 secs, Performance = 222.090 GFLOPS
BiCGstab: Convergence at 18 iterations, L2 relative residual: iterated = 5.410290e-09, true = 5.410290e-09 (requested = 1.000000e-08)
PyQUDA INFO: Time = 0.007 secs, Performance = 218.811 GFLOPS
BiCGstab: Convergence at 18 iterations, L2 relative residual: iterated = 9.409742e-09, true = 9.409742e-09 (requested = 1.000000e-08)
PyQUDA INFO: Time = 0.007 secs, Performance = 218.998 GFLOPS
BiCGstab: Convergence at 19 iterations, L2 relative residual: iterated = 6.036512e-09, true = 6.036512e-09 (requested = 1.000000e-08)
PyQUDA INFO: Time = 0.007 secs, Performance = 221.906 GFLOPS
BiCGstab: Convergence at 19 iterations, L2 relative residual: iterated = 5.922099e-09, true = 5.922099e-09 (requested = 1.000000e-08)
>>> Contraction type 1 time: 0.001 seconds
>>> Shift time: 0.002 seconds
>>> Contraction type 1 time: 0.001 seconds
>>> Shift time: 0.002 seconds
>>> Contraction type 1 time: 0.001 seconds
>>> Shift time: 0.002 seconds
>>> Contraction type 1 time: 0.001 seconds
>>> Shift time: 0.002 seconds
>>> Contraction type 1 time: 0.001 seconds
>>> Shift time: 0.002 seconds
>>> Contraction type 1 time: 0.001 seconds
>>> Shift time: 0.002 seconds
>>> Contraction type 1 time: 0.001 seconds
>>> Shift time: 0.002 seconds
>>> Contraction type 1 time: 0.001 seconds
>>> Shift time: 0.002 seconds
PyQUDA INFO: Time = 0.007 secs, Performance = 224.988 GFLOPS
BiCGstab: Convergence at 19 iterations, L2 relative residual: iterated = 1.967141e-09, true = 1.967141e-09 (requested = 1.000000e-08)
PyQUDA INFO: Time = 0.007 secs, Performance = 223.354 GFLOPS
BiCGstab: Convergence at 18 iterations, L2 relative residual: iterated = 4.243103e-09, true = 4.243103e-09 (requested = 1.000000e-08)
PyQUDA INFO: Time = 0.007 secs, Performance = 226.896 GFLOPS
BiCGstab: Convergence at 17 iterations, L2 relative residual: iterated = 7.994962e-09, true = 7.994962e-09 (requested = 1.000000e-08)
PyQUDA INFO: Time = 0.007 secs, Performance = 215.452 GFLOPS
BiCGstab: Convergence at 18 iterations, L2 relative residual: iterated = 5.747207e-09, true = 5.747207e-09 (requested = 1.000000e-08)
PyQUDA INFO: Time = 0.007 secs, Performance = 218.748 GFLOPS
BiCGstab: Convergence at 18 iterations, L2 relative residual: iterated = 7.560080e-09, true = 7.560080e-09 (requested = 1.000000e-08)
PyQUDA INFO: Time = 0.007 secs, Performance = 226.351 GFLOPS
BiCGstab: Convergence at 20 iterations, L2 relative residual: iterated = 2.970943e-09, true = 2.970943e-09 (requested = 1.000000e-08)
PyQUDA INFO: Time = 0.007 secs, Performance = 225.453 GFLOPS
BiCGstab: Convergence at 19 iterations, L2 relative residual: iterated = 2.161022e-09, true = 2.161022e-09 (requested = 1.000000e-08)
PyQUDA INFO: Time = 0.007 secs, Performance = 229.844 GFLOPS
BiCGstab: Convergence at 19 iterations, L2 relative residual: iterated = 9.126046e-09, true = 9.126046e-09 (requested = 1.000000e-08)
PyQUDA INFO: Time = 0.007 secs, Performance = 222.797 GFLOPS
BiCGstab: Convergence at 18 iterations, L2 relative residual: iterated = 9.132341e-09, true = 9.132341e-09 (requested = 1.000000e-08)
PyQUDA INFO: Time = 0.007 secs, Performance = 225.537 GFLOPS
BiCGstab: Convergence at 18 iterations, L2 relative residual: iterated = 6.785464e-09, true = 6.785464e-09 (requested = 1.000000e-08)
PyQUDA INFO: Time = 0.007 secs, Performance = 226.045 GFLOPS
BiCGstab: Convergence at 19 iterations, L2 relative residual: iterated = 7.604383e-09, true = 7.604383e-09 (requested = 1.000000e-08)
PyQUDA INFO: Time = 0.007 secs, Performance = 229.878 GFLOPS
BiCGstab: Convergence at 19 iterations, L2 relative residual: iterated = 5.830633e-09, true = 5.830633e-09 (requested = 1.000000e-08)
PyQUDA INFO: Time = 0.007 secs, Performance = 215.660 GFLOPS
BiCGstab: Convergence at 18 iterations, L2 relative residual: iterated = 8.724040e-09, true = 8.724040e-09 (requested = 1.000000e-08)
PyQUDA INFO: Time = 0.007 secs, Performance = 219.717 GFLOPS
BiCGstab: Convergence at 18 iterations, L2 relative residual: iterated = 5.197327e-09, true = 5.197327e-09 (requested = 1.000000e-08)
PyQUDA INFO: Time = 0.007 secs, Performance = 218.811 GFLOPS
BiCGstab: Convergence at 18 iterations, L2 relative residual: iterated = 7.678256e-09, true = 7.678256e-09 (requested = 1.000000e-08)
PyQUDA INFO: Time = 0.007 secs, Performance = 218.998 GFLOPS
BiCGstab: Convergence at 19 iterations, L2 relative residual: iterated = 3.150159e-09, true = 3.150159e-09 (requested = 1.000000e-08)
PyQUDA INFO: Time = 0.007 secs, Performance = 222.520 GFLOPS
BiCGstab: Convergence at 19 iterations, L2 relative residual: iterated = 5.292665e-09, true = 5.292665e-09 (requested = 1.000000e-08)
PyQUDA INFO: Time = 0.007 secs, Performance = 222.612 GFLOPS
BiCGstab: Convergence at 18 iterations, L2 relative residual: iterated = 5.184437e-09, true = 5.184437e-09 (requested = 1.000000e-08)
PyQUDA INFO: Time = 0.007 secs, Performance = 219.529 GFLOPS
BiCGstab: Convergence at 18 iterations, L2 relative residual: iterated = 5.202815e-09, true = 5.202815e-09 (requested = 1.000000e-08)
PyQUDA INFO: Time = 0.007 secs, Performance = 218.780 GFLOPS
BiCGstab: Convergence at 18 iterations, L2 relative residual: iterated = 4.675573e-09, true = 4.675573e-09 (requested = 1.000000e-08)
PyQUDA INFO: Time = 0.007 secs, Performance = 226.351 GFLOPS
BiCGstab: Convergence at 18 iterations, L2 relative residual: iterated = 5.292276e-09, true = 5.292276e-09 (requested = 1.000000e-08)
PyQUDA INFO: Time = 0.007 secs, Performance = 226.760 GFLOPS
BiCGstab: Convergence at 18 iterations, L2 relative residual: iterated = 7.509684e-09, true = 7.509684e-09 (requested = 1.000000e-08)
PyQUDA INFO: Time = 0.007 secs, Performance = 219.216 GFLOPS
BiCGstab: Convergence at 19 iterations, L2 relative residual: iterated = 3.243071e-09, true = 3.243071e-09 (requested = 1.000000e-08)
PyQUDA INFO: Time = 0.008 secs, Performance = 215.266 GFLOPS
BiCGstab: Convergence at 18 iterations, L2 relative residual: iterated = 7.030622e-09, true = 7.030622e-09 (requested = 1.000000e-08)
>>> Contraction type 1 time: 0.001 seconds
>>> Shift time: 0.002 seconds
>>> Contraction type 1 time: 0.001 seconds
>>> Shift time: 0.002 seconds
>>> Contraction type 1 time: 0.001 seconds
>>> Shift time: 0.002 seconds
>>> Contraction type 1 time: 0.001 seconds
>>> Shift time: 0.002 seconds
>>> Contraction type 1 time: 0.001 seconds
>>> Shift time: 0.002 seconds
>>> Contraction type 1 time: 0.001 seconds
>>> Shift time: 0.002 seconds
>>> Contraction type 1 time: 0.001 seconds
>>> Shift time: 0.002 seconds
>>> Contraction type 1 time: 0.001 seconds
>>> Shift time: 0.002 seconds
PyQUDA INFO: Time = 0.007 secs, Performance = 215.682 GFLOPS
BiCGstab: Convergence at 18 iterations, L2 relative residual: iterated = 8.958940e-09, true = 8.958940e-09 (requested = 1.000000e-08)
PyQUDA INFO: Time = 0.007 secs, Performance = 218.469 GFLOPS
BiCGstab: Convergence at 20 iterations, L2 relative residual: iterated = 9.935955e-09, true = 9.935955e-09 (requested = 1.000000e-08)
PyQUDA INFO: Time = 0.007 secs, Performance = 225.513 GFLOPS
BiCGstab: Convergence at 18 iterations, L2 relative residual: iterated = 9.862587e-09, true = 9.862587e-09 (requested = 1.000000e-08)
PyQUDA INFO: Time = 0.007 secs, Performance = 227.033 GFLOPS
BiCGstab: Convergence at 19 iterations, L2 relative residual: iterated = 7.096643e-09, true = 7.096643e-09 (requested = 1.000000e-08)
PyQUDA INFO: Time = 0.007 secs, Performance = 229.643 GFLOPS
BiCGstab: Convergence at 19 iterations, L2 relative residual: iterated = 2.111617e-09, true = 2.111617e-09 (requested = 1.000000e-08)
PyQUDA INFO: Time = 0.007 secs, Performance = 221.967 GFLOPS
BiCGstab: Convergence at 18 iterations, L2 relative residual: iterated = 6.409727e-09, true = 6.409727e-09 (requested = 1.000000e-08)
PyQUDA INFO: Time = 0.007 secs, Performance = 211.589 GFLOPS
BiCGstab: Convergence at 18 iterations, L2 relative residual: iterated = 7.202884e-09, true = 7.202884e-09 (requested = 1.000000e-08)
PyQUDA INFO: Time = 0.007 secs, Performance = 226.965 GFLOPS
BiCGstab: Convergence at 18 iterations, L2 relative residual: iterated = 5.259867e-09, true = 5.259867e-09 (requested = 1.000000e-08)
PyQUDA INFO: Time = 0.007 secs, Performance = 219.623 GFLOPS
BiCGstab: Convergence at 19 iterations, L2 relative residual: iterated = 5.594222e-09, true = 5.594222e-09 (requested = 1.000000e-08)
PyQUDA INFO: Time = 0.007 secs, Performance = 222.612 GFLOPS
BiCGstab: Convergence at 21 iterations, L2 relative residual: iterated = 2.694185e-10, true = 2.694185e-10 (requested = 1.000000e-08)
PyQUDA INFO: Time = 0.007 secs, Performance = 236.336 GFLOPS
BiCGstab: Convergence at 19 iterations, L2 relative residual: iterated = 4.528964e-09, true = 4.528964e-09 (requested = 1.000000e-08)
PyQUDA INFO: Time = 0.007 secs, Performance = 229.945 GFLOPS
BiCGstab: Convergence at 18 iterations, L2 relative residual: iterated = 6.676439e-09, true = 6.676439e-09 (requested = 1.000000e-08)
PyQUDA INFO: Time = 0.007 secs, Performance = 207.228 GFLOPS
BiCGstab: Convergence at 18 iterations, L2 relative residual: iterated = 7.443045e-09, true = 7.443045e-09 (requested = 1.000000e-08)
PyQUDA INFO: Time = 0.007 secs, Performance = 213.142 GFLOPS
BiCGstab: Convergence at 18 iterations, L2 relative residual: iterated = 8.459138e-09, true = 8.459138e-09 (requested = 1.000000e-08)
PyQUDA INFO: Time = 0.007 secs, Performance = 211.646 GFLOPS
BiCGstab: Convergence at 19 iterations, L2 relative residual: iterated = 4.307232e-09, true = 4.307232e-09 (requested = 1.000000e-08)
PyQUDA INFO: Time = 0.007 secs, Performance = 215.718 GFLOPS
BiCGstab: Convergence at 18 iterations, L2 relative residual: iterated = 4.754217e-09, true = 4.754217e-09 (requested = 1.000000e-08)
PyQUDA INFO: Time = 0.007 secs, Performance = 211.967 GFLOPS
BiCGstab: Convergence at 18 iterations, L2 relative residual: iterated = 6.199132e-09, true = 6.199132e-09 (requested = 1.000000e-08)
PyQUDA INFO: Time = 0.007 secs, Performance = 210.950 GFLOPS
BiCGstab: Convergence at 18 iterations, L2 relative residual: iterated = 3.484641e-09, true = 3.484641e-09 (requested = 1.000000e-08)
PyQUDA INFO: Time = 0.007 secs, Performance = 211.530 GFLOPS
BiCGstab: Convergence at 18 iterations, L2 relative residual: iterated = 5.622270e-09, true = 5.622270e-09 (requested = 1.000000e-08)
PyQUDA INFO: Time = 0.007 secs, Performance = 213.024 GFLOPS
BiCGstab: Convergence at 18 iterations, L2 relative residual: iterated = 9.347941e-09, true = 9.347941e-09 (requested = 1.000000e-08)
PyQUDA INFO: Time = 0.008 secs, Performance = 204.726 GFLOPS
BiCGstab: Convergence at 18 iterations, L2 relative residual: iterated = 4.246377e-09, true = 4.246377e-09 (requested = 1.000000e-08)
PyQUDA INFO: Time = 0.007 secs, Performance = 212.494 GFLOPS
BiCGstab: Convergence at 18 iterations, L2 relative residual: iterated = 3.863814e-09, true = 3.863814e-09 (requested = 1.000000e-08)
PyQUDA INFO: Time = 0.008 secs, Performance = 205.799 GFLOPS
BiCGstab: Convergence at 18 iterations, L2 relative residual: iterated = 5.810813e-09, true = 5.810813e-09 (requested = 1.000000e-08)
PyQUDA INFO: Time = 0.007 secs, Performance = 214.330 GFLOPS
BiCGstab: Convergence at 18 iterations, L2 relative residual: iterated = 8.112866e-09, true = 8.112866e-09 (requested = 1.000000e-08)
>>> Contraction type 1 time: 0.001 seconds
>>> Shift time: 0.002 seconds
>>> Contraction type 1 time: 0.001 seconds
>>> Shift time: 0.002 seconds
>>> Contraction type 1 time: 0.001 seconds
>>> Shift time: 0.002 seconds
>>> Contraction type 1 time: 0.001 seconds
>>> Shift time: 0.002 seconds
>>> Contraction type 1 time: 0.001 seconds
>>> Shift time: 0.002 seconds
>>> Contraction type 1 time: 0.001 seconds
>>> Shift time: 0.002 seconds
>>> Contraction type 1 time: 0.001 seconds
>>> Shift time: 0.002 seconds
>>> Contraction type 1 time: 0.001 seconds
>>> Shift time: 0.002 seconds
PyQUDA INFO: Time = 0.007 secs, Performance = 214.054 GFLOPS
BiCGstab: Convergence at 19 iterations, L2 relative residual: iterated = 3.101365e-09, true = 3.101365e-09 (requested = 1.000000e-08)
PyQUDA INFO: Time = 0.007 secs, Performance = 225.632 GFLOPS
BiCGstab: Convergence at 18 iterations, L2 relative residual: iterated = 5.325331e-09, true = 5.325331e-09 (requested = 1.000000e-08)
PyQUDA INFO: Time = 0.007 secs, Performance = 212.994 GFLOPS
BiCGstab: Convergence at 18 iterations, L2 relative residual: iterated = 8.508578e-09, true = 8.508578e-09 (requested = 1.000000e-08)
PyQUDA INFO: Time = 0.007 secs, Performance = 220.644 GFLOPS
BiCGstab: Convergence at 20 iterations, L2 relative residual: iterated = 2.023908e-09, true = 2.023908e-09 (requested = 1.000000e-08)
PyQUDA INFO: Time = 0.007 secs, Performance = 228.349 GFLOPS
BiCGstab: Convergence at 18 iterations, L2 relative residual: iterated = 4.018175e-09, true = 4.018175e-09 (requested = 1.000000e-08)
PyQUDA INFO: Time = 0.007 secs, Performance = 210.863 GFLOPS
BiCGstab: Convergence at 18 iterations, L2 relative residual: iterated = 6.604255e-09, true = 6.604255e-09 (requested = 1.000000e-08)
PyQUDA INFO: Time = 0.007 secs, Performance = 212.260 GFLOPS
BiCGstab: Convergence at 18 iterations, L2 relative residual: iterated = 7.995627e-09, true = 7.995627e-09 (requested = 1.000000e-08)
PyQUDA INFO: Time = 0.007 secs, Performance = 220.095 GFLOPS
BiCGstab: Convergence at 18 iterations, L2 relative residual: iterated = 7.036419e-09, true = 7.036419e-09 (requested = 1.000000e-08)
PyQUDA INFO: Time = 0.007 secs, Performance = 211.938 GFLOPS
BiCGstab: Convergence at 18 iterations, L2 relative residual: iterated = 3.749788e-09, true = 3.749788e-09 (requested = 1.000000e-08)
PyQUDA INFO: Time = 0.007 secs, Performance = 220.160 GFLOPS
BiCGstab: Convergence at 19 iterations, L2 relative residual: iterated = 6.417080e-09, true = 6.417080e-09 (requested = 1.000000e-08)
PyQUDA INFO: Time = 0.007 secs, Performance = 224.124 GFLOPS
BiCGstab: Convergence at 19 iterations, L2 relative residual: iterated = 2.297591e-09, true = 2.297591e-09 (requested = 1.000000e-08)
PyQUDA INFO: Time = 0.007 secs, Performance = 215.285 GFLOPS
BiCGstab: Convergence at 18 iterations, L2 relative residual: iterated = 9.157754e-09, true = 9.157754e-09 (requested = 1.000000e-08)
PyQUDA INFO: Time = 0.007 secs, Performance = 211.880 GFLOPS
BiCGstab: Convergence at 18 iterations, L2 relative residual: iterated = 5.402440e-09, true = 5.402440e-09 (requested = 1.000000e-08)
PyQUDA INFO: Time = 0.007 secs, Performance = 227.170 GFLOPS
BiCGstab: Convergence at 19 iterations, L2 relative residual: iterated = 7.695014e-09, true = 7.695014e-09 (requested = 1.000000e-08)
PyQUDA INFO: Time = 0.007 secs, Performance = 230.416 GFLOPS
BiCGstab: Convergence at 18 iterations, L2 relative residual: iterated = 4.471722e-09, true = 4.471722e-09 (requested = 1.000000e-08)
PyQUDA INFO: Time = 0.007 secs, Performance = 218.283 GFLOPS
BiCGstab: Convergence at 19 iterations, L2 relative residual: iterated = 6.608988e-09, true = 6.608988e-09 (requested = 1.000000e-08)
PyQUDA INFO: Time = 0.007 secs, Performance = 229.076 GFLOPS
BiCGstab: Convergence at 19 iterations, L2 relative residual: iterated = 3.007775e-09, true = 3.007775e-09 (requested = 1.000000e-08)
PyQUDA INFO: Time = 0.007 secs, Performance = 221.631 GFLOPS
BiCGstab: Convergence at 18 iterations, L2 relative residual: iterated = 7.467097e-09, true = 7.467097e-09 (requested = 1.000000e-08)
PyQUDA INFO: Time = 0.007 secs, Performance = 218.686 GFLOPS
BiCGstab: Convergence at 19 iterations, L2 relative residual: iterated = 6.178593e-09, true = 6.178593e-09 (requested = 1.000000e-08)
PyQUDA INFO: Time = 0.007 secs, Performance = 222.520 GFLOPS
BiCGstab: Convergence at 18 iterations, L2 relative residual: iterated = 4.737991e-09, true = 4.737991e-09 (requested = 1.000000e-08)
PyQUDA INFO: Time = 0.007 secs, Performance = 218.438 GFLOPS
BiCGstab: Convergence at 18 iterations, L2 relative residual: iterated = 6.231599e-09, true = 6.231599e-09 (requested = 1.000000e-08)
PyQUDA INFO: Time = 0.007 secs, Performance = 218.780 GFLOPS
BiCGstab: Convergence at 18 iterations, L2 relative residual: iterated = 7.945870e-09, true = 7.945870e-09 (requested = 1.000000e-08)
PyQUDA INFO: Time = 0.007 secs, Performance = 219.029 GFLOPS
BiCGstab: Convergence at 18 iterations, L2 relative residual: iterated = 4.162225e-09, true = 4.162225e-09 (requested = 1.000000e-08)
PyQUDA INFO: Time = 0.007 secs, Performance = 225.943 GFLOPS
BiCGstab: Convergence at 19 iterations, L2 relative residual: iterated = 3.849759e-09, true = 3.849759e-09 (requested = 1.000000e-08)
>>> Contraction type 1 time: 0.001 seconds
>>> Shift time: 0.002 seconds
>>> Contraction type 1 time: 0.001 seconds
>>> Shift time: 0.002 seconds
>>> Contraction type 1 time: 0.001 seconds
>>> Shift time: 0.002 seconds
>>> Contraction type 1 time: 0.001 seconds
>>> Shift time: 0.002 seconds
>>> Contraction type 1 time: 0.001 seconds
>>> Shift time: 0.002 seconds
>>> Contraction type 1 time: 0.001 seconds
>>> Shift time: 0.002 seconds
>>> Contraction type 1 time: 0.001 seconds
>>> Shift time: 0.002 seconds
>>> Contraction type 1 time: 0.001 seconds
>>> Shift time: 0.002 seconds
PyQUDA INFO: Time = 0.007 secs, Performance = 225.826 GFLOPS
BiCGstab: Convergence at 18 iterations, L2 relative residual: iterated = 4.440526e-09, true = 4.440526e-09 (requested = 1.000000e-08)
PyQUDA INFO: Time = 0.007 secs, Performance = 218.624 GFLOPS
BiCGstab: Convergence at 18 iterations, L2 relative residual: iterated = 9.031632e-09, true = 9.031632e-09 (requested = 1.000000e-08)
PyQUDA INFO: Time = 0.007 secs, Performance = 218.531 GFLOPS
BiCGstab: Convergence at 18 iterations, L2 relative residual: iterated = 8.321873e-09, true = 8.321873e-09 (requested = 1.000000e-08)
PyQUDA INFO: Time = 0.007 secs, Performance = 218.376 GFLOPS
BiCGstab: Convergence at 18 iterations, L2 relative residual: iterated = 8.247759e-09, true = 8.247759e-09 (requested = 1.000000e-08)
PyQUDA INFO: Time = 0.007 secs, Performance = 211.989 GFLOPS
BiCGstab: Convergence at 18 iterations, L2 relative residual: iterated = 5.229109e-09, true = 5.229109e-09 (requested = 1.000000e-08)
PyQUDA INFO: Time = 0.007 secs, Performance = 225.031 GFLOPS
BiCGstab: Convergence at 18 iterations, L2 relative residual: iterated = 4.651298e-09, true = 4.651298e-09 (requested = 1.000000e-08)
PyQUDA INFO: Time = 0.007 secs, Performance = 211.134 GFLOPS
BiCGstab: Convergence at 18 iterations, L2 relative residual: iterated = 6.918789e-09, true = 6.918789e-09 (requested = 1.000000e-08)
PyQUDA INFO: Time = 0.007 secs, Performance = 225.841 GFLOPS
BiCGstab: Convergence at 19 iterations, L2 relative residual: iterated = 8.305204e-09, true = 8.305204e-09 (requested = 1.000000e-08)
PyQUDA INFO: Time = 0.007 secs, Performance = 222.212 GFLOPS
BiCGstab: Convergence at 20 iterations, L2 relative residual: iterated = 9.486938e-10, true = 9.486938e-10 (requested = 1.000000e-08)
PyQUDA INFO: Time = 0.007 secs, Performance = 224.249 GFLOPS
BiCGstab: Convergence at 19 iterations, L2 relative residual: iterated = 1.870823e-09, true = 1.870823e-09 (requested = 1.000000e-08)
PyQUDA INFO: Time = 0.007 secs, Performance = 229.677 GFLOPS
BiCGstab: Convergence at 18 iterations, L2 relative residual: iterated = 6.860729e-09, true = 6.860729e-09 (requested = 1.000000e-08)
PyQUDA INFO: Time = 0.007 secs, Performance = 218.283 GFLOPS
BiCGstab: Convergence at 18 iterations, L2 relative residual: iterated = 4.303693e-09, true = 4.303693e-09 (requested = 1.000000e-08)
PyQUDA INFO: Time = 0.007 secs, Performance = 207.844 GFLOPS
BiCGstab: Convergence at 18 iterations, L2 relative residual: iterated = 4.242756e-09, true = 4.242756e-09 (requested = 1.000000e-08)
PyQUDA INFO: Time = 0.007 secs, Performance = 227.445 GFLOPS
BiCGstab: Convergence at 19 iterations, L2 relative residual: iterated = 5.270436e-09, true = 5.270436e-09 (requested = 1.000000e-08)
PyQUDA INFO: Time = 0.007 secs, Performance = 223.044 GFLOPS
BiCGstab: Convergence at 20 iterations, L2 relative residual: iterated = 6.804406e-10, true = 6.804406e-10 (requested = 1.000000e-08)
PyQUDA INFO: Time = 0.007 secs, Performance = 224.578 GFLOPS
BiCGstab: Convergence at 20 iterations, L2 relative residual: iterated = 1.431124e-09, true = 1.431124e-09 (requested = 1.000000e-08)
PyQUDA INFO: Time = 0.007 secs, Performance = 225.543 GFLOPS
BiCGstab: Convergence at 18 iterations, L2 relative residual: iterated = 8.236069e-09, true = 8.236069e-09 (requested = 1.000000e-08)
PyQUDA INFO: Time = 0.007 secs, Performance = 219.091 GFLOPS
BiCGstab: Convergence at 19 iterations, L2 relative residual: iterated = 1.857482e-09, true = 1.857482e-09 (requested = 1.000000e-08)
PyQUDA INFO: Time = 0.007 secs, Performance = 221.998 GFLOPS
BiCGstab: Convergence at 18 iterations, L2 relative residual: iterated = 5.387290e-09, true = 5.387290e-09 (requested = 1.000000e-08)
PyQUDA INFO: Time = 0.007 secs, Performance = 227.273 GFLOPS
BiCGstab: Convergence at 19 iterations, L2 relative residual: iterated = 3.634180e-09, true = 3.634180e-09 (requested = 1.000000e-08)
PyQUDA INFO: Time = 0.007 secs, Performance = 220.628 GFLOPS
BiCGstab: Convergence at 19 iterations, L2 relative residual: iterated = 2.600980e-09, true = 2.600980e-09 (requested = 1.000000e-08)
PyQUDA INFO: Time = 0.007 secs, Performance = 222.489 GFLOPS
BiCGstab: Convergence at 18 iterations, L2 relative residual: iterated = 6.691761e-09, true = 6.691761e-09 (requested = 1.000000e-08)
PyQUDA INFO: Time = 0.007 secs, Performance = 218.345 GFLOPS
BiCGstab: Convergence at 19 iterations, L2 relative residual: iterated = 2.735930e-09, true = 2.735930e-09 (requested = 1.000000e-08)
PyQUDA INFO: Time = 0.007 secs, Performance = 221.722 GFLOPS
BiCGstab: Convergence at 19 iterations, L2 relative residual: iterated = 4.927925e-09, true = 4.927925e-09 (requested = 1.000000e-08)
>>> Contraction type 1 time: 0.001 seconds
>>> Shift time: 0.002 seconds
>>> Contraction type 1 time: 0.001 seconds
>>> Shift time: 0.002 seconds
>>> Contraction type 1 time: 0.001 seconds
>>> Shift time: 0.002 seconds
>>> Contraction type 1 time: 0.001 seconds
>>> Shift time: 0.002 seconds
>>> Contraction type 1 time: 0.001 seconds
>>> Shift time: 0.002 seconds
>>> Contraction type 1 time: 0.001 seconds
>>> Shift time: 0.002 seconds
>>> Contraction type 1 time: 0.001 seconds
>>> Shift time: 0.002 seconds
>>> Contraction type 1 time: 0.001 seconds
>>> Shift time: 0.002 seconds
PyQUDA INFO: Time = 0.008 secs, Performance = 210.844 GFLOPS
BiCGstab: Convergence at 19 iterations, L2 relative residual: iterated = 9.230642e-09, true = 9.230642e-09 (requested = 1.000000e-08)
PyQUDA INFO: Time = 0.007 secs, Performance = 222.704 GFLOPS
BiCGstab: Convergence at 18 iterations, L2 relative residual: iterated = 8.355257e-09, true = 8.355257e-09 (requested = 1.000000e-08)
PyQUDA INFO: Time = 0.007 secs, Performance = 226.896 GFLOPS
BiCGstab: Convergence at 18 iterations, L2 relative residual: iterated = 6.594505e-09, true = 6.594505e-09 (requested = 1.000000e-08)
PyQUDA INFO: Time = 0.007 secs, Performance = 218.935 GFLOPS
BiCGstab: Convergence at 18 iterations, L2 relative residual: iterated = 5.548999e-09, true = 5.548999e-09 (requested = 1.000000e-08)
PyQUDA INFO: Time = 0.006 secs, Performance = 235.182 GFLOPS
BiCGstab: Convergence at 18 iterations, L2 relative residual: iterated = 5.854920e-09, true = 5.854920e-09 (requested = 1.000000e-08)
PyQUDA INFO: Time = 0.007 secs, Performance = 217.327 GFLOPS
BiCGstab: Convergence at 18 iterations, L2 relative residual: iterated = 5.894542e-09, true = 5.894542e-09 (requested = 1.000000e-08)
PyQUDA INFO: Time = 0.007 secs, Performance = 218.935 GFLOPS
BiCGstab: Convergence at 18 iterations, L2 relative residual: iterated = 4.007723e-09, true = 4.007723e-09 (requested = 1.000000e-08)
PyQUDA INFO: Time = 0.007 secs, Performance = 219.466 GFLOPS
BiCGstab: Convergence at 18 iterations, L2 relative residual: iterated = 8.156120e-09, true = 8.156120e-09 (requested = 1.000000e-08)
PyQUDA INFO: Time = 0.007 secs, Performance = 218.624 GFLOPS
BiCGstab: Convergence at 18 iterations, L2 relative residual: iterated = 4.332884e-09, true = 4.332884e-09 (requested = 1.000000e-08)
PyQUDA INFO: Time = 0.007 secs, Performance = 226.862 GFLOPS
BiCGstab: Convergence at 18 iterations, L2 relative residual: iterated = 4.786351e-09, true = 4.786351e-09 (requested = 1.000000e-08)
PyQUDA INFO: Time = 0.007 secs, Performance = 218.252 GFLOPS
BiCGstab: Convergence at 18 iterations, L2 relative residual: iterated = 4.166924e-09, true = 4.166924e-09 (requested = 1.000000e-08)
PyQUDA INFO: Time = 0.007 secs, Performance = 227.445 GFLOPS
BiCGstab: Convergence at 18 iterations, L2 relative residual: iterated = 5.777566e-09, true = 5.777566e-09 (requested = 1.000000e-08)
PyQUDA INFO: Time = 0.007 secs, Performance = 212.026 GFLOPS
BiCGstab: Convergence at 18 iterations, L2 relative residual: iterated = 4.901974e-09, true = 4.901974e-09 (requested = 1.000000e-08)
PyQUDA INFO: Time = 0.007 secs, Performance = 219.185 GFLOPS
BiCGstab: Convergence at 19 iterations, L2 relative residual: iterated = 1.695107e-09, true = 1.695107e-09 (requested = 1.000000e-08)
PyQUDA INFO: Time = 0.008 secs, Performance = 215.069 GFLOPS
BiCGstab: Convergence at 19 iterations, L2 relative residual: iterated = 1.928577e-09, true = 1.928577e-09 (requested = 1.000000e-08)
PyQUDA INFO: Time = 0.007 secs, Performance = 222.212 GFLOPS
BiCGstab: Convergence at 19 iterations, L2 relative residual: iterated = 4.344799e-09, true = 4.344799e-09 (requested = 1.000000e-08)
PyQUDA INFO: Time = 0.008 secs, Performance = 215.013 GFLOPS
BiCGstab: Convergence at 18 iterations, L2 relative residual: iterated = 6.358433e-09, true = 6.358433e-09 (requested = 1.000000e-08)
PyQUDA INFO: Time = 0.007 secs, Performance = 219.029 GFLOPS
BiCGstab: Convergence at 18 iterations, L2 relative residual: iterated = 9.097640e-09, true = 9.097640e-09 (requested = 1.000000e-08)
PyQUDA INFO: Time = 0.007 secs, Performance = 217.912 GFLOPS
BiCGstab: Convergence at 18 iterations, L2 relative residual: iterated = 4.129390e-09, true = 4.129390e-09 (requested = 1.000000e-08)
PyQUDA INFO: Time = 0.007 secs, Performance = 218.811 GFLOPS
BiCGstab: Convergence at 19 iterations, L2 relative residual: iterated = 2.681249e-09, true = 2.681249e-09 (requested = 1.000000e-08)
PyQUDA INFO: Time = 0.007 secs, Performance = 220.901 GFLOPS
BiCGstab: Convergence at 19 iterations, L2 relative residual: iterated = 4.938189e-09, true = 4.938189e-09 (requested = 1.000000e-08)
PyQUDA INFO: Time = 0.007 secs, Performance = 222.182 GFLOPS
BiCGstab: Convergence at 18 iterations, L2 relative residual: iterated = 8.793187e-09, true = 8.793187e-09 (requested = 1.000000e-08)
PyQUDA INFO: Time = 0.007 secs, Performance = 226.487 GFLOPS
BiCGstab: Convergence at 18 iterations, L2 relative residual: iterated = 4.039700e-09, true = 4.039700e-09 (requested = 1.000000e-08)
PyQUDA INFO: Time = 0.007 secs, Performance = 218.159 GFLOPS
BiCGstab: Convergence at 18 iterations, L2 relative residual: iterated = 4.401953e-09, true = 4.401953e-09 (requested = 1.000000e-08)
>>> Contraction type 1 time: 0.001 seconds
>>> Shift time: 0.002 seconds
>>> Contraction type 1 time: 0.001 seconds
>>> Shift time: 0.002 seconds
>>> Contraction type 1 time: 0.001 seconds
>>> Shift time: 0.002 seconds
>>> Contraction type 1 time: 0.001 seconds
>>> Shift time: 0.002 seconds
>>> Contraction type 1 time: 0.001 seconds
>>> Shift time: 0.002 seconds
>>> Contraction type 1 time: 0.001 seconds
>>> Shift time: 0.002 seconds
>>> Contraction type 1 time: 0.001 seconds
>>> Shift time: 0.002 seconds
>>> Contraction type 1 time: 0.001 seconds
>>> Shift time: 0.002 seconds
PyQUDA INFO: Time = 0.007 secs, Performance = 214.539 GFLOPS
BiCGstab: Convergence at 18 iterations, L2 relative residual: iterated = 7.804705e-09, true = 7.804705e-09 (requested = 1.000000e-08)
PyQUDA INFO: Time = 0.007 secs, Performance = 218.998 GFLOPS
BiCGstab: Convergence at 19 iterations, L2 relative residual: iterated = 2.263458e-09, true = 2.263458e-09 (requested = 1.000000e-08)
PyQUDA INFO: Time = 0.007 secs, Performance = 221.600 GFLOPS
BiCGstab: Convergence at 18 iterations, L2 relative residual: iterated = 5.124695e-09, true = 5.124695e-09 (requested = 1.000000e-08)
PyQUDA INFO: Time = 0.007 secs, Performance = 226.726 GFLOPS
BiCGstab: Convergence at 18 iterations, L2 relative residual: iterated = 3.920069e-09, true = 3.920069e-09 (requested = 1.000000e-08)
PyQUDA INFO: Time = 0.007 secs, Performance = 218.811 GFLOPS
BiCGstab: Convergence at 18 iterations, L2 relative residual: iterated = 4.890908e-09, true = 4.890908e-09 (requested = 1.000000e-08)
PyQUDA INFO: Time = 0.007 secs, Performance = 218.252 GFLOPS
BiCGstab: Convergence at 19 iterations, L2 relative residual: iterated = 4.401808e-09, true = 4.401808e-09 (requested = 1.000000e-08)
PyQUDA INFO: Time = 0.007 secs, Performance = 222.151 GFLOPS
BiCGstab: Convergence at 18 iterations, L2 relative residual: iterated = 4.042376e-09, true = 4.042376e-09 (requested = 1.000000e-08)
PyQUDA INFO: Time = 0.007 secs, Performance = 218.655 GFLOPS
BiCGstab: Convergence at 19 iterations, L2 relative residual: iterated = 3.618576e-09, true = 3.618576e-09 (requested = 1.000000e-08)
PyQUDA INFO: Time = 0.008 secs, Performance = 214.647 GFLOPS
BiCGstab: Convergence at 18 iterations, L2 relative residual: iterated = 5.208045e-09, true = 5.208045e-09 (requested = 1.000000e-08)
PyQUDA INFO: Time = 0.007 secs, Performance = 225.841 GFLOPS
BiCGstab: Convergence at 18 iterations, L2 relative residual: iterated = 7.107012e-09, true = 7.107012e-09 (requested = 1.000000e-08)
PyQUDA INFO: Time = 0.007 secs, Performance = 226.316 GFLOPS
BiCGstab: Convergence at 18 iterations, L2 relative residual: iterated = 6.671103e-09, true = 6.671103e-09 (requested = 1.000000e-08)
PyQUDA INFO: Time = 0.007 secs, Performance = 226.453 GFLOPS
BiCGstab: Convergence at 18 iterations, L2 relative residual: iterated = 5.299864e-09, true = 5.299864e-09 (requested = 1.000000e-08)
PyQUDA INFO: Time = 0.007 secs, Performance = 215.587 GFLOPS
BiCGstab: Convergence at 18 iterations, L2 relative residual: iterated = 4.600585e-09, true = 4.600585e-09 (requested = 1.000000e-08)
PyQUDA INFO: Time = 0.007 secs, Performance = 213.467 GFLOPS
BiCGstab: Convergence at 18 iterations, L2 relative residual: iterated = 8.825698e-09, true = 8.825698e-09 (requested = 1.000000e-08)
PyQUDA INFO: Time = 0.007 secs, Performance = 220.321 GFLOPS
BiCGstab: Convergence at 18 iterations, L2 relative residual: iterated = 8.956924e-09, true = 8.956924e-09 (requested = 1.000000e-08)
PyQUDA INFO: Time = 0.007 secs, Performance = 211.850 GFLOPS
BiCGstab: Convergence at 18 iterations, L2 relative residual: iterated = 3.863787e-09, true = 3.863787e-09 (requested = 1.000000e-08)
PyQUDA INFO: Time = 0.007 secs, Performance = 220.741 GFLOPS
BiCGstab: Convergence at 19 iterations, L2 relative residual: iterated = 5.098545e-09, true = 5.098545e-09 (requested = 1.000000e-08)
PyQUDA INFO: Time = 0.007 secs, Performance = 223.996 GFLOPS
BiCGstab: Convergence at 17 iterations, L2 relative residual: iterated = 9.952617e-09, true = 9.952617e-09 (requested = 1.000000e-08)
PyQUDA INFO: Time = 0.007 secs, Performance = 208.564 GFLOPS
BiCGstab: Convergence at 19 iterations, L2 relative residual: iterated = 3.370183e-09, true = 3.370183e-09 (requested = 1.000000e-08)
PyQUDA INFO: Time = 0.007 secs, Performance = 223.520 GFLOPS
BiCGstab: Convergence at 19 iterations, L2 relative residual: iterated = 2.601242e-09, true = 2.601242e-09 (requested = 1.000000e-08)
PyQUDA INFO: Time = 0.007 secs, Performance = 215.400 GFLOPS
BiCGstab: Convergence at 18 iterations, L2 relative residual: iterated = 4.803694e-09, true = 4.803694e-09 (requested = 1.000000e-08)
PyQUDA INFO: Time = 0.007 secs, Performance = 212.641 GFLOPS
BiCGstab: Convergence at 18 iterations, L2 relative residual: iterated = 7.927732e-09, true = 7.927732e-09 (requested = 1.000000e-08)
PyQUDA INFO: Time = 0.007 secs, Performance = 220.644 GFLOPS
BiCGstab: Convergence at 18 iterations, L2 relative residual: iterated = 5.870833e-09, true = 5.870833e-09 (requested = 1.000000e-08)
PyQUDA INFO: Time = 0.007 secs, Performance = 220.482 GFLOPS
BiCGstab: Convergence at 18 iterations, L2 relative residual: iterated = 4.113835e-09, true = 4.113835e-09 (requested = 1.000000e-08)
>>> Contraction type 1 time: 0.001 seconds
>>> Shift time: 0.002 seconds
>>> Contraction type 1 time: 0.001 seconds
>>> Shift time: 0.002 seconds
>>> Contraction type 1 time: 0.001 seconds
>>> Shift time: 0.002 seconds
>>> Contraction type 1 time: 0.001 seconds
>>> Shift time: 0.002 seconds
>>> Contraction type 1 time: 0.001 seconds
>>> Shift time: 0.002 seconds
>>> Contraction type 1 time: 0.001 seconds
>>> Shift time: 0.002 seconds
>>> Contraction type 1 time: 0.001 seconds
>>> Shift time: 0.002 seconds
>>> Contraction type 1 time: 0.001 seconds
>>> Shift time: 0.002 seconds
PyQUDA INFO: Time = 0.007 secs, Performance = 216.861 GFLOPS
BiCGstab: Convergence at 18 iterations, L2 relative residual: iterated = 3.901727e-09, true = 3.901727e-09 (requested = 1.000000e-08)
PyQUDA INFO: Time = 0.007 secs, Performance = 213.734 GFLOPS
BiCGstab: Convergence at 19 iterations, L2 relative residual: iterated = 2.423166e-09, true = 2.423166e-09 (requested = 1.000000e-08)
PyQUDA INFO: Time = 0.007 secs, Performance = 215.979 GFLOPS
BiCGstab: Convergence at 21 iterations, L2 relative residual: iterated = 1.535911e-09, true = 1.535911e-09 (requested = 1.000000e-08)
PyQUDA INFO: Time = 0.008 secs, Performance = 222.531 GFLOPS
BiCGstab: Convergence at 18 iterations, L2 relative residual: iterated = 5.075838e-09, true = 5.075838e-09 (requested = 1.000000e-08)
PyQUDA INFO: Time = 0.008 secs, Performance = 204.887 GFLOPS
BiCGstab: Convergence at 19 iterations, L2 relative residual: iterated = 9.430866e-09, true = 9.430866e-09 (requested = 1.000000e-08)
PyQUDA INFO: Time = 0.007 secs, Performance = 215.805 GFLOPS
BiCGstab: Convergence at 18 iterations, L2 relative residual: iterated = 4.257741e-09, true = 4.257741e-09 (requested = 1.000000e-08)
PyQUDA INFO: Time = 0.007 secs, Performance = 219.967 GFLOPS
BiCGstab: Convergence at 19 iterations, L2 relative residual: iterated = 2.053247e-09, true = 2.053247e-09 (requested = 1.000000e-08)
PyQUDA INFO: Time = 0.008 secs, Performance = 208.172 GFLOPS
BiCGstab: Convergence at 19 iterations, L2 relative residual: iterated = 2.910532e-09, true = 2.910532e-09 (requested = 1.000000e-08)
PyQUDA INFO: Time = 0.007 secs, Performance = 215.227 GFLOPS
BiCGstab: Convergence at 19 iterations, L2 relative residual: iterated = 2.870056e-09, true = 2.870056e-09 (requested = 1.000000e-08)
PyQUDA INFO: Time = 0.007 secs, Performance = 215.400 GFLOPS
BiCGstab: Convergence at 18 iterations, L2 relative residual: iterated = 3.496730e-09, true = 3.496730e-09 (requested = 1.000000e-08)
PyQUDA INFO: Time = 0.007 secs, Performance = 220.773 GFLOPS
BiCGstab: Convergence at 19 iterations, L2 relative residual: iterated = 2.349508e-09, true = 2.349508e-09 (requested = 1.000000e-08)
PyQUDA INFO: Time = 0.007 secs, Performance = 216.037 GFLOPS
BiCGstab: Convergence at 18 iterations, L2 relative residual: iterated = 6.215290e-09, true = 6.215290e-09 (requested = 1.000000e-08)
PyQUDA INFO: Time = 0.007 secs, Performance = 208.463 GFLOPS
BiCGstab: Convergence at 18 iterations, L2 relative residual: iterated = 5.253581e-09, true = 5.253581e-09 (requested = 1.000000e-08)
PyQUDA INFO: Time = 0.007 secs, Performance = 219.686 GFLOPS
BiCGstab: Convergence at 18 iterations, L2 relative residual: iterated = 4.817800e-09, true = 4.817800e-09 (requested = 1.000000e-08)
PyQUDA INFO: Time = 0.007 secs, Performance = 219.029 GFLOPS
BiCGstab: Convergence at 18 iterations, L2 relative residual: iterated = 7.051427e-09, true = 7.051427e-09 (requested = 1.000000e-08)
PyQUDA INFO: Time = 0.007 secs, Performance = 226.112 GFLOPS
BiCGstab: Convergence at 18 iterations, L2 relative residual: iterated = 8.797340e-09, true = 8.797340e-09 (requested = 1.000000e-08)
PyQUDA INFO: Time = 0.007 secs, Performance = 218.128 GFLOPS
BiCGstab: Convergence at 18 iterations, L2 relative residual: iterated = 4.628577e-09, true = 4.628577e-09 (requested = 1.000000e-08)
PyQUDA INFO: Time = 0.007 secs, Performance = 218.686 GFLOPS
BiCGstab: Convergence at 20 iterations, L2 relative residual: iterated = 1.868389e-09, true = 1.868389e-09 (requested = 1.000000e-08)
PyQUDA INFO: Time = 0.007 secs, Performance = 232.378 GFLOPS
BiCGstab: Convergence at 19 iterations, L2 relative residual: iterated = 4.886355e-09, true = 4.886355e-09 (requested = 1.000000e-08)
PyQUDA INFO: Time = 0.007 secs, Performance = 222.766 GFLOPS
BiCGstab: Convergence at 18 iterations, L2 relative residual: iterated = 8.253176e-09, true = 8.253176e-09 (requested = 1.000000e-08)
PyQUDA INFO: Time = 0.007 secs, Performance = 216.776 GFLOPS
BiCGstab: Convergence at 19 iterations, L2 relative residual: iterated = 4.484689e-09, true = 4.484689e-09 (requested = 1.000000e-08)
PyQUDA INFO: Time = 0.007 secs, Performance = 221.692 GFLOPS
BiCGstab: Convergence at 18 iterations, L2 relative residual: iterated = 5.010955e-09, true = 5.010955e-09 (requested = 1.000000e-08)
PyQUDA INFO: Time = 0.007 secs, Performance = 218.748 GFLOPS
BiCGstab: Convergence at 18 iterations, L2 relative residual: iterated = 7.306945e-09, true = 7.306945e-09 (requested = 1.000000e-08)
PyQUDA INFO: Time = 0.007 secs, Performance = 218.655 GFLOPS
BiCGstab: Convergence at 18 iterations, L2 relative residual: iterated = 5.523911e-09, true = 5.523911e-09 (requested = 1.000000e-08)
>>> Contraction type 1 time: 0.001 seconds
>>> Shift time: 0.002 seconds
>>> Contraction type 1 time: 0.001 seconds
>>> Shift time: 0.002 seconds
>>> Contraction type 1 time: 0.001 seconds
>>> Shift time: 0.002 seconds
>>> Contraction type 1 time: 0.001 seconds
>>> Shift time: 0.002 seconds
>>> Contraction type 1 time: 0.001 seconds
>>> Shift time: 0.002 seconds
>>> Contraction type 1 time: 0.001 seconds
>>> Shift time: 0.002 seconds
>>> Contraction type 1 time: 0.001 seconds
>>> Shift time: 0.002 seconds
>>> Contraction type 1 time: 0.001 seconds
>>> Shift time: 0.002 seconds
PyQUDA INFO: Time = 0.007 secs, Performance = 214.718 GFLOPS
BiCGstab: Convergence at 18 iterations, L2 relative residual: iterated = 3.878391e-09, true = 3.878391e-09 (requested = 1.000000e-08)
PyQUDA INFO: Time = 0.007 secs, Performance = 219.874 GFLOPS
BiCGstab: Convergence at 18 iterations, L2 relative residual: iterated = 4.685210e-09, true = 4.685210e-09 (requested = 1.000000e-08)
PyQUDA INFO: Time = 0.007 secs, Performance = 219.310 GFLOPS
BiCGstab: Convergence at 19 iterations, L2 relative residual: iterated = 3.743133e-09, true = 3.743133e-09 (requested = 1.000000e-08)
PyQUDA INFO: Time = 0.007 secs, Performance = 221.722 GFLOPS
BiCGstab: Convergence at 19 iterations, L2 relative residual: iterated = 8.319700e-09, true = 8.319700e-09 (requested = 1.000000e-08)
PyQUDA INFO: Time = 0.007 secs, Performance = 222.520 GFLOPS
BiCGstab: Convergence at 18 iterations, L2 relative residual: iterated = 6.656080e-09, true = 6.656080e-09 (requested = 1.000000e-08)
PyQUDA INFO: Time = 0.007 secs, Performance = 224.997 GFLOPS
BiCGstab: Convergence at 19 iterations, L2 relative residual: iterated = 6.266309e-09, true = 6.266309e-09 (requested = 1.000000e-08)
PyQUDA INFO: Time = 0.007 secs, Performance = 221.478 GFLOPS
BiCGstab: Convergence at 19 iterations, L2 relative residual: iterated = 4.096144e-09, true = 4.096144e-09 (requested = 1.000000e-08)
PyQUDA INFO: Time = 0.007 secs, Performance = 229.811 GFLOPS
BiCGstab: Convergence at 18 iterations, L2 relative residual: iterated = 9.148496e-09, true = 9.148496e-09 (requested = 1.000000e-08)
PyQUDA INFO: Time = 0.007 secs, Performance = 218.748 GFLOPS
BiCGstab: Convergence at 19 iterations, L2 relative residual: iterated = 2.713894e-09, true = 2.713894e-09 (requested = 1.000000e-08)
PyQUDA INFO: Time = 0.007 secs, Performance = 222.059 GFLOPS
BiCGstab: Convergence at 19 iterations, L2 relative residual: iterated = 1.385149e-09, true = 1.385149e-09 (requested = 1.000000e-08)
PyQUDA INFO: Time = 0.007 secs, Performance = 221.784 GFLOPS
BiCGstab: Convergence at 17 iterations, L2 relative residual: iterated = 8.688879e-09, true = 8.688879e-09 (requested = 1.000000e-08)
PyQUDA INFO: Time = 0.007 secs, Performance = 215.263 GFLOPS
BiCGstab: Convergence at 19 iterations, L2 relative residual: iterated = 3.930698e-09, true = 3.930698e-09 (requested = 1.000000e-08)
PyQUDA INFO: Time = 0.008 secs, Performance = 211.299 GFLOPS
BiCGstab: Convergence at 18 iterations, L2 relative residual: iterated = 5.414023e-09, true = 5.414023e-09 (requested = 1.000000e-08)
PyQUDA INFO: Time = 0.007 secs, Performance = 219.060 GFLOPS
BiCGstab: Convergence at 19 iterations, L2 relative residual: iterated = 7.027581e-09, true = 7.027581e-09 (requested = 1.000000e-08)
PyQUDA INFO: Time = 0.007 secs, Performance = 221.235 GFLOPS
BiCGstab: Convergence at 19 iterations, L2 relative residual: iterated = 5.644285e-09, true = 5.644285e-09 (requested = 1.000000e-08)
PyQUDA INFO: Time = 0.007 secs, Performance = 221.448 GFLOPS
BiCGstab: Convergence at 18 iterations, L2 relative residual: iterated = 6.821424e-09, true = 6.821424e-09 (requested = 1.000000e-08)
PyQUDA INFO: Time = 0.007 secs, Performance = 219.341 GFLOPS
BiCGstab: Convergence at 19 iterations, L2 relative residual: iterated = 8.144071e-09, true = 8.144071e-09 (requested = 1.000000e-08)
PyQUDA INFO: Time = 0.007 secs, Performance = 222.427 GFLOPS
BiCGstab: Convergence at 19 iterations, L2 relative residual: iterated = 4.080232e-09, true = 4.080232e-09 (requested = 1.000000e-08)
PyQUDA INFO: Time = 0.007 secs, Performance = 222.151 GFLOPS
BiCGstab: Convergence at 19 iterations, L2 relative residual: iterated = 2.711467e-09, true = 2.711467e-09 (requested = 1.000000e-08)
PyQUDA INFO: Time = 0.007 secs, Performance = 221.631 GFLOPS
BiCGstab: Convergence at 19 iterations, L2 relative residual: iterated = 4.062471e-09, true = 4.062471e-09 (requested = 1.000000e-08)
PyQUDA INFO: Time = 0.007 secs, Performance = 222.274 GFLOPS
BiCGstab: Convergence at 19 iterations, L2 relative residual: iterated = 4.539410e-09, true = 4.539410e-09 (requested = 1.000000e-08)
PyQUDA INFO: Time = 0.007 secs, Performance = 221.967 GFLOPS
BiCGstab: Convergence at 20 iterations, L2 relative residual: iterated = 9.416976e-10, true = 9.416976e-10 (requested = 1.000000e-08)
PyQUDA INFO: Time = 0.007 secs, Performance = 224.879 GFLOPS
BiCGstab: Convergence at 19 iterations, L2 relative residual: iterated = 8.255308e-09, true = 8.255308e-09 (requested = 1.000000e-08)
PyQUDA INFO: Time = 0.007 secs, Performance = 229.209 GFLOPS
BiCGstab: Convergence at 18 iterations, L2 relative residual: iterated = 9.778324e-09, true = 9.778324e-09 (requested = 1.000000e-08)
>>> Contraction type 1 time: 0.001 seconds
>>> Shift time: 0.002 seconds
>>> Contraction type 1 time: 0.001 seconds
>>> Shift time: 0.002 seconds
>>> Contraction type 1 time: 0.001 seconds
>>> Shift time: 0.002 seconds
>>> Contraction type 1 time: 0.001 seconds
>>> Shift time: 0.002 seconds
>>> Contraction type 1 time: 0.001 seconds
>>> Shift time: 0.002 seconds
>>> Contraction type 1 time: 0.001 seconds
>>> Shift time: 0.002 seconds
>>> Contraction type 1 time: 0.001 seconds
>>> Shift time: 0.002 seconds
>>> Contraction type 1 time: 0.001 seconds
>>> Shift time: 0.002 seconds
PyQUDA INFO: Time = 0.007 secs, Performance = 211.327 GFLOPS
BiCGstab: Convergence at 19 iterations, L2 relative residual: iterated = 2.613100e-09, true = 2.613100e-09 (requested = 1.000000e-08)
PyQUDA INFO: Time = 0.007 secs, Performance = 222.550 GFLOPS
BiCGstab: Convergence at 20 iterations, L2 relative residual: iterated = 3.925955e-09, true = 3.925955e-09 (requested = 1.000000e-08)
PyQUDA INFO: Time = 0.007 secs, Performance = 225.453 GFLOPS
BiCGstab: Convergence at 18 iterations, L2 relative residual: iterated = 4.534163e-09, true = 4.534163e-09 (requested = 1.000000e-08)
PyQUDA INFO: Time = 0.007 secs, Performance = 218.283 GFLOPS
BiCGstab: Convergence at 18 iterations, L2 relative residual: iterated = 5.507521e-09, true = 5.507521e-09 (requested = 1.000000e-08)
PyQUDA INFO: Time = 0.007 secs, Performance = 218.655 GFLOPS
BiCGstab: Convergence at 18 iterations, L2 relative residual: iterated = 5.787516e-09, true = 5.787516e-09 (requested = 1.000000e-08)
PyQUDA INFO: Time = 0.007 secs, Performance = 218.780 GFLOPS
BiCGstab: Convergence at 19 iterations, L2 relative residual: iterated = 2.858298e-09, true = 2.858298e-09 (requested = 1.000000e-08)
PyQUDA INFO: Time = 0.007 secs, Performance = 222.335 GFLOPS
BiCGstab: Convergence at 20 iterations, L2 relative residual: iterated = 2.933975e-09, true = 2.933975e-09 (requested = 1.000000e-08)
PyQUDA INFO: Time = 0.007 secs, Performance = 224.789 GFLOPS
BiCGstab: Convergence at 19 iterations, L2 relative residual: iterated = 7.675711e-09, true = 7.675711e-09 (requested = 1.000000e-08)
PyQUDA INFO: Time = 0.007 secs, Performance = 222.674 GFLOPS
BiCGstab: Convergence at 18 iterations, L2 relative residual: iterated = 3.853123e-09, true = 3.853123e-09 (requested = 1.000000e-08)
PyQUDA INFO: Time = 0.007 secs, Performance = 218.376 GFLOPS
BiCGstab: Convergence at 19 iterations, L2 relative residual: iterated = 9.248536e-09, true = 9.248536e-09 (requested = 1.000000e-08)
PyQUDA INFO: Time = 0.007 secs, Performance = 221.722 GFLOPS
BiCGstab: Convergence at 19 iterations, L2 relative residual: iterated = 4.486353e-09, true = 4.486353e-09 (requested = 1.000000e-08)
PyQUDA INFO: Time = 0.007 secs, Performance = 222.304 GFLOPS
BiCGstab: Convergence at 18 iterations, L2 relative residual: iterated = 7.175813e-09, true = 7.175813e-09 (requested = 1.000000e-08)
PyQUDA INFO: Time = 0.007 secs, Performance = 219.517 GFLOPS
BiCGstab: Convergence at 18 iterations, L2 relative residual: iterated = 8.824959e-09, true = 8.824959e-09 (requested = 1.000000e-08)
PyQUDA INFO: Time = 0.007 secs, Performance = 219.811 GFLOPS
BiCGstab: Convergence at 19 iterations, L2 relative residual: iterated = 4.022068e-09, true = 4.022068e-09 (requested = 1.000000e-08)
PyQUDA INFO: Time = 0.008 secs, Performance = 214.900 GFLOPS
BiCGstab: Convergence at 19 iterations, L2 relative residual: iterated = 6.546202e-09, true = 6.546202e-09 (requested = 1.000000e-08)
PyQUDA INFO: Time = 0.007 secs, Performance = 221.784 GFLOPS
BiCGstab: Convergence at 20 iterations, L2 relative residual: iterated = 5.187875e-09, true = 5.187875e-09 (requested = 1.000000e-08)
PyQUDA INFO: Time = 0.007 secs, Performance = 225.453 GFLOPS
BiCGstab: Convergence at 18 iterations, L2 relative residual: iterated = 5.246704e-09, true = 5.246704e-09 (requested = 1.000000e-08)
PyQUDA INFO: Time = 0.007 secs, Performance = 226.011 GFLOPS
BiCGstab: Convergence at 18 iterations, L2 relative residual: iterated = 6.365436e-09, true = 6.365436e-09 (requested = 1.000000e-08)
PyQUDA INFO: Time = 0.007 secs, Performance = 226.419 GFLOPS
BiCGstab: Convergence at 18 iterations, L2 relative residual: iterated = 6.260334e-09, true = 6.260334e-09 (requested = 1.000000e-08)
PyQUDA INFO: Time = 0.007 secs, Performance = 212.361 GFLOPS
BiCGstab: Convergence at 18 iterations, L2 relative residual: iterated = 3.944384e-09, true = 3.944384e-09 (requested = 1.000000e-08)
PyQUDA INFO: Time = 0.007 secs, Performance = 226.248 GFLOPS
BiCGstab: Convergence at 18 iterations, L2 relative residual: iterated = 4.439959e-09, true = 4.439959e-09 (requested = 1.000000e-08)
PyQUDA INFO: Time = 0.007 secs, Performance = 219.247 GFLOPS
BiCGstab: Convergence at 18 iterations, L2 relative residual: iterated = 5.260341e-09, true = 5.260341e-09 (requested = 1.000000e-08)
PyQUDA INFO: Time = 0.007 secs, Performance = 218.469 GFLOPS
BiCGstab: Convergence at 19 iterations, L2 relative residual: iterated = 3.858718e-09, true = 3.858718e-09 (requested = 1.000000e-08)
PyQUDA INFO: Time = 0.007 secs, Performance = 222.766 GFLOPS
BiCGstab: Convergence at 19 iterations, L2 relative residual: iterated = 7.335684e-09, true = 7.335684e-09 (requested = 1.000000e-08)
>>> Contraction type 1 time: 0.001 seconds
>>> Shift time: 0.002 seconds
>>> Contraction type 1 time: 0.001 seconds
>>> Shift time: 0.002 seconds
>>> Contraction type 1 time: 0.001 seconds
>>> Shift time: 0.002 seconds
>>> Contraction type 1 time: 0.001 seconds
>>> Shift time: 0.002 seconds
>>> Contraction type 1 time: 0.001 seconds
>>> Shift time: 0.002 seconds
>>> Contraction type 1 time: 0.001 seconds
>>> Shift time: 0.002 seconds
>>> Contraction type 1 time: 0.001 seconds
>>> Shift time: 0.002 seconds
>>> Contraction type 1 time: 0.001 seconds
>>> Shift time: 0.002 seconds
PyQUDA INFO: Time = 0.007 secs, Performance = 226.442 GFLOPS
BiCGstab: Convergence at 19 iterations, L2 relative residual: iterated = 3.004019e-09, true = 3.004019e-09 (requested = 1.000000e-08)
PyQUDA INFO: Time = 0.007 secs, Performance = 229.878 GFLOPS
BiCGstab: Convergence at 19 iterations, L2 relative residual: iterated = 7.311688e-09, true = 7.311688e-09 (requested = 1.000000e-08)
PyQUDA INFO: Time = 0.007 secs, Performance = 221.814 GFLOPS
BiCGstab: Convergence at 18 iterations, L2 relative residual: iterated = 5.771504e-09, true = 5.771504e-09 (requested = 1.000000e-08)
PyQUDA INFO: Time = 0.007 secs, Performance = 225.841 GFLOPS
BiCGstab: Convergence at 18 iterations, L2 relative residual: iterated = 5.221078e-09, true = 5.221078e-09 (requested = 1.000000e-08)
PyQUDA INFO: Time = 0.007 secs, Performance = 219.278 GFLOPS
BiCGstab: Convergence at 19 iterations, L2 relative residual: iterated = 7.384523e-09, true = 7.384523e-09 (requested = 1.000000e-08)
PyQUDA INFO: Time = 0.007 secs, Performance = 222.304 GFLOPS
BiCGstab: Convergence at 18 iterations, L2 relative residual: iterated = 8.190247e-09, true = 8.190247e-09 (requested = 1.000000e-08)
PyQUDA INFO: Time = 0.007 secs, Performance = 218.128 GFLOPS
BiCGstab: Convergence at 18 iterations, L2 relative residual: iterated = 8.612916e-09, true = 8.612916e-09 (requested = 1.000000e-08)
PyQUDA INFO: Time = 0.007 secs, Performance = 211.846 GFLOPS
BiCGstab: Convergence at 18 iterations, L2 relative residual: iterated = 3.735003e-09, true = 3.735003e-09 (requested = 1.000000e-08)
PyQUDA INFO: Time = 0.007 secs, Performance = 226.316 GFLOPS
BiCGstab: Convergence at 18 iterations, L2 relative residual: iterated = 5.253858e-09, true = 5.253858e-09 (requested = 1.000000e-08)
PyQUDA INFO: Time = 0.007 secs, Performance = 218.935 GFLOPS
BiCGstab: Convergence at 18 iterations, L2 relative residual: iterated = 5.006000e-09, true = 5.006000e-09 (requested = 1.000000e-08)
PyQUDA INFO: Time = 0.007 secs, Performance = 218.748 GFLOPS
BiCGstab: Convergence at 18 iterations, L2 relative residual: iterated = 4.727712e-09, true = 4.727712e-09 (requested = 1.000000e-08)
PyQUDA INFO: Time = 0.007 secs, Performance = 219.404 GFLOPS
BiCGstab: Convergence at 18 iterations, L2 relative residual: iterated = 5.862557e-09, true = 5.862557e-09 (requested = 1.000000e-08)
PyQUDA INFO: Time = 0.007 secs, Performance = 207.200 GFLOPS
BiCGstab: Convergence at 19 iterations, L2 relative residual: iterated = 5.497530e-09, true = 5.497530e-09 (requested = 1.000000e-08)
PyQUDA INFO: Time = 0.008 secs, Performance = 208.993 GFLOPS
BiCGstab: Convergence at 18 iterations, L2 relative residual: iterated = 9.819765e-09, true = 9.819765e-09 (requested = 1.000000e-08)
PyQUDA INFO: Time = 0.007 secs, Performance = 220.935 GFLOPS
BiCGstab: Convergence at 18 iterations, L2 relative residual: iterated = 5.958944e-09, true = 5.958944e-09 (requested = 1.000000e-08)
PyQUDA INFO: Time = 0.007 secs, Performance = 212.465 GFLOPS
BiCGstab: Convergence at 18 iterations, L2 relative residual: iterated = 3.925794e-09, true = 3.925794e-09 (requested = 1.000000e-08)
PyQUDA INFO: Time = 0.007 secs, Performance = 220.805 GFLOPS
BiCGstab: Convergence at 19 iterations, L2 relative residual: iterated = 6.377434e-09, true = 6.377434e-09 (requested = 1.000000e-08)
PyQUDA INFO: Time = 0.008 secs, Performance = 213.033 GFLOPS
BiCGstab: Convergence at 18 iterations, L2 relative residual: iterated = 5.676862e-09, true = 5.676862e-09 (requested = 1.000000e-08)
PyQUDA INFO: Time = 0.007 secs, Performance = 211.821 GFLOPS
BiCGstab: Convergence at 18 iterations, L2 relative residual: iterated = 5.150770e-09, true = 5.150770e-09 (requested = 1.000000e-08)
PyQUDA INFO: Time = 0.008 secs, Performance = 204.407 GFLOPS
BiCGstab: Convergence at 19 iterations, L2 relative residual: iterated = 2.111654e-09, true = 2.111654e-09 (requested = 1.000000e-08)
PyQUDA INFO: Time = 0.007 secs, Performance = 215.747 GFLOPS
BiCGstab: Convergence at 18 iterations, L2 relative residual: iterated = 8.565123e-09, true = 8.565123e-09 (requested = 1.000000e-08)
PyQUDA INFO: Time = 0.007 secs, Performance = 212.260 GFLOPS
BiCGstab: Convergence at 19 iterations, L2 relative residual: iterated = 5.320248e-09, true = 5.320248e-09 (requested = 1.000000e-08)
PyQUDA INFO: Time = 0.007 secs, Performance = 215.689 GFLOPS
BiCGstab: Convergence at 19 iterations, L2 relative residual: iterated = 6.560879e-09, true = 6.560879e-09 (requested = 1.000000e-08)
PyQUDA INFO: Time = 0.007 secs, Performance = 216.589 GFLOPS
BiCGstab: Convergence at 18 iterations, L2 relative residual: iterated = 6.289687e-09, true = 6.289687e-09 (requested = 1.000000e-08)
>>> Contraction type 1 time: 0.001 seconds
>>> Shift time: 0.002 seconds
>>> Contraction type 1 time: 0.001 seconds
>>> Shift time: 0.002 seconds
>>> Contraction type 1 time: 0.001 seconds
>>> Shift time: 0.002 seconds
>>> Contraction type 1 time: 0.001 seconds
>>> Shift time: 0.002 seconds
>>> Contraction type 1 time: 0.001 seconds
>>> Shift time: 0.002 seconds
>>> Contraction type 1 time: 0.001 seconds
>>> Shift time: 0.002 seconds
>>> Contraction type 1 time: 0.001 seconds
>>> Shift time: 0.002 seconds
>>> Contraction type 1 time: 0.001 seconds
>>> Shift time: 0.002 seconds
PyQUDA INFO: Time = 0.007 secs, Performance = 216.487 GFLOPS
BiCGstab: Convergence at 18 iterations, L2 relative residual: iterated = 7.853246e-09, true = 7.853246e-09 (requested = 1.000000e-08)
PyQUDA INFO: Time = 0.007 secs, Performance = 212.377 GFLOPS
BiCGstab: Convergence at 19 iterations, L2 relative residual: iterated = 5.335024e-09, true = 5.335024e-09 (requested = 1.000000e-08)
PyQUDA INFO: Time = 0.007 secs, Performance = 216.327 GFLOPS
BiCGstab: Convergence at 20 iterations, L2 relative residual: iterated = 7.264578e-09, true = 7.264578e-09 (requested = 1.000000e-08)
PyQUDA INFO: Time = 0.008 secs, Performance = 219.243 GFLOPS
BiCGstab: Convergence at 19 iterations, L2 relative residual: iterated = 4.223090e-09, true = 4.223090e-09 (requested = 1.000000e-08)
PyQUDA INFO: Time = 0.007 secs, Performance = 216.472 GFLOPS
BiCGstab: Convergence at 18 iterations, L2 relative residual: iterated = 4.782200e-09, true = 4.782200e-09 (requested = 1.000000e-08)
PyQUDA INFO: Time = 0.007 secs, Performance = 220.579 GFLOPS
BiCGstab: Convergence at 19 iterations, L2 relative residual: iterated = 1.780555e-09, true = 1.780555e-09 (requested = 1.000000e-08)
PyQUDA INFO: Time = 0.007 secs, Performance = 214.911 GFLOPS
BiCGstab: Convergence at 18 iterations, L2 relative residual: iterated = 7.917372e-09, true = 7.917372e-09 (requested = 1.000000e-08)
PyQUDA INFO: Time = 0.007 secs, Performance = 211.588 GFLOPS
BiCGstab: Convergence at 17 iterations, L2 relative residual: iterated = 9.842525e-09, true = 9.842525e-09 (requested = 1.000000e-08)
PyQUDA INFO: Time = 0.007 secs, Performance = 216.616 GFLOPS
BiCGstab: Convergence at 19 iterations, L2 relative residual: iterated = 1.328256e-09, true = 1.328256e-09 (requested = 1.000000e-08)
PyQUDA INFO: Time = 0.007 secs, Performance = 215.573 GFLOPS
BiCGstab: Convergence at 18 iterations, L2 relative residual: iterated = 6.294209e-09, true = 6.294209e-09 (requested = 1.000000e-08)
PyQUDA INFO: Time = 0.007 secs, Performance = 211.880 GFLOPS
BiCGstab: Convergence at 18 iterations, L2 relative residual: iterated = 5.294940e-09, true = 5.294940e-09 (requested = 1.000000e-08)
PyQUDA INFO: Time = 0.007 secs, Performance = 220.838 GFLOPS
BiCGstab: Convergence at 18 iterations, L2 relative residual: iterated = 5.433925e-09, true = 5.433925e-09 (requested = 1.000000e-08)
PyQUDA INFO: Time = 0.007 secs, Performance = 211.705 GFLOPS
BiCGstab: Convergence at 18 iterations, L2 relative residual: iterated = 3.800343e-09, true = 3.800343e-09 (requested = 1.000000e-08)
PyQUDA INFO: Time = 0.007 secs, Performance = 218.842 GFLOPS
BiCGstab: Convergence at 18 iterations, L2 relative residual: iterated = 4.498234e-09, true = 4.498234e-09 (requested = 1.000000e-08)
PyQUDA INFO: Time = 0.007 secs, Performance = 218.624 GFLOPS
BiCGstab: Convergence at 18 iterations, L2 relative residual: iterated = 7.793866e-09, true = 7.793866e-09 (requested = 1.000000e-08)
PyQUDA INFO: Time = 0.007 secs, Performance = 226.351 GFLOPS
BiCGstab: Convergence at 19 iterations, L2 relative residual: iterated = 1.734961e-09, true = 1.734961e-09 (requested = 1.000000e-08)
PyQUDA INFO: Time = 0.007 secs, Performance = 221.814 GFLOPS
BiCGstab: Convergence at 19 iterations, L2 relative residual: iterated = 2.470377e-09, true = 2.470377e-09 (requested = 1.000000e-08)
PyQUDA INFO: Time = 0.007 secs, Performance = 228.577 GFLOPS
BiCGstab: Convergence at 18 iterations, L2 relative residual: iterated = 5.093224e-09, true = 5.093224e-09 (requested = 1.000000e-08)
PyQUDA INFO: Time = 0.007 secs, Performance = 218.500 GFLOPS
BiCGstab: Convergence at 17 iterations, L2 relative residual: iterated = 9.748203e-09, true = 9.748203e-09 (requested = 1.000000e-08)
PyQUDA INFO: Time = 0.007 secs, Performance = 214.916 GFLOPS
BiCGstab: Convergence at 19 iterations, L2 relative residual: iterated = 2.886273e-09, true = 2.886273e-09 (requested = 1.000000e-08)
PyQUDA INFO: Time = 0.007 secs, Performance = 221.937 GFLOPS
BiCGstab: Convergence at 18 iterations, L2 relative residual: iterated = 4.743622e-09, true = 4.743622e-09 (requested = 1.000000e-08)
PyQUDA INFO: Time = 0.007 secs, Performance = 218.407 GFLOPS
BiCGstab: Convergence at 20 iterations, L2 relative residual: iterated = 8.259703e-10, true = 8.259703e-10 (requested = 1.000000e-08)
PyQUDA INFO: Time = 0.007 secs, Performance = 224.249 GFLOPS
BiCGstab: Convergence at 18 iterations, L2 relative residual: iterated = 8.540168e-09, true = 8.540168e-09 (requested = 1.000000e-08)
PyQUDA INFO: Time = 0.007 secs, Performance = 226.351 GFLOPS
BiCGstab: Convergence at 18 iterations, L2 relative residual: iterated = 3.161268e-09, true = 3.161268e-09 (requested = 1.000000e-08)
>>> Contraction type 1 time: 0.001 seconds
>>> Shift time: 0.002 seconds
>>> Contraction type 1 time: 0.001 seconds
>>> Shift time: 0.002 seconds
>>> Contraction type 1 time: 0.001 seconds
>>> Shift time: 0.002 seconds
>>> Contraction type 1 time: 0.001 seconds
>>> Shift time: 0.002 seconds
>>> Contraction type 1 time: 0.001 seconds
>>> Shift time: 0.002 seconds
>>> Contraction type 1 time: 0.001 seconds
>>> Shift time: 0.002 seconds
>>> Contraction type 1 time: 0.001 seconds
>>> Shift time: 0.002 seconds
>>> Contraction type 1 time: 0.001 seconds
>>> Shift time: 0.002 seconds
PyQUDA INFO: Time = 0.007 secs, Performance = 215.109 GFLOPS
BiCGstab: Convergence at 18 iterations, L2 relative residual: iterated = 4.454081e-09, true = 4.454081e-09 (requested = 1.000000e-08)
PyQUDA INFO: Time = 0.007 secs, Performance = 226.045 GFLOPS
BiCGstab: Convergence at 18 iterations, L2 relative residual: iterated = 4.481337e-09, true = 4.481337e-09 (requested = 1.000000e-08)
PyQUDA INFO: Time = 0.007 secs, Performance = 218.717 GFLOPS
BiCGstab: Convergence at 19 iterations, L2 relative residual: iterated = 2.642190e-09, true = 2.642190e-09 (requested = 1.000000e-08)
PyQUDA INFO: Time = 0.007 secs, Performance = 221.052 GFLOPS
BiCGstab: Convergence at 20 iterations, L2 relative residual: iterated = 1.709314e-09, true = 1.709314e-09 (requested = 1.000000e-08)
PyQUDA INFO: Time = 0.007 secs, Performance = 224.819 GFLOPS
BiCGstab: Convergence at 18 iterations, L2 relative residual: iterated = 4.566463e-09, true = 4.566463e-09 (requested = 1.000000e-08)
PyQUDA INFO: Time = 0.007 secs, Performance = 218.624 GFLOPS
BiCGstab: Convergence at 19 iterations, L2 relative residual: iterated = 2.701410e-09, true = 2.701410e-09 (requested = 1.000000e-08)
PyQUDA INFO: Time = 0.007 secs, Performance = 221.661 GFLOPS
BiCGstab: Convergence at 18 iterations, L2 relative residual: iterated = 5.100677e-09, true = 5.100677e-09 (requested = 1.000000e-08)
PyQUDA INFO: Time = 0.007 secs, Performance = 218.097 GFLOPS
BiCGstab: Convergence at 18 iterations, L2 relative residual: iterated = 9.524103e-09, true = 9.524103e-09 (requested = 1.000000e-08)
PyQUDA INFO: Time = 0.007 secs, Performance = 225.706 GFLOPS
BiCGstab: Convergence at 18 iterations, L2 relative residual: iterated = 6.589369e-09, true = 6.589369e-09 (requested = 1.000000e-08)
PyQUDA INFO: Time = 0.007 secs, Performance = 218.438 GFLOPS
BiCGstab: Convergence at 17 iterations, L2 relative residual: iterated = 8.286554e-09, true = 8.286554e-09 (requested = 1.000000e-08)
PyQUDA INFO: Time = 0.006 secs, Performance = 222.323 GFLOPS
BiCGstab: Convergence at 18 iterations, L2 relative residual: iterated = 3.366738e-09, true = 3.366738e-09 (requested = 1.000000e-08)
PyQUDA INFO: Time = 0.007 secs, Performance = 217.881 GFLOPS
BiCGstab: Convergence at 18 iterations, L2 relative residual: iterated = 5.529588e-09, true = 5.529588e-09 (requested = 1.000000e-08)
PyQUDA INFO: Time = 0.007 secs, Performance = 211.298 GFLOPS
BiCGstab: Convergence at 18 iterations, L2 relative residual: iterated = 4.239012e-09, true = 4.239012e-09 (requested = 1.000000e-08)
PyQUDA INFO: Time = 0.007 secs, Performance = 219.341 GFLOPS
BiCGstab: Convergence at 18 iterations, L2 relative residual: iterated = 6.150455e-09, true = 6.150455e-09 (requested = 1.000000e-08)
PyQUDA INFO: Time = 0.007 secs, Performance = 218.966 GFLOPS
BiCGstab: Convergence at 18 iterations, L2 relative residual: iterated = 5.293475e-09, true = 5.293475e-09 (requested = 1.000000e-08)
PyQUDA INFO: Time = 0.007 secs, Performance = 218.407 GFLOPS
BiCGstab: Convergence at 19 iterations, L2 relative residual: iterated = 1.739209e-09, true = 1.739209e-09 (requested = 1.000000e-08)
PyQUDA INFO: Time = 0.007 secs, Performance = 221.875 GFLOPS
BiCGstab: Convergence at 18 iterations, L2 relative residual: iterated = 6.143186e-09, true = 6.143186e-09 (requested = 1.000000e-08)
PyQUDA INFO: Time = 0.007 secs, Performance = 219.341 GFLOPS
BiCGstab: Convergence at 18 iterations, L2 relative residual: iterated = 3.886225e-09, true = 3.886225e-09 (requested = 1.000000e-08)
PyQUDA INFO: Time = 0.007 secs, Performance = 216.501 GFLOPS
BiCGstab: Convergence at 19 iterations, L2 relative residual: iterated = 3.887034e-09, true = 3.887034e-09 (requested = 1.000000e-08)
PyQUDA INFO: Time = 0.007 secs, Performance = 229.844 GFLOPS
BiCGstab: Convergence at 19 iterations, L2 relative residual: iterated = 4.223299e-09, true = 4.223299e-09 (requested = 1.000000e-08)
PyQUDA INFO: Time = 0.007 secs, Performance = 221.845 GFLOPS
BiCGstab: Convergence at 18 iterations, L2 relative residual: iterated = 7.778499e-09, true = 7.778499e-09 (requested = 1.000000e-08)
PyQUDA INFO: Time = 0.007 secs, Performance = 212.160 GFLOPS
BiCGstab: Convergence at 18 iterations, L2 relative residual: iterated = 7.218548e-09, true = 7.218548e-09 (requested = 1.000000e-08)
PyQUDA INFO: Time = 0.007 secs, Performance = 218.345 GFLOPS
BiCGstab: Convergence at 18 iterations, L2 relative residual: iterated = 5.171231e-09, true = 5.171231e-09 (requested = 1.000000e-08)
PyQUDA INFO: Time = 0.007 secs, Performance = 219.185 GFLOPS
BiCGstab: Convergence at 19 iterations, L2 relative residual: iterated = 2.804330e-09, true = 2.804330e-09 (requested = 1.000000e-08)
>>> Contraction type 1 time: 0.001 seconds
>>> Shift time: 0.002 seconds
>>> Contraction type 1 time: 0.001 seconds
>>> Shift time: 0.002 seconds
>>> Contraction type 1 time: 0.001 seconds
>>> Shift time: 0.002 seconds
>>> Contraction type 1 time: 0.001 seconds
>>> Shift time: 0.002 seconds
>>> Contraction type 1 time: 0.001 seconds
>>> Shift time: 0.002 seconds
>>> Contraction type 1 time: 0.001 seconds
>>> Shift time: 0.002 seconds
>>> Contraction type 1 time: 0.001 seconds
>>> Shift time: 0.002 seconds
>>> Contraction type 1 time: 0.001 seconds
>>> Shift time: 0.002 seconds
PyQUDA INFO: Time = 0.007 secs, Performance = 218.679 GFLOPS
BiCGstab: Convergence at 19 iterations, L2 relative residual: iterated = 3.651757e-09, true = 3.651757e-09 (requested = 1.000000e-08)
PyQUDA INFO: Time = 0.007 secs, Performance = 229.911 GFLOPS
BiCGstab: Convergence at 18 iterations, L2 relative residual: iterated = 7.169529e-09, true = 7.169529e-09 (requested = 1.000000e-08)
PyQUDA INFO: Time = 0.007 secs, Performance = 227.239 GFLOPS
BiCGstab: Convergence at 18 iterations, L2 relative residual: iterated = 5.683084e-09, true = 5.683084e-09 (requested = 1.000000e-08)
PyQUDA INFO: Time = 0.007 secs, Performance = 218.221 GFLOPS
BiCGstab: Convergence at 18 iterations, L2 relative residual: iterated = 7.047927e-09, true = 7.047927e-09 (requested = 1.000000e-08)
PyQUDA INFO: Time = 0.007 secs, Performance = 218.998 GFLOPS
BiCGstab: Convergence at 17 iterations, L2 relative residual: iterated = 8.511440e-09, true = 8.511440e-09 (requested = 1.000000e-08)
PyQUDA INFO: Time = 0.007 secs, Performance = 215.642 GFLOPS
BiCGstab: Convergence at 18 iterations, L2 relative residual: iterated = 5.484879e-09, true = 5.484879e-09 (requested = 1.000000e-08)
PyQUDA INFO: Time = 0.007 secs, Performance = 218.593 GFLOPS
BiCGstab: Convergence at 18 iterations, L2 relative residual: iterated = 5.477730e-09, true = 5.477730e-09 (requested = 1.000000e-08)
PyQUDA INFO: Time = 0.007 secs, Performance = 227.136 GFLOPS
BiCGstab: Convergence at 18 iterations, L2 relative residual: iterated = 7.645005e-09, true = 7.645005e-09 (requested = 1.000000e-08)
PyQUDA INFO: Time = 0.007 secs, Performance = 217.082 GFLOPS
BiCGstab: Convergence at 18 iterations, L2 relative residual: iterated = 4.809258e-09, true = 4.809258e-09 (requested = 1.000000e-08)
PyQUDA INFO: Time = 0.007 secs, Performance = 219.466 GFLOPS
BiCGstab: Convergence at 18 iterations, L2 relative residual: iterated = 6.989641e-09, true = 6.989641e-09 (requested = 1.000000e-08)
PyQUDA INFO: Time = 0.007 secs, Performance = 218.998 GFLOPS
BiCGstab: Convergence at 18 iterations, L2 relative residual: iterated = 7.555204e-09, true = 7.555204e-09 (requested = 1.000000e-08)
PyQUDA INFO: Time = 0.007 secs, Performance = 218.966 GFLOPS
BiCGstab: Convergence at 18 iterations, L2 relative residual: iterated = 9.001380e-09, true = 9.001380e-09 (requested = 1.000000e-08)
PyQUDA INFO: Time = 0.007 secs, Performance = 218.403 GFLOPS
BiCGstab: Convergence at 19 iterations, L2 relative residual: iterated = 1.183161e-09, true = 1.183161e-09 (requested = 1.000000e-08)
PyQUDA INFO: Time = 0.007 secs, Performance = 222.243 GFLOPS
BiCGstab: Convergence at 19 iterations, L2 relative residual: iterated = 5.997099e-09, true = 5.997099e-09 (requested = 1.000000e-08)
PyQUDA INFO: Time = 0.007 secs, Performance = 221.814 GFLOPS
BiCGstab: Convergence at 18 iterations, L2 relative residual: iterated = 5.975551e-09, true = 5.975551e-09 (requested = 1.000000e-08)
PyQUDA INFO: Time = 0.007 secs, Performance = 219.278 GFLOPS
BiCGstab: Convergence at 18 iterations, L2 relative residual: iterated = 6.886592e-09, true = 6.886592e-09 (requested = 1.000000e-08)
PyQUDA INFO: Time = 0.007 secs, Performance = 226.521 GFLOPS
BiCGstab: Convergence at 18 iterations, L2 relative residual: iterated = 5.410661e-09, true = 5.410661e-09 (requested = 1.000000e-08)
PyQUDA INFO: Time = 0.007 secs, Performance = 226.419 GFLOPS
BiCGstab: Convergence at 20 iterations, L2 relative residual: iterated = 9.035110e-09, true = 9.035110e-09 (requested = 1.000000e-08)
PyQUDA INFO: Time = 0.007 secs, Performance = 224.518 GFLOPS
BiCGstab: Convergence at 18 iterations, L2 relative residual: iterated = 6.625144e-09, true = 6.625144e-09 (requested = 1.000000e-08)
PyQUDA INFO: Time = 0.007 secs, Performance = 218.376 GFLOPS
BiCGstab: Convergence at 19 iterations, L2 relative residual: iterated = 2.884527e-09, true = 2.884527e-09 (requested = 1.000000e-08)
PyQUDA INFO: Time = 0.007 secs, Performance = 229.176 GFLOPS
BiCGstab: Convergence at 19 iterations, L2 relative residual: iterated = 3.579078e-09, true = 3.579078e-09 (requested = 1.000000e-08)
PyQUDA INFO: Time = 0.007 secs, Performance = 221.784 GFLOPS
BiCGstab: Convergence at 19 iterations, L2 relative residual: iterated = 1.670949e-09, true = 1.670949e-09 (requested = 1.000000e-08)
PyQUDA INFO: Time = 0.007 secs, Performance = 222.274 GFLOPS
BiCGstab: Convergence at 19 iterations, L2 relative residual: iterated = 6.336769e-09, true = 6.336769e-09 (requested = 1.000000e-08)
PyQUDA INFO: Time = 0.007 secs, Performance = 222.458 GFLOPS
BiCGstab: Convergence at 18 iterations, L2 relative residual: iterated = 7.813676e-09, true = 7.813676e-09 (requested = 1.000000e-08)
>>> Contraction type 1 time: 0.001 seconds
>>> Shift time: 0.002 seconds
>>> Contraction type 1 time: 0.001 seconds
>>> Shift time: 0.002 seconds
>>> Contraction type 1 time: 0.001 seconds
>>> Shift time: 0.002 seconds
>>> Contraction type 1 time: 0.001 seconds
>>> Shift time: 0.002 seconds
>>> Contraction type 1 time: 0.001 seconds
>>> Shift time: 0.002 seconds
>>> Contraction type 1 time: 0.001 seconds
>>> Shift time: 0.002 seconds
>>> Contraction type 1 time: 0.001 seconds
>>> Shift time: 0.002 seconds
>>> Contraction type 1 time: 0.001 seconds
>>> Shift time: 0.002 seconds
PyQUDA INFO: Time = 0.007 secs, Performance = 211.066 GFLOPS
BiCGstab: Convergence at 18 iterations, L2 relative residual: iterated = 3.608807e-09, true = 3.608807e-09 (requested = 1.000000e-08)
PyQUDA INFO: Time = 0.007 secs, Performance = 227.205 GFLOPS
BiCGstab: Convergence at 18 iterations, L2 relative residual: iterated = 6.797705e-09, true = 6.797705e-09 (requested = 1.000000e-08)
PyQUDA INFO: Time = 0.007 secs, Performance = 226.282 GFLOPS
BiCGstab: Convergence at 18 iterations, L2 relative residual: iterated = 7.292268e-09, true = 7.292268e-09 (requested = 1.000000e-08)
PyQUDA INFO: Time = 0.007 secs, Performance = 218.159 GFLOPS
BiCGstab: Convergence at 18 iterations, L2 relative residual: iterated = 6.285682e-09, true = 6.285682e-09 (requested = 1.000000e-08)
PyQUDA INFO: Time = 0.007 secs, Performance = 226.282 GFLOPS
BiCGstab: Convergence at 19 iterations, L2 relative residual: iterated = 1.701104e-09, true = 1.701104e-09 (requested = 1.000000e-08)
PyQUDA INFO: Time = 0.007 secs, Performance = 222.212 GFLOPS
BiCGstab: Convergence at 17 iterations, L2 relative residual: iterated = 8.881092e-09, true = 8.881092e-09 (requested = 1.000000e-08)
PyQUDA INFO: Time = 0.006 secs, Performance = 230.915 GFLOPS
BiCGstab: Convergence at 18 iterations, L2 relative residual: iterated = 8.467567e-09, true = 8.467567e-09 (requested = 1.000000e-08)
PyQUDA INFO: Time = 0.007 secs, Performance = 226.419 GFLOPS
BiCGstab: Convergence at 19 iterations, L2 relative residual: iterated = 1.598509e-09, true = 1.598509e-09 (requested = 1.000000e-08)
PyQUDA INFO: Time = 0.007 secs, Performance = 229.109 GFLOPS
BiCGstab: Convergence at 18 iterations, L2 relative residual: iterated = 7.024947e-09, true = 7.024947e-09 (requested = 1.000000e-08)
PyQUDA INFO: Time = 0.007 secs, Performance = 226.589 GFLOPS
BiCGstab: Convergence at 18 iterations, L2 relative residual: iterated = 9.618588e-09, true = 9.618588e-09 (requested = 1.000000e-08)
PyQUDA INFO: Time = 0.007 secs, Performance = 224.360 GFLOPS
BiCGstab: Convergence at 18 iterations, L2 relative residual: iterated = 9.049654e-09, true = 9.049654e-09 (requested = 1.000000e-08)
PyQUDA INFO: Time = 0.007 secs, Performance = 225.807 GFLOPS
(10, 8, 32)
(10, 8, 32)
[1(0) 0.5947(55) 0.3479(84) 0.1939(76) 0.1087(63) 0.0663(72) 0.0445(81)
 0.039(10)]
WARNING: Environment variable QUDA_PROFILE_OUTPUT_BASE not set; writing to profile.tsv and profile_async.tsv
Saving 69 sets of cached parameters to .cache/profile_0.tsv
Saving 0 sets of cached profiles to .cache/profile_async_0.tsv

               initQuda Total time =     0.093 secs
                     init     =     0.093 secs ( 99.992%),	 with        2 calls at 4.656e+04 us per call
        total accounted       =     0.093 secs ( 99.992%)
        total missing         =     0.000 secs (  0.008%)

          loadGaugeQuda Total time =    10.120 secs
                 download     =     0.508 secs (  5.019%),	 with      660 calls at 7.696e+02 us per call
                     init     =     0.001 secs (  0.010%),	 with     3979 calls at 2.475e-01 us per call
                  compute     =     0.001 secs (  0.007%),	 with      680 calls at 9.985e-01 us per call
                    comms     =     0.041 secs (  0.403%),	 with      659 calls at 6.187e+01 us per call
                     free     =     0.001 secs (  0.006%),	 with     1359 calls at 4.614e-01 us per call
        total accounted       =     0.551 secs (  5.444%)
        total missing         =     9.569 secs ( 94.556%)

         loadCloverQuda Total time =     0.106 secs
                     init     =     0.000 secs (  0.364%),	 with       31 calls at 1.239e+01 us per call
                  compute     =     0.027 secs ( 25.866%),	 with       30 calls at 9.100e+02 us per call
                    comms     =     0.000 secs (  0.038%),	 with        1 calls at 4.000e+01 us per call
                     free     =     0.000 secs (  0.010%),	 with       28 calls at 3.929e-01 us per call
        total accounted       =     0.028 secs ( 26.279%)
        total missing         =     0.078 secs ( 73.721%)

     invertMultiSrcQuda Total time =     7.252 secs
                     init     =     0.264 secs (  3.640%),	 with    33632 calls at 7.849e+00 us per call
                 preamble     =     0.273 secs (  3.758%),	 with     3841 calls at 7.096e+01 us per call
                  compute     =     6.576 secs ( 90.671%),	 with      961 calls at 6.842e+03 us per call
                 epilogue     =     0.044 secs (  0.601%),	 with     1920 calls at 2.270e+01 us per call
                     free     =     0.003 secs (  0.038%),	 with    10560 calls at 2.617e-01 us per call
        total accounted       =     7.159 secs ( 98.708%)
        total missing         =     0.094 secs (  1.292%)

                endQuda Total time =     0.005 secs
                     free     =     0.000 secs (  0.140%),	 with        5 calls at 1.400e+00 us per call
        total accounted       =     0.000 secs (  0.140%)
        total missing         =     0.005 secs ( 99.860%)

       initQuda-endQuda Total time =    22.907 secs

                   QUDA Total time =    17.576 secs
                 download     =     0.508 secs (  2.890%),	 with      660 calls at 7.697e+02 us per call
                     init     =     0.359 secs (  2.041%),	 with    37644 calls at 9.529e+00 us per call
                 preamble     =     0.273 secs (  1.551%),	 with     3841 calls at 7.097e+01 us per call
                  compute     =     6.604 secs ( 37.572%),	 with     1671 calls at 3.952e+03 us per call
                    comms     =     0.041 secs (  0.232%),	 with      660 calls at 6.185e+01 us per call
                 epilogue     =     0.044 secs (  0.248%),	 with     1920 calls at 2.271e+01 us per call
                     free     =     0.003 secs (  0.020%),	 with    11952 calls at 2.902e-01 us per call
        total accounted       =     7.831 secs ( 44.554%)
        total missing         =     9.745 secs ( 55.446%)

Device memory used = 62.9 MiB
Pinned device memory used = 0.0 MiB
Managed memory used = 0.0 MiB
Shmem memory used = 0.0 MiB
Page-locked host memory used = 3.7 MiB
Total host memory used >= 3.8 MiB

