PyQUDA INFO: Using the grid size [1, 1, 1, 1]
PyQUDA INFO: Using CUDA backend cupy
PyQUDA INFO: Using the lattice size [8, 8, 8, 32] only for getting the default grid size [1, 1, 1, 1]
PyQUDA INFO: Using QUDA_RESOURCE_PATH=.cache
Disabling GPU-Direct RDMA access
Enabling peer-to-peer copy engine and direct load/store access
QUDA 1.1.0 (git 1.1.0-e23cd7e4f-sm_86)
CUDA Driver version = 12020
CUDA Runtime version = 12020
Graphic driver version = 535.230.02
Found device 0: NVIDIA GeForce RTX 3060
Using device 0: NVIDIA GeForce RTX 3060
Initializing monitoring on device 0: NVIDIA GeForce RTX 3060
WARNING: Data reordering done on GPU (set with QUDA_REORDER_LOCATION=GPU/CPU)
Loaded 413 sets of cached parameters from .cache/tunecache.tsv
WARNING: Using device memory pool allocator
WARNING: Using pinned memory pool allocator
cublasCreated successfully
BiCGstab: Convergence at 19 iterations, L2 relative residual: iterated = 5.448750e-09, true = 5.448750e-09 (requested = 1.000000e-08)
PyQUDA INFO: Time = 0.266 secs, Performance = 6.058 GFLOPS
BiCGstab: Convergence at 19 iterations, L2 relative residual: iterated = 9.817441e-09, true = 9.817441e-09 (requested = 1.000000e-08)
PyQUDA INFO: Time = 0.008 secs, Performance = 204.582 GFLOPS
BiCGstab: Convergence at 19 iterations, L2 relative residual: iterated = 2.947004e-09, true = 2.947004e-09 (requested = 1.000000e-08)
PyQUDA INFO: Time = 0.007 secs, Performance = 213.873 GFLOPS
BiCGstab: Convergence at 19 iterations, L2 relative residual: iterated = 4.026442e-09, true = 4.026442e-09 (requested = 1.000000e-08)
PyQUDA INFO: Time = 0.008 secs, Performance = 204.843 GFLOPS
BiCGstab: Convergence at 19 iterations, L2 relative residual: iterated = 4.329823e-09, true = 4.329823e-09 (requested = 1.000000e-08)
PyQUDA INFO: Time = 0.008 secs, Performance = 199.207 GFLOPS
BiCGstab: Convergence at 19 iterations, L2 relative residual: iterated = 2.970313e-09, true = 2.970313e-09 (requested = 1.000000e-08)
PyQUDA INFO: Time = 0.008 secs, Performance = 203.805 GFLOPS
BiCGstab: Convergence at 18 iterations, L2 relative residual: iterated = 7.876663e-09, true = 7.876663e-09 (requested = 1.000000e-08)
PyQUDA INFO: Time = 0.008 secs, Performance = 200.503 GFLOPS
BiCGstab: Convergence at 18 iterations, L2 relative residual: iterated = 6.767443e-09, true = 6.767443e-09 (requested = 1.000000e-08)
PyQUDA INFO: Time = 0.007 secs, Performance = 209.409 GFLOPS
BiCGstab: Convergence at 19 iterations, L2 relative residual: iterated = 3.627289e-09, true = 3.627289e-09 (requested = 1.000000e-08)
PyQUDA INFO: Time = 0.007 secs, Performance = 212.374 GFLOPS
BiCGstab: Convergence at 19 iterations, L2 relative residual: iterated = 6.945346e-09, true = 6.945346e-09 (requested = 1.000000e-08)
PyQUDA INFO: Time = 0.008 secs, Performance = 204.478 GFLOPS
BiCGstab: Convergence at 18 iterations, L2 relative residual: iterated = 9.853097e-09, true = 9.853097e-09 (requested = 1.000000e-08)
PyQUDA INFO: Time = 0.008 secs, Performance = 201.422 GFLOPS
BiCGstab: Convergence at 19 iterations, L2 relative residual: iterated = 4.613277e-09, true = 4.613277e-09 (requested = 1.000000e-08)
PyQUDA INFO: Time = 0.008 secs, Performance = 204.141 GFLOPS
BiCGstab: Convergence at 19 iterations, L2 relative residual: iterated = 4.714480e-09, true = 4.714480e-09 (requested = 1.000000e-08)
>>> Contraction type 1 time: 0.001 seconds
>>> Shift time: 0.072 seconds
>>> Contraction type 1 time: 0.001 seconds
>>> Shift time: 0.002 seconds
>>> Contraction type 1 time: 0.001 seconds
>>> Shift time: 0.002 seconds
>>> Contraction type 1 time: 0.001 seconds
>>> Shift time: 0.002 seconds
>>> Contraction type 1 time: 0.001 seconds
>>> Shift time: 0.002 seconds
>>> Contraction type 1 time: 0.001 seconds
>>> Shift time: 0.002 seconds
>>> Contraction type 1 time: 0.001 seconds
>>> Shift time: 0.002 seconds
>>> Contraction type 1 time: 0.001 seconds
>>> Shift time: 0.002 seconds
PyQUDA INFO: Time = 0.008 secs, Performance = 201.331 GFLOPS
BiCGstab: Convergence at 18 iterations, L2 relative residual: iterated = 7.752765e-09, true = 7.752765e-09 (requested = 1.000000e-08)
PyQUDA INFO: Time = 0.008 secs, Performance = 200.948 GFLOPS
BiCGstab: Convergence at 18 iterations, L2 relative residual: iterated = 8.711364e-09, true = 8.711364e-09 (requested = 1.000000e-08)
PyQUDA INFO: Time = 0.007 secs, Performance = 209.759 GFLOPS
BiCGstab: Convergence at 19 iterations, L2 relative residual: iterated = 7.388529e-09, true = 7.388529e-09 (requested = 1.000000e-08)
PyQUDA INFO: Time = 0.008 secs, Performance = 203.960 GFLOPS
BiCGstab: Convergence at 18 iterations, L2 relative residual: iterated = 7.753201e-09, true = 7.753201e-09 (requested = 1.000000e-08)
PyQUDA INFO: Time = 0.008 secs, Performance = 201.053 GFLOPS
BiCGstab: Convergence at 18 iterations, L2 relative residual: iterated = 8.316773e-09, true = 8.316773e-09 (requested = 1.000000e-08)
PyQUDA INFO: Time = 0.008 secs, Performance = 202.189 GFLOPS
BiCGstab: Convergence at 18 iterations, L2 relative residual: iterated = 7.698803e-09, true = 7.698803e-09 (requested = 1.000000e-08)
PyQUDA INFO: Time = 0.008 secs, Performance = 200.869 GFLOPS
BiCGstab: Convergence at 19 iterations, L2 relative residual: iterated = 6.952361e-09, true = 6.952361e-09 (requested = 1.000000e-08)
PyQUDA INFO: Time = 0.008 secs, Performance = 208.776 GFLOPS
BiCGstab: Convergence at 19 iterations, L2 relative residual: iterated = 3.567515e-09, true = 3.567515e-09 (requested = 1.000000e-08)
PyQUDA INFO: Time = 0.007 secs, Performance = 223.837 GFLOPS
BiCGstab: Convergence at 19 iterations, L2 relative residual: iterated = 3.613449e-09, true = 3.613449e-09 (requested = 1.000000e-08)
PyQUDA INFO: Time = 0.007 secs, Performance = 215.602 GFLOPS
BiCGstab: Convergence at 18 iterations, L2 relative residual: iterated = 7.062807e-09, true = 7.062807e-09 (requested = 1.000000e-08)
PyQUDA INFO: Time = 0.007 secs, Performance = 211.646 GFLOPS
BiCGstab: Convergence at 18 iterations, L2 relative residual: iterated = 9.723394e-09, true = 9.723394e-09 (requested = 1.000000e-08)
PyQUDA INFO: Time = 0.007 secs, Performance = 212.055 GFLOPS
BiCGstab: Convergence at 19 iterations, L2 relative residual: iterated = 5.306534e-09, true = 5.306534e-09 (requested = 1.000000e-08)
PyQUDA INFO: Time = 0.247 secs, Performance = 6.522 GFLOPS
BiCGstab: Convergence at 20 iterations, L2 relative residual: iterated = 3.137462e-09, true = 3.137462e-09 (requested = 1.000000e-08)
PyQUDA INFO: Time = 0.008 secs, Performance = 219.501 GFLOPS
BiCGstab: Convergence at 19 iterations, L2 relative residual: iterated = 9.900824e-09, true = 9.900824e-09 (requested = 1.000000e-08)
PyQUDA INFO: Time = 0.007 secs, Performance = 217.027 GFLOPS
BiCGstab: Convergence at 19 iterations, L2 relative residual: iterated = 6.089340e-09, true = 6.089340e-09 (requested = 1.000000e-08)
PyQUDA INFO: Time = 0.007 secs, Performance = 215.689 GFLOPS
BiCGstab: Convergence at 19 iterations, L2 relative residual: iterated = 6.610193e-09, true = 6.610193e-09 (requested = 1.000000e-08)
PyQUDA INFO: Time = 0.007 secs, Performance = 215.516 GFLOPS
BiCGstab: Convergence at 19 iterations, L2 relative residual: iterated = 9.064199e-09, true = 9.064199e-09 (requested = 1.000000e-08)
PyQUDA INFO: Time = 0.007 secs, Performance = 216.414 GFLOPS
BiCGstab: Convergence at 19 iterations, L2 relative residual: iterated = 3.701794e-09, true = 3.701794e-09 (requested = 1.000000e-08)
PyQUDA INFO: Time = 0.007 secs, Performance = 216.472 GFLOPS
BiCGstab: Convergence at 18 iterations, L2 relative residual: iterated = 9.634578e-09, true = 9.634578e-09 (requested = 1.000000e-08)
PyQUDA INFO: Time = 0.007 secs, Performance = 212.143 GFLOPS
BiCGstab: Convergence at 19 iterations, L2 relative residual: iterated = 6.210302e-09, true = 6.210302e-09 (requested = 1.000000e-08)
PyQUDA INFO: Time = 0.007 secs, Performance = 215.863 GFLOPS
BiCGstab: Convergence at 19 iterations, L2 relative residual: iterated = 3.900956e-09, true = 3.900956e-09 (requested = 1.000000e-08)
PyQUDA INFO: Time = 0.007 secs, Performance = 215.950 GFLOPS
BiCGstab: Convergence at 19 iterations, L2 relative residual: iterated = 8.422326e-09, true = 8.422326e-09 (requested = 1.000000e-08)
PyQUDA INFO: Time = 0.007 secs, Performance = 215.170 GFLOPS
BiCGstab: Convergence at 19 iterations, L2 relative residual: iterated = 5.532388e-09, true = 5.532388e-09 (requested = 1.000000e-08)
PyQUDA INFO: Time = 0.007 secs, Performance = 216.095 GFLOPS
BiCGstab: Convergence at 18 iterations, L2 relative residual: iterated = 7.870315e-09, true = 7.870315e-09 (requested = 1.000000e-08)
>>> Contraction type 1 time: 0.001 seconds
>>> Shift time: 0.002 seconds
>>> Contraction type 1 time: 0.001 seconds
>>> Shift time: 0.002 seconds
>>> Contraction type 1 time: 0.001 seconds
>>> Shift time: 0.002 seconds
>>> Contraction type 1 time: 0.001 seconds
>>> Shift time: 0.002 seconds
>>> Contraction type 1 time: 0.001 seconds
>>> Shift time: 0.002 seconds
>>> Contraction type 1 time: 0.001 seconds
>>> Shift time: 0.002 seconds
>>> Contraction type 1 time: 0.001 seconds
>>> Shift time: 0.002 seconds
>>> Contraction type 1 time: 0.001 seconds
>>> Shift time: 0.002 seconds
PyQUDA INFO: Time = 0.007 secs, Performance = 209.799 GFLOPS
BiCGstab: Convergence at 19 iterations, L2 relative residual: iterated = 4.166893e-09, true = 4.166893e-09 (requested = 1.000000e-08)
PyQUDA INFO: Time = 0.007 secs, Performance = 224.795 GFLOPS
BiCGstab: Convergence at 18 iterations, L2 relative residual: iterated = 7.153603e-09, true = 7.153603e-09 (requested = 1.000000e-08)
PyQUDA INFO: Time = 0.007 secs, Performance = 212.201 GFLOPS
BiCGstab: Convergence at 20 iterations, L2 relative residual: iterated = 9.618895e-10, true = 9.618895e-10 (requested = 1.000000e-08)
PyQUDA INFO: Time = 0.007 secs, Performance = 228.666 GFLOPS
BiCGstab: Convergence at 20 iterations, L2 relative residual: iterated = 1.145631e-09, true = 1.145631e-09 (requested = 1.000000e-08)
PyQUDA INFO: Time = 0.008 secs, Performance = 219.129 GFLOPS
BiCGstab: Convergence at 18 iterations, L2 relative residual: iterated = 5.509317e-09, true = 5.509317e-09 (requested = 1.000000e-08)
PyQUDA INFO: Time = 0.007 secs, Performance = 210.143 GFLOPS
BiCGstab: Convergence at 18 iterations, L2 relative residual: iterated = 7.472067e-09, true = 7.472067e-09 (requested = 1.000000e-08)
PyQUDA INFO: Time = 0.007 secs, Performance = 212.553 GFLOPS
BiCGstab: Convergence at 18 iterations, L2 relative residual: iterated = 8.462964e-09, true = 8.462964e-09 (requested = 1.000000e-08)
PyQUDA INFO: Time = 0.007 secs, Performance = 221.195 GFLOPS
BiCGstab: Convergence at 20 iterations, L2 relative residual: iterated = 7.659112e-10, true = 7.659112e-10 (requested = 1.000000e-08)
PyQUDA INFO: Time = 0.008 secs, Performance = 219.558 GFLOPS
BiCGstab: Convergence at 18 iterations, L2 relative residual: iterated = 7.213931e-09, true = 7.213931e-09 (requested = 1.000000e-08)
PyQUDA INFO: Time = 0.007 secs, Performance = 212.582 GFLOPS
BiCGstab: Convergence at 20 iterations, L2 relative residual: iterated = 1.165067e-09, true = 1.165067e-09 (requested = 1.000000e-08)
PyQUDA INFO: Time = 0.008 secs, Performance = 219.386 GFLOPS
BiCGstab: Convergence at 19 iterations, L2 relative residual: iterated = 9.739780e-09, true = 9.739780e-09 (requested = 1.000000e-08)
PyQUDA INFO: Time = 0.007 secs, Performance = 216.356 GFLOPS
BiCGstab: Convergence at 18 iterations, L2 relative residual: iterated = 9.685039e-09, true = 9.685039e-09 (requested = 1.000000e-08)
PyQUDA INFO: Time = 0.247 secs, Performance = 6.219 GFLOPS
BiCGstab: Convergence at 19 iterations, L2 relative residual: iterated = 9.786119e-09, true = 9.786119e-09 (requested = 1.000000e-08)
PyQUDA INFO: Time = 0.007 secs, Performance = 217.526 GFLOPS
BiCGstab: Convergence at 18 iterations, L2 relative residual: iterated = 9.896409e-09, true = 9.896409e-09 (requested = 1.000000e-08)
PyQUDA INFO: Time = 0.007 secs, Performance = 211.182 GFLOPS
BiCGstab: Convergence at 19 iterations, L2 relative residual: iterated = 3.524789e-09, true = 3.524789e-09 (requested = 1.000000e-08)
PyQUDA INFO: Time = 0.008 secs, Performance = 214.424 GFLOPS
BiCGstab: Convergence at 20 iterations, L2 relative residual: iterated = 1.150515e-09, true = 1.150515e-09 (requested = 1.000000e-08)
PyQUDA INFO: Time = 0.008 secs, Performance = 219.702 GFLOPS
BiCGstab: Convergence at 18 iterations, L2 relative residual: iterated = 8.437867e-09, true = 8.437867e-09 (requested = 1.000000e-08)
PyQUDA INFO: Time = 0.007 secs, Performance = 211.850 GFLOPS
BiCGstab: Convergence at 18 iterations, L2 relative residual: iterated = 8.492850e-09, true = 8.492850e-09 (requested = 1.000000e-08)
PyQUDA INFO: Time = 0.008 secs, Performance = 204.566 GFLOPS
BiCGstab: Convergence at 19 iterations, L2 relative residual: iterated = 2.413468e-09, true = 2.413468e-09 (requested = 1.000000e-08)
PyQUDA INFO: Time = 0.007 secs, Performance = 216.472 GFLOPS
BiCGstab: Convergence at 18 iterations, L2 relative residual: iterated = 7.845792e-09, true = 7.845792e-09 (requested = 1.000000e-08)
PyQUDA INFO: Time = 0.007 secs, Performance = 212.494 GFLOPS
BiCGstab: Convergence at 19 iterations, L2 relative residual: iterated = 5.085291e-09, true = 5.085291e-09 (requested = 1.000000e-08)
PyQUDA INFO: Time = 0.007 secs, Performance = 214.796 GFLOPS
BiCGstab: Convergence at 19 iterations, L2 relative residual: iterated = 4.418222e-09, true = 4.418222e-09 (requested = 1.000000e-08)
PyQUDA INFO: Time = 0.007 secs, Performance = 223.805 GFLOPS
BiCGstab: Convergence at 18 iterations, L2 relative residual: iterated = 6.995229e-09, true = 6.995229e-09 (requested = 1.000000e-08)
PyQUDA INFO: Time = 0.007 secs, Performance = 212.494 GFLOPS
BiCGstab: Convergence at 19 iterations, L2 relative residual: iterated = 3.601143e-09, true = 3.601143e-09 (requested = 1.000000e-08)
>>> Contraction type 1 time: 0.001 seconds
>>> Shift time: 0.002 seconds
>>> Contraction type 1 time: 0.001 seconds
>>> Shift time: 0.002 seconds
>>> Contraction type 1 time: 0.001 seconds
>>> Shift time: 0.002 seconds
>>> Contraction type 1 time: 0.001 seconds
>>> Shift time: 0.002 seconds
>>> Contraction type 1 time: 0.001 seconds
>>> Shift time: 0.002 seconds
>>> Contraction type 1 time: 0.001 seconds
>>> Shift time: 0.002 seconds
>>> Contraction type 1 time: 0.001 seconds
>>> Shift time: 0.002 seconds
>>> Contraction type 1 time: 0.001 seconds
>>> Shift time: 0.002 seconds
PyQUDA INFO: Time = 0.008 secs, Performance = 204.135 GFLOPS
BiCGstab: Convergence at 20 iterations, L2 relative residual: iterated = 8.062152e-09, true = 8.062152e-09 (requested = 1.000000e-08)
PyQUDA INFO: Time = 0.007 secs, Performance = 227.152 GFLOPS
BiCGstab: Convergence at 19 iterations, L2 relative residual: iterated = 4.035171e-09, true = 4.035171e-09 (requested = 1.000000e-08)
PyQUDA INFO: Time = 0.007 secs, Performance = 216.066 GFLOPS
BiCGstab: Convergence at 19 iterations, L2 relative residual: iterated = 2.848853e-09, true = 2.848853e-09 (requested = 1.000000e-08)
PyQUDA INFO: Time = 0.008 secs, Performance = 207.908 GFLOPS
BiCGstab: Convergence at 18 iterations, L2 relative residual: iterated = 8.818803e-09, true = 8.818803e-09 (requested = 1.000000e-08)
PyQUDA INFO: Time = 0.007 secs, Performance = 212.055 GFLOPS
BiCGstab: Convergence at 19 iterations, L2 relative residual: iterated = 3.611404e-09, true = 3.611404e-09 (requested = 1.000000e-08)
PyQUDA INFO: Time = 0.007 secs, Performance = 215.863 GFLOPS
BiCGstab: Convergence at 19 iterations, L2 relative residual: iterated = 5.650907e-09, true = 5.650907e-09 (requested = 1.000000e-08)
PyQUDA INFO: Time = 0.007 secs, Performance = 215.747 GFLOPS
BiCGstab: Convergence at 20 iterations, L2 relative residual: iterated = 1.106938e-09, true = 1.106938e-09 (requested = 1.000000e-08)
PyQUDA INFO: Time = 0.008 secs, Performance = 220.655 GFLOPS
BiCGstab: Convergence at 19 iterations, L2 relative residual: iterated = 7.063255e-09, true = 7.063255e-09 (requested = 1.000000e-08)
PyQUDA INFO: Time = 0.008 secs, Performance = 208.436 GFLOPS
BiCGstab: Convergence at 19 iterations, L2 relative residual: iterated = 2.595492e-09, true = 2.595492e-09 (requested = 1.000000e-08)
PyQUDA INFO: Time = 0.008 secs, Performance = 214.339 GFLOPS
BiCGstab: Convergence at 18 iterations, L2 relative residual: iterated = 8.316993e-09, true = 8.316993e-09 (requested = 1.000000e-08)
PyQUDA INFO: Time = 0.007 secs, Performance = 212.465 GFLOPS
BiCGstab: Convergence at 19 iterations, L2 relative residual: iterated = 2.292677e-09, true = 2.292677e-09 (requested = 1.000000e-08)
PyQUDA INFO: Time = 0.007 secs, Performance = 216.618 GFLOPS
BiCGstab: Convergence at 18 iterations, L2 relative residual: iterated = 5.234218e-09, true = 5.234218e-09 (requested = 1.000000e-08)
PyQUDA INFO: Time = 0.247 secs, Performance = 6.230 GFLOPS
BiCGstab: Convergence at 19 iterations, L2 relative residual: iterated = 3.892590e-09, true = 3.892590e-09 (requested = 1.000000e-08)
PyQUDA INFO: Time = 0.007 secs, Performance = 216.414 GFLOPS
BiCGstab: Convergence at 18 iterations, L2 relative residual: iterated = 7.403911e-09, true = 7.403911e-09 (requested = 1.000000e-08)
PyQUDA INFO: Time = 0.007 secs, Performance = 220.773 GFLOPS
BiCGstab: Convergence at 18 iterations, L2 relative residual: iterated = 7.641979e-09, true = 7.641979e-09 (requested = 1.000000e-08)
PyQUDA INFO: Time = 0.007 secs, Performance = 221.032 GFLOPS
BiCGstab: Convergence at 19 iterations, L2 relative residual: iterated = 4.073033e-09, true = 4.073033e-09 (requested = 1.000000e-08)
PyQUDA INFO: Time = 0.007 secs, Performance = 216.182 GFLOPS
BiCGstab: Convergence at 19 iterations, L2 relative residual: iterated = 3.488684e-09, true = 3.488684e-09 (requested = 1.000000e-08)
PyQUDA INFO: Time = 0.007 secs, Performance = 216.502 GFLOPS
BiCGstab: Convergence at 19 iterations, L2 relative residual: iterated = 3.652854e-09, true = 3.652854e-09 (requested = 1.000000e-08)
PyQUDA INFO: Time = 0.007 secs, Performance = 215.487 GFLOPS
BiCGstab: Convergence at 19 iterations, L2 relative residual: iterated = 5.952209e-09, true = 5.952209e-09 (requested = 1.000000e-08)
PyQUDA INFO: Time = 0.007 secs, Performance = 224.283 GFLOPS
BiCGstab: Convergence at 19 iterations, L2 relative residual: iterated = 8.310029e-09, true = 8.310029e-09 (requested = 1.000000e-08)
PyQUDA INFO: Time = 0.007 secs, Performance = 215.573 GFLOPS
BiCGstab: Convergence at 18 iterations, L2 relative residual: iterated = 8.167505e-09, true = 8.167505e-09 (requested = 1.000000e-08)
PyQUDA INFO: Time = 0.007 secs, Performance = 220.127 GFLOPS
BiCGstab: Convergence at 19 iterations, L2 relative residual: iterated = 5.910510e-09, true = 5.910510e-09 (requested = 1.000000e-08)
PyQUDA INFO: Time = 0.007 secs, Performance = 215.400 GFLOPS
BiCGstab: Convergence at 19 iterations, L2 relative residual: iterated = 6.658169e-09, true = 6.658169e-09 (requested = 1.000000e-08)
PyQUDA INFO: Time = 0.007 secs, Performance = 215.950 GFLOPS
BiCGstab: Convergence at 19 iterations, L2 relative residual: iterated = 5.953815e-09, true = 5.953815e-09 (requested = 1.000000e-08)
>>> Contraction type 1 time: 0.001 seconds
>>> Shift time: 0.002 seconds
>>> Contraction type 1 time: 0.001 seconds
>>> Shift time: 0.002 seconds
>>> Contraction type 1 time: 0.001 seconds
>>> Shift time: 0.002 seconds
>>> Contraction type 1 time: 0.001 seconds
>>> Shift time: 0.002 seconds
>>> Contraction type 1 time: 0.001 seconds
>>> Shift time: 0.002 seconds
>>> Contraction type 1 time: 0.001 seconds
>>> Shift time: 0.002 seconds
>>> Contraction type 1 time: 0.001 seconds
>>> Shift time: 0.002 seconds
>>> Contraction type 1 time: 0.001 seconds
>>> Shift time: 0.002 seconds
PyQUDA INFO: Time = 0.008 secs, Performance = 213.005 GFLOPS
BiCGstab: Convergence at 18 iterations, L2 relative residual: iterated = 6.242497e-09, true = 6.242497e-09 (requested = 1.000000e-08)
PyQUDA INFO: Time = 0.007 secs, Performance = 213.112 GFLOPS
BiCGstab: Convergence at 19 iterations, L2 relative residual: iterated = 2.566801e-09, true = 2.566801e-09 (requested = 1.000000e-08)
PyQUDA INFO: Time = 0.007 secs, Performance = 216.095 GFLOPS
BiCGstab: Convergence at 18 iterations, L2 relative residual: iterated = 8.773975e-09, true = 8.773975e-09 (requested = 1.000000e-08)
PyQUDA INFO: Time = 0.007 secs, Performance = 212.700 GFLOPS
BiCGstab: Convergence at 19 iterations, L2 relative residual: iterated = 4.356949e-09, true = 4.356949e-09 (requested = 1.000000e-08)
PyQUDA INFO: Time = 0.007 secs, Performance = 214.940 GFLOPS
BiCGstab: Convergence at 18 iterations, L2 relative residual: iterated = 8.466739e-09, true = 8.466739e-09 (requested = 1.000000e-08)
PyQUDA INFO: Time = 0.007 secs, Performance = 221.586 GFLOPS
BiCGstab: Convergence at 20 iterations, L2 relative residual: iterated = 1.009594e-09, true = 1.009594e-09 (requested = 1.000000e-08)
PyQUDA INFO: Time = 0.008 secs, Performance = 218.530 GFLOPS
BiCGstab: Convergence at 18 iterations, L2 relative residual: iterated = 8.074981e-09, true = 8.074981e-09 (requested = 1.000000e-08)
PyQUDA INFO: Time = 0.007 secs, Performance = 211.967 GFLOPS
BiCGstab: Convergence at 19 iterations, L2 relative residual: iterated = 2.329616e-09, true = 2.329616e-09 (requested = 1.000000e-08)
PyQUDA INFO: Time = 0.007 secs, Performance = 215.805 GFLOPS
BiCGstab: Convergence at 18 iterations, L2 relative residual: iterated = 7.969618e-09, true = 7.969618e-09 (requested = 1.000000e-08)
PyQUDA INFO: Time = 0.007 secs, Performance = 212.494 GFLOPS
BiCGstab: Convergence at 19 iterations, L2 relative residual: iterated = 2.022207e-09, true = 2.022207e-09 (requested = 1.000000e-08)
PyQUDA INFO: Time = 0.007 secs, Performance = 224.155 GFLOPS
BiCGstab: Convergence at 19 iterations, L2 relative residual: iterated = 2.482098e-09, true = 2.482098e-09 (requested = 1.000000e-08)
PyQUDA INFO: Time = 0.007 secs, Performance = 224.731 GFLOPS
BiCGstab: Convergence at 19 iterations, L2 relative residual: iterated = 4.202509e-09, true = 4.202509e-09 (requested = 1.000000e-08)
PyQUDA INFO: Time = 0.019 secs, Performance = 82.228 GFLOPS
BiCGstab: Convergence at 19 iterations, L2 relative residual: iterated = 4.176889e-09, true = 4.176889e-09 (requested = 1.000000e-08)
PyQUDA INFO: Time = 0.011 secs, Performance = 152.256 GFLOPS
BiCGstab: Convergence at 20 iterations, L2 relative residual: iterated = 9.889449e-10, true = 9.889449e-10 (requested = 1.000000e-08)
PyQUDA INFO: Time = 0.008 secs, Performance = 219.961 GFLOPS
BiCGstab: Convergence at 19 iterations, L2 relative residual: iterated = 8.594982e-09, true = 8.594982e-09 (requested = 1.000000e-08)
PyQUDA INFO: Time = 0.007 secs, Performance = 224.603 GFLOPS
BiCGstab: Convergence at 18 iterations, L2 relative residual: iterated = 7.618023e-09, true = 7.618023e-09 (requested = 1.000000e-08)
PyQUDA INFO: Time = 0.008 secs, Performance = 204.940 GFLOPS
BiCGstab: Convergence at 19 iterations, L2 relative residual: iterated = 4.274954e-09, true = 4.274954e-09 (requested = 1.000000e-08)
PyQUDA INFO: Time = 0.008 secs, Performance = 208.515 GFLOPS
BiCGstab: Convergence at 19 iterations, L2 relative residual: iterated = 7.856393e-09, true = 7.856393e-09 (requested = 1.000000e-08)
PyQUDA INFO: Time = 0.007 secs, Performance = 216.211 GFLOPS
BiCGstab: Convergence at 19 iterations, L2 relative residual: iterated = 9.181728e-09, true = 9.181728e-09 (requested = 1.000000e-08)
PyQUDA INFO: Time = 0.007 secs, Performance = 216.182 GFLOPS
BiCGstab: Convergence at 20 iterations, L2 relative residual: iterated = 3.466381e-09, true = 3.466381e-09 (requested = 1.000000e-08)
PyQUDA INFO: Time = 0.008 secs, Performance = 218.957 GFLOPS
BiCGstab: Convergence at 19 iterations, L2 relative residual: iterated = 4.115020e-09, true = 4.115020e-09 (requested = 1.000000e-08)
PyQUDA INFO: Time = 0.007 secs, Performance = 215.718 GFLOPS
BiCGstab: Convergence at 19 iterations, L2 relative residual: iterated = 4.335904e-09, true = 4.335904e-09 (requested = 1.000000e-08)
PyQUDA INFO: Time = 0.007 secs, Performance = 224.251 GFLOPS
BiCGstab: Convergence at 19 iterations, L2 relative residual: iterated = 4.258143e-09, true = 4.258143e-09 (requested = 1.000000e-08)
PyQUDA INFO: Time = 0.007 secs, Performance = 215.458 GFLOPS
BiCGstab: Convergence at 20 iterations, L2 relative residual: iterated = 1.118118e-09, true = 1.118118e-09 (requested = 1.000000e-08)
>>> Contraction type 1 time: 0.001 seconds
>>> Shift time: 0.002 seconds
>>> Contraction type 1 time: 0.001 seconds
>>> Shift time: 0.002 seconds
>>> Contraction type 1 time: 0.001 seconds
>>> Shift time: 0.002 seconds
>>> Contraction type 1 time: 0.001 seconds
>>> Shift time: 0.002 seconds
>>> Contraction type 1 time: 0.001 seconds
>>> Shift time: 0.002 seconds
>>> Contraction type 1 time: 0.001 seconds
>>> Shift time: 0.002 seconds
>>> Contraction type 1 time: 0.001 seconds
>>> Shift time: 0.002 seconds
>>> Contraction type 1 time: 0.001 seconds
>>> Shift time: 0.002 seconds
PyQUDA INFO: Time = 0.008 secs, Performance = 216.140 GFLOPS
BiCGstab: Convergence at 19 iterations, L2 relative residual: iterated = 8.873612e-09, true = 8.873612e-09 (requested = 1.000000e-08)
PyQUDA INFO: Time = 0.007 secs, Performance = 223.425 GFLOPS
BiCGstab: Convergence at 19 iterations, L2 relative residual: iterated = 2.914829e-09, true = 2.914829e-09 (requested = 1.000000e-08)
PyQUDA INFO: Time = 0.007 secs, Performance = 216.124 GFLOPS
BiCGstab: Convergence at 19 iterations, L2 relative residual: iterated = 3.389940e-09, true = 3.389940e-09 (requested = 1.000000e-08)
PyQUDA INFO: Time = 0.007 secs, Performance = 215.892 GFLOPS
BiCGstab: Convergence at 18 iterations, L2 relative residual: iterated = 8.541386e-09, true = 8.541386e-09 (requested = 1.000000e-08)
PyQUDA INFO: Time = 0.007 secs, Performance = 211.938 GFLOPS
BiCGstab: Convergence at 22 iterations, L2 relative residual: iterated = 1.786110e-10, true = 1.786110e-10 (requested = 1.000000e-08)
PyQUDA INFO: Time = 0.008 secs, Performance = 234.742 GFLOPS
BiCGstab: Convergence at 18 iterations, L2 relative residual: iterated = 6.701984e-09, true = 6.701984e-09 (requested = 1.000000e-08)
PyQUDA INFO: Time = 0.007 secs, Performance = 220.805 GFLOPS
BiCGstab: Convergence at 18 iterations, L2 relative residual: iterated = 5.899969e-09, true = 5.899969e-09 (requested = 1.000000e-08)
PyQUDA INFO: Time = 0.007 secs, Performance = 220.870 GFLOPS
BiCGstab: Convergence at 18 iterations, L2 relative residual: iterated = 6.457004e-09, true = 6.457004e-09 (requested = 1.000000e-08)
PyQUDA INFO: Time = 0.007 secs, Performance = 210.344 GFLOPS
BiCGstab: Convergence at 18 iterations, L2 relative residual: iterated = 7.015819e-09, true = 7.015819e-09 (requested = 1.000000e-08)
PyQUDA INFO: Time = 0.007 secs, Performance = 211.850 GFLOPS
BiCGstab: Convergence at 18 iterations, L2 relative residual: iterated = 7.271835e-09, true = 7.271835e-09 (requested = 1.000000e-08)
PyQUDA INFO: Time = 0.007 secs, Performance = 221.390 GFLOPS
BiCGstab: Convergence at 18 iterations, L2 relative residual: iterated = 7.938201e-09, true = 7.938201e-09 (requested = 1.000000e-08)
PyQUDA INFO: Time = 0.007 secs, Performance = 220.935 GFLOPS
BiCGstab: Convergence at 19 iterations, L2 relative residual: iterated = 8.799760e-09, true = 8.799760e-09 (requested = 1.000000e-08)
PyQUDA INFO: Time = 0.247 secs, Performance = 6.502 GFLOPS
BiCGstab: Convergence at 19 iterations, L2 relative residual: iterated = 9.180821e-09, true = 9.180821e-09 (requested = 1.000000e-08)
PyQUDA INFO: Time = 0.007 secs, Performance = 216.881 GFLOPS
BiCGstab: Convergence at 18 iterations, L2 relative residual: iterated = 8.699532e-09, true = 8.699532e-09 (requested = 1.000000e-08)
PyQUDA INFO: Time = 0.007 secs, Performance = 211.676 GFLOPS
BiCGstab: Convergence at 19 iterations, L2 relative residual: iterated = 5.359289e-09, true = 5.359289e-09 (requested = 1.000000e-08)
PyQUDA INFO: Time = 0.007 secs, Performance = 215.950 GFLOPS
BiCGstab: Convergence at 19 iterations, L2 relative residual: iterated = 3.870441e-09, true = 3.870441e-09 (requested = 1.000000e-08)
PyQUDA INFO: Time = 0.007 secs, Performance = 216.298 GFLOPS
BiCGstab: Convergence at 18 iterations, L2 relative residual: iterated = 9.697092e-09, true = 9.697092e-09 (requested = 1.000000e-08)
PyQUDA INFO: Time = 0.007 secs, Performance = 220.676 GFLOPS
BiCGstab: Convergence at 19 iterations, L2 relative residual: iterated = 7.802353e-09, true = 7.802353e-09 (requested = 1.000000e-08)
PyQUDA INFO: Time = 0.007 secs, Performance = 215.487 GFLOPS
BiCGstab: Convergence at 18 iterations, L2 relative residual: iterated = 7.092207e-09, true = 7.092207e-09 (requested = 1.000000e-08)
PyQUDA INFO: Time = 0.007 secs, Performance = 212.084 GFLOPS
BiCGstab: Convergence at 18 iterations, L2 relative residual: iterated = 7.176418e-09, true = 7.176418e-09 (requested = 1.000000e-08)
PyQUDA INFO: Time = 0.007 secs, Performance = 220.611 GFLOPS
BiCGstab: Convergence at 19 iterations, L2 relative residual: iterated = 5.036797e-09, true = 5.036797e-09 (requested = 1.000000e-08)
PyQUDA INFO: Time = 0.007 secs, Performance = 215.487 GFLOPS
BiCGstab: Convergence at 19 iterations, L2 relative residual: iterated = 3.119852e-09, true = 3.119852e-09 (requested = 1.000000e-08)
PyQUDA INFO: Time = 0.007 secs, Performance = 216.153 GFLOPS
BiCGstab: Convergence at 19 iterations, L2 relative residual: iterated = 5.035620e-09, true = 5.035620e-09 (requested = 1.000000e-08)
PyQUDA INFO: Time = 0.007 secs, Performance = 215.458 GFLOPS
BiCGstab: Convergence at 20 iterations, L2 relative residual: iterated = 2.428491e-09, true = 2.428491e-09 (requested = 1.000000e-08)
>>> Contraction type 1 time: 0.001 seconds
>>> Shift time: 0.002 seconds
>>> Contraction type 1 time: 0.001 seconds
>>> Shift time: 0.002 seconds
>>> Contraction type 1 time: 0.001 seconds
>>> Shift time: 0.002 seconds
>>> Contraction type 1 time: 0.001 seconds
>>> Shift time: 0.002 seconds
>>> Contraction type 1 time: 0.001 seconds
>>> Shift time: 0.002 seconds
>>> Contraction type 1 time: 0.001 seconds
>>> Shift time: 0.002 seconds
>>> Contraction type 1 time: 0.001 seconds
>>> Shift time: 0.002 seconds
>>> Contraction type 1 time: 0.001 seconds
>>> Shift time: 0.002 seconds
PyQUDA INFO: Time = 0.008 secs, Performance = 216.949 GFLOPS
BiCGstab: Convergence at 18 iterations, L2 relative residual: iterated = 5.209378e-09, true = 5.209378e-09 (requested = 1.000000e-08)
PyQUDA INFO: Time = 0.007 secs, Performance = 212.318 GFLOPS
BiCGstab: Convergence at 22 iterations, L2 relative residual: iterated = 4.785148e-10, true = 4.785148e-10 (requested = 1.000000e-08)
PyQUDA INFO: Time = 0.008 secs, Performance = 225.456 GFLOPS
BiCGstab: Convergence at 20 iterations, L2 relative residual: iterated = 3.247270e-09, true = 3.247270e-09 (requested = 1.000000e-08)
PyQUDA INFO: Time = 0.008 secs, Performance = 218.986 GFLOPS
BiCGstab: Convergence at 19 iterations, L2 relative residual: iterated = 3.075678e-09, true = 3.075678e-09 (requested = 1.000000e-08)
PyQUDA INFO: Time = 0.007 secs, Performance = 215.863 GFLOPS
BiCGstab: Convergence at 20 iterations, L2 relative residual: iterated = 1.748974e-09, true = 1.748974e-09 (requested = 1.000000e-08)
PyQUDA INFO: Time = 0.008 secs, Performance = 218.957 GFLOPS
BiCGstab: Convergence at 18 iterations, L2 relative residual: iterated = 7.567367e-09, true = 7.567367e-09 (requested = 1.000000e-08)
PyQUDA INFO: Time = 0.007 secs, Performance = 219.774 GFLOPS
BiCGstab: Convergence at 18 iterations, L2 relative residual: iterated = 6.991411e-09, true = 6.991411e-09 (requested = 1.000000e-08)
PyQUDA INFO: Time = 0.007 secs, Performance = 212.201 GFLOPS
BiCGstab: Convergence at 18 iterations, L2 relative residual: iterated = 6.443791e-09, true = 6.443791e-09 (requested = 1.000000e-08)
PyQUDA INFO: Time = 0.007 secs, Performance = 212.260 GFLOPS
BiCGstab: Convergence at 18 iterations, L2 relative residual: iterated = 4.163391e-09, true = 4.163391e-09 (requested = 1.000000e-08)
PyQUDA INFO: Time = 0.007 secs, Performance = 211.501 GFLOPS
BiCGstab: Convergence at 18 iterations, L2 relative residual: iterated = 7.208606e-09, true = 7.208606e-09 (requested = 1.000000e-08)
PyQUDA INFO: Time = 0.008 secs, Performance = 205.020 GFLOPS
BiCGstab: Convergence at 18 iterations, L2 relative residual: iterated = 9.054360e-09, true = 9.054360e-09 (requested = 1.000000e-08)
PyQUDA INFO: Time = 0.007 secs, Performance = 219.581 GFLOPS
BiCGstab: Convergence at 18 iterations, L2 relative residual: iterated = 9.396401e-09, true = 9.396401e-09 (requested = 1.000000e-08)
PyQUDA INFO: Time = 0.247 secs, Performance = 6.092 GFLOPS
BiCGstab: Convergence at 18 iterations, L2 relative residual: iterated = 7.954439e-09, true = 7.954439e-09 (requested = 1.000000e-08)
PyQUDA INFO: Time = 0.007 secs, Performance = 213.615 GFLOPS
BiCGstab: Convergence at 19 iterations, L2 relative residual: iterated = 3.242461e-09, true = 3.242461e-09 (requested = 1.000000e-08)
PyQUDA INFO: Time = 0.007 secs, Performance = 214.969 GFLOPS
BiCGstab: Convergence at 19 iterations, L2 relative residual: iterated = 4.491706e-09, true = 4.491706e-09 (requested = 1.000000e-08)
PyQUDA INFO: Time = 0.007 secs, Performance = 215.892 GFLOPS
BiCGstab: Convergence at 19 iterations, L2 relative residual: iterated = 7.157734e-09, true = 7.157734e-09 (requested = 1.000000e-08)
PyQUDA INFO: Time = 0.007 secs, Performance = 215.545 GFLOPS
BiCGstab: Convergence at 19 iterations, L2 relative residual: iterated = 2.471181e-09, true = 2.471181e-09 (requested = 1.000000e-08)
PyQUDA INFO: Time = 0.007 secs, Performance = 224.475 GFLOPS
BiCGstab: Convergence at 19 iterations, L2 relative residual: iterated = 2.236211e-09, true = 2.236211e-09 (requested = 1.000000e-08)
PyQUDA INFO: Time = 0.007 secs, Performance = 216.356 GFLOPS
BiCGstab: Convergence at 18 iterations, L2 relative residual: iterated = 6.571895e-09, true = 6.571895e-09 (requested = 1.000000e-08)
PyQUDA INFO: Time = 0.007 secs, Performance = 211.938 GFLOPS
BiCGstab: Convergence at 18 iterations, L2 relative residual: iterated = 7.225413e-09, true = 7.225413e-09 (requested = 1.000000e-08)
PyQUDA INFO: Time = 0.007 secs, Performance = 219.198 GFLOPS
BiCGstab: Convergence at 18 iterations, L2 relative residual: iterated = 7.797111e-09, true = 7.797111e-09 (requested = 1.000000e-08)
PyQUDA INFO: Time = 0.007 secs, Performance = 212.260 GFLOPS
BiCGstab: Convergence at 18 iterations, L2 relative residual: iterated = 4.966122e-09, true = 4.966122e-09 (requested = 1.000000e-08)
PyQUDA INFO: Time = 0.007 secs, Performance = 211.821 GFLOPS
BiCGstab: Convergence at 18 iterations, L2 relative residual: iterated = 9.644556e-09, true = 9.644556e-09 (requested = 1.000000e-08)
PyQUDA INFO: Time = 0.007 secs, Performance = 220.611 GFLOPS
BiCGstab: Convergence at 17 iterations, L2 relative residual: iterated = 8.191545e-09, true = 8.191545e-09 (requested = 1.000000e-08)
>>> Contraction type 1 time: 0.001 seconds
>>> Shift time: 0.002 seconds
>>> Contraction type 1 time: 0.001 seconds
>>> Shift time: 0.002 seconds
>>> Contraction type 1 time: 0.001 seconds
>>> Shift time: 0.002 seconds
>>> Contraction type 1 time: 0.001 seconds
>>> Shift time: 0.002 seconds
>>> Contraction type 1 time: 0.001 seconds
>>> Shift time: 0.002 seconds
>>> Contraction type 1 time: 0.001 seconds
>>> Shift time: 0.002 seconds
>>> Contraction type 1 time: 0.001 seconds
>>> Shift time: 0.002 seconds
>>> Contraction type 1 time: 0.001 seconds
>>> Shift time: 0.002 seconds
PyQUDA INFO: Time = 0.007 secs, Performance = 213.077 GFLOPS
BiCGstab: Convergence at 17 iterations, L2 relative residual: iterated = 9.165267e-09, true = 9.165267e-09 (requested = 1.000000e-08)
PyQUDA INFO: Time = 0.007 secs, Performance = 209.248 GFLOPS
BiCGstab: Convergence at 19 iterations, L2 relative residual: iterated = 1.825157e-09, true = 1.825157e-09 (requested = 1.000000e-08)
PyQUDA INFO: Time = 0.007 secs, Performance = 215.689 GFLOPS
BiCGstab: Convergence at 18 iterations, L2 relative residual: iterated = 6.113892e-09, true = 6.113892e-09 (requested = 1.000000e-08)
PyQUDA INFO: Time = 0.007 secs, Performance = 221.130 GFLOPS
BiCGstab: Convergence at 18 iterations, L2 relative residual: iterated = 7.698390e-09, true = 7.698390e-09 (requested = 1.000000e-08)
PyQUDA INFO: Time = 0.007 secs, Performance = 220.870 GFLOPS
BiCGstab: Convergence at 18 iterations, L2 relative residual: iterated = 3.976586e-09, true = 3.976586e-09 (requested = 1.000000e-08)
PyQUDA INFO: Time = 0.007 secs, Performance = 220.031 GFLOPS
BiCGstab: Convergence at 18 iterations, L2 relative residual: iterated = 5.350502e-09, true = 5.350502e-09 (requested = 1.000000e-08)
PyQUDA INFO: Time = 0.007 secs, Performance = 212.700 GFLOPS
BiCGstab: Convergence at 18 iterations, L2 relative residual: iterated = 3.914463e-09, true = 3.914463e-09 (requested = 1.000000e-08)
PyQUDA INFO: Time = 0.007 secs, Performance = 211.938 GFLOPS
BiCGstab: Convergence at 18 iterations, L2 relative residual: iterated = 5.706114e-09, true = 5.706114e-09 (requested = 1.000000e-08)
PyQUDA INFO: Time = 0.007 secs, Performance = 211.996 GFLOPS
BiCGstab: Convergence at 19 iterations, L2 relative residual: iterated = 4.107454e-09, true = 4.107454e-09 (requested = 1.000000e-08)
PyQUDA INFO: Time = 0.007 secs, Performance = 233.725 GFLOPS
BiCGstab: Convergence at 18 iterations, L2 relative residual: iterated = 5.335979e-09, true = 5.335979e-09 (requested = 1.000000e-08)
PyQUDA INFO: Time = 0.007 secs, Performance = 211.472 GFLOPS
BiCGstab: Convergence at 18 iterations, L2 relative residual: iterated = 5.608940e-09, true = 5.608940e-09 (requested = 1.000000e-08)
PyQUDA INFO: Time = 0.007 secs, Performance = 220.482 GFLOPS
BiCGstab: Convergence at 18 iterations, L2 relative residual: iterated = 6.864260e-09, true = 6.864260e-09 (requested = 1.000000e-08)
PyQUDA INFO: Time = 0.247 secs, Performance = 6.225 GFLOPS
BiCGstab: Convergence at 18 iterations, L2 relative residual: iterated = 5.380867e-09, true = 5.380867e-09 (requested = 1.000000e-08)
PyQUDA INFO: Time = 0.007 secs, Performance = 213.408 GFLOPS
BiCGstab: Convergence at 18 iterations, L2 relative residual: iterated = 5.576776e-09, true = 5.576776e-09 (requested = 1.000000e-08)
PyQUDA INFO: Time = 0.007 secs, Performance = 212.700 GFLOPS
BiCGstab: Convergence at 19 iterations, L2 relative residual: iterated = 3.745570e-09, true = 3.745570e-09 (requested = 1.000000e-08)
PyQUDA INFO: Time = 0.007 secs, Performance = 215.371 GFLOPS
BiCGstab: Convergence at 18 iterations, L2 relative residual: iterated = 6.110647e-09, true = 6.110647e-09 (requested = 1.000000e-08)
PyQUDA INFO: Time = 0.007 secs, Performance = 212.788 GFLOPS
BiCGstab: Convergence at 19 iterations, L2 relative residual: iterated = 3.430954e-09, true = 3.430954e-09 (requested = 1.000000e-08)
PyQUDA INFO: Time = 0.007 secs, Performance = 215.343 GFLOPS
BiCGstab: Convergence at 19 iterations, L2 relative residual: iterated = 5.080997e-09, true = 5.080997e-09 (requested = 1.000000e-08)
PyQUDA INFO: Time = 0.007 secs, Performance = 223.393 GFLOPS
BiCGstab: Convergence at 18 iterations, L2 relative residual: iterated = 9.664256e-09, true = 9.664256e-09 (requested = 1.000000e-08)
PyQUDA INFO: Time = 0.007 secs, Performance = 211.763 GFLOPS
BiCGstab: Convergence at 19 iterations, L2 relative residual: iterated = 3.515672e-09, true = 3.515672e-09 (requested = 1.000000e-08)
PyQUDA INFO: Time = 0.008 secs, Performance = 208.277 GFLOPS
BiCGstab: Convergence at 20 iterations, L2 relative residual: iterated = 1.435477e-09, true = 1.435477e-09 (requested = 1.000000e-08)
PyQUDA INFO: Time = 0.008 secs, Performance = 219.990 GFLOPS
BiCGstab: Convergence at 18 iterations, L2 relative residual: iterated = 6.649504e-09, true = 6.649504e-09 (requested = 1.000000e-08)
PyQUDA INFO: Time = 0.007 secs, Performance = 212.494 GFLOPS
BiCGstab: Convergence at 18 iterations, L2 relative residual: iterated = 5.936955e-09, true = 5.936955e-09 (requested = 1.000000e-08)
PyQUDA INFO: Time = 0.007 secs, Performance = 213.142 GFLOPS
BiCGstab: Convergence at 20 iterations, L2 relative residual: iterated = 1.393529e-09, true = 1.393529e-09 (requested = 1.000000e-08)
>>> Contraction type 1 time: 0.001 seconds
>>> Shift time: 0.002 seconds
>>> Contraction type 1 time: 0.001 seconds
>>> Shift time: 0.002 seconds
>>> Contraction type 1 time: 0.001 seconds
>>> Shift time: 0.002 seconds
>>> Contraction type 1 time: 0.001 seconds
>>> Shift time: 0.002 seconds
>>> Contraction type 1 time: 0.001 seconds
>>> Shift time: 0.002 seconds
>>> Contraction type 1 time: 0.001 seconds
>>> Shift time: 0.002 seconds
>>> Contraction type 1 time: 0.001 seconds
>>> Shift time: 0.002 seconds
>>> Contraction type 1 time: 0.001 seconds
>>> Shift time: 0.002 seconds
PyQUDA INFO: Time = 0.008 secs, Performance = 212.988 GFLOPS
BiCGstab: Convergence at 19 iterations, L2 relative residual: iterated = 9.296463e-09, true = 9.296463e-09 (requested = 1.000000e-08)
PyQUDA INFO: Time = 0.007 secs, Performance = 215.487 GFLOPS
BiCGstab: Convergence at 20 iterations, L2 relative residual: iterated = 1.206813e-09, true = 1.206813e-09 (requested = 1.000000e-08)
PyQUDA INFO: Time = 0.008 secs, Performance = 219.530 GFLOPS
BiCGstab: Convergence at 18 iterations, L2 relative residual: iterated = 5.415335e-09, true = 5.415335e-09 (requested = 1.000000e-08)
PyQUDA INFO: Time = 0.007 secs, Performance = 212.084 GFLOPS
BiCGstab: Convergence at 19 iterations, L2 relative residual: iterated = 6.051245e-09, true = 6.051245e-09 (requested = 1.000000e-08)
PyQUDA INFO: Time = 0.008 secs, Performance = 206.965 GFLOPS
BiCGstab: Convergence at 19 iterations, L2 relative residual: iterated = 2.626758e-09, true = 2.626758e-09 (requested = 1.000000e-08)
PyQUDA INFO: Time = 0.007 secs, Performance = 215.314 GFLOPS
BiCGstab: Convergence at 18 iterations, L2 relative residual: iterated = 5.012295e-09, true = 5.012295e-09 (requested = 1.000000e-08)
PyQUDA INFO: Time = 0.007 secs, Performance = 221.553 GFLOPS
BiCGstab: Convergence at 19 iterations, L2 relative residual: iterated = 1.970414e-09, true = 1.970414e-09 (requested = 1.000000e-08)
PyQUDA INFO: Time = 0.007 secs, Performance = 224.859 GFLOPS
BiCGstab: Convergence at 19 iterations, L2 relative residual: iterated = 4.969556e-09, true = 4.969556e-09 (requested = 1.000000e-08)
PyQUDA INFO: Time = 0.007 secs, Performance = 215.892 GFLOPS
BiCGstab: Convergence at 19 iterations, L2 relative residual: iterated = 6.253313e-09, true = 6.253313e-09 (requested = 1.000000e-08)
PyQUDA INFO: Time = 0.007 secs, Performance = 215.863 GFLOPS
BiCGstab: Convergence at 20 iterations, L2 relative residual: iterated = 4.241958e-09, true = 4.241958e-09 (requested = 1.000000e-08)
PyQUDA INFO: Time = 0.008 secs, Performance = 219.530 GFLOPS
BiCGstab: Convergence at 19 iterations, L2 relative residual: iterated = 7.116135e-09, true = 7.116135e-09 (requested = 1.000000e-08)
PyQUDA INFO: Time = 0.007 secs, Performance = 216.095 GFLOPS
BiCGstab: Convergence at 18 iterations, L2 relative residual: iterated = 6.026561e-09, true = 6.026561e-09 (requested = 1.000000e-08)
PyQUDA INFO: Time = 0.007 secs, Performance = 205.649 GFLOPS
BiCGstab: Convergence at 19 iterations, L2 relative residual: iterated = 2.781058e-09, true = 2.781058e-09 (requested = 1.000000e-08)
PyQUDA INFO: Time = 0.007 secs, Performance = 214.539 GFLOPS
BiCGstab: Convergence at 20 iterations, L2 relative residual: iterated = 3.804556e-09, true = 3.804556e-09 (requested = 1.000000e-08)
PyQUDA INFO: Time = 0.008 secs, Performance = 219.875 GFLOPS
BiCGstab: Convergence at 18 iterations, L2 relative residual: iterated = 7.045832e-09, true = 7.045832e-09 (requested = 1.000000e-08)
PyQUDA INFO: Time = 0.007 secs, Performance = 212.377 GFLOPS
BiCGstab: Convergence at 19 iterations, L2 relative residual: iterated = 5.075284e-09, true = 5.075284e-09 (requested = 1.000000e-08)
PyQUDA INFO: Time = 0.007 secs, Performance = 215.602 GFLOPS
BiCGstab: Convergence at 19 iterations, L2 relative residual: iterated = 3.505625e-09, true = 3.505625e-09 (requested = 1.000000e-08)
PyQUDA INFO: Time = 0.007 secs, Performance = 216.269 GFLOPS
BiCGstab: Convergence at 18 iterations, L2 relative residual: iterated = 6.237698e-09, true = 6.237698e-09 (requested = 1.000000e-08)
PyQUDA INFO: Time = 0.007 secs, Performance = 212.582 GFLOPS
BiCGstab: Convergence at 18 iterations, L2 relative residual: iterated = 7.449249e-09, true = 7.449249e-09 (requested = 1.000000e-08)
PyQUDA INFO: Time = 0.007 secs, Performance = 211.821 GFLOPS
BiCGstab: Convergence at 20 iterations, L2 relative residual: iterated = 4.259156e-09, true = 4.259156e-09 (requested = 1.000000e-08)
PyQUDA INFO: Time = 0.008 secs, Performance = 218.957 GFLOPS
BiCGstab: Convergence at 19 iterations, L2 relative residual: iterated = 6.400138e-09, true = 6.400138e-09 (requested = 1.000000e-08)
PyQUDA INFO: Time = 0.007 secs, Performance = 215.921 GFLOPS
BiCGstab: Convergence at 19 iterations, L2 relative residual: iterated = 8.406052e-09, true = 8.406052e-09 (requested = 1.000000e-08)
PyQUDA INFO: Time = 0.007 secs, Performance = 214.539 GFLOPS
BiCGstab: Convergence at 18 iterations, L2 relative residual: iterated = 7.571345e-09, true = 7.571345e-09 (requested = 1.000000e-08)
PyQUDA INFO: Time = 0.007 secs, Performance = 212.465 GFLOPS
BiCGstab: Convergence at 19 iterations, L2 relative residual: iterated = 9.214726e-09, true = 9.214726e-09 (requested = 1.000000e-08)
>>> Contraction type 1 time: 0.001 seconds
>>> Shift time: 0.002 seconds
>>> Contraction type 1 time: 0.001 seconds
>>> Shift time: 0.002 seconds
>>> Contraction type 1 time: 0.001 seconds
>>> Shift time: 0.002 seconds
>>> Contraction type 1 time: 0.001 seconds
>>> Shift time: 0.002 seconds
>>> Contraction type 1 time: 0.001 seconds
>>> Shift time: 0.002 seconds
>>> Contraction type 1 time: 0.001 seconds
>>> Shift time: 0.002 seconds
>>> Contraction type 1 time: 0.001 seconds
>>> Shift time: 0.002 seconds
>>> Contraction type 1 time: 0.001 seconds
>>> Shift time: 0.002 seconds
PyQUDA INFO: Time = 0.008 secs, Performance = 212.415 GFLOPS
BiCGstab: Convergence at 19 iterations, L2 relative residual: iterated = 5.502127e-09, true = 5.502127e-09 (requested = 1.000000e-08)
PyQUDA INFO: Time = 0.007 secs, Performance = 216.823 GFLOPS
BiCGstab: Convergence at 18 iterations, L2 relative residual: iterated = 8.693851e-09, true = 8.693851e-09 (requested = 1.000000e-08)
PyQUDA INFO: Time = 0.007 secs, Performance = 211.269 GFLOPS
BiCGstab: Convergence at 18 iterations, L2 relative residual: iterated = 8.065889e-09, true = 8.065889e-09 (requested = 1.000000e-08)
PyQUDA INFO: Time = 0.007 secs, Performance = 212.523 GFLOPS
BiCGstab: Convergence at 19 iterations, L2 relative residual: iterated = 4.613960e-09, true = 4.613960e-09 (requested = 1.000000e-08)
PyQUDA INFO: Time = 0.007 secs, Performance = 224.507 GFLOPS
BiCGstab: Convergence at 19 iterations, L2 relative residual: iterated = 2.222695e-09, true = 2.222695e-09 (requested = 1.000000e-08)
PyQUDA INFO: Time = 0.007 secs, Performance = 216.356 GFLOPS
BiCGstab: Convergence at 19 iterations, L2 relative residual: iterated = 4.660902e-09, true = 4.660902e-09 (requested = 1.000000e-08)
PyQUDA INFO: Time = 0.008 secs, Performance = 214.424 GFLOPS
BiCGstab: Convergence at 19 iterations, L2 relative residual: iterated = 1.788893e-09, true = 1.788893e-09 (requested = 1.000000e-08)
PyQUDA INFO: Time = 0.007 secs, Performance = 225.116 GFLOPS
BiCGstab: Convergence at 20 iterations, L2 relative residual: iterated = 1.400397e-09, true = 1.400397e-09 (requested = 1.000000e-08)
PyQUDA INFO: Time = 0.008 secs, Performance = 218.729 GFLOPS
BiCGstab: Convergence at 18 iterations, L2 relative residual: iterated = 7.061135e-09, true = 7.061135e-09 (requested = 1.000000e-08)
PyQUDA INFO: Time = 0.007 secs, Performance = 211.967 GFLOPS
BiCGstab: Convergence at 18 iterations, L2 relative residual: iterated = 7.343693e-09, true = 7.343693e-09 (requested = 1.000000e-08)
PyQUDA INFO: Time = 0.007 secs, Performance = 211.269 GFLOPS
BiCGstab: Convergence at 19 iterations, L2 relative residual: iterated = 3.067925e-09, true = 3.067925e-09 (requested = 1.000000e-08)
PyQUDA INFO: Time = 0.007 secs, Performance = 224.988 GFLOPS
BiCGstab: Convergence at 19 iterations, L2 relative residual: iterated = 7.097752e-09, true = 7.097752e-09 (requested = 1.000000e-08)
PyQUDA INFO: Time = 0.248 secs, Performance = 6.491 GFLOPS
BiCGstab: Convergence at 18 iterations, L2 relative residual: iterated = 8.940737e-09, true = 8.940737e-09 (requested = 1.000000e-08)
PyQUDA INFO: Time = 0.007 secs, Performance = 212.994 GFLOPS
BiCGstab: Convergence at 19 iterations, L2 relative residual: iterated = 9.417372e-09, true = 9.417372e-09 (requested = 1.000000e-08)
PyQUDA INFO: Time = 0.007 secs, Performance = 224.092 GFLOPS
BiCGstab: Convergence at 19 iterations, L2 relative residual: iterated = 5.686582e-09, true = 5.686582e-09 (requested = 1.000000e-08)
PyQUDA INFO: Time = 0.007 secs, Performance = 214.825 GFLOPS
BiCGstab: Convergence at 19 iterations, L2 relative residual: iterated = 6.272758e-09, true = 6.272758e-09 (requested = 1.000000e-08)
PyQUDA INFO: Time = 0.007 secs, Performance = 216.327 GFLOPS
BiCGstab: Convergence at 18 iterations, L2 relative residual: iterated = 6.747957e-09, true = 6.747957e-09 (requested = 1.000000e-08)
PyQUDA INFO: Time = 0.007 secs, Performance = 222.010 GFLOPS
BiCGstab: Convergence at 20 iterations, L2 relative residual: iterated = 3.488155e-09, true = 3.488155e-09 (requested = 1.000000e-08)
PyQUDA INFO: Time = 0.008 secs, Performance = 219.558 GFLOPS
BiCGstab: Convergence at 18 iterations, L2 relative residual: iterated = 6.918902e-09, true = 6.918902e-09 (requested = 1.000000e-08)
PyQUDA INFO: Time = 0.007 secs, Performance = 212.143 GFLOPS
BiCGstab: Convergence at 18 iterations, L2 relative residual: iterated = 7.302842e-09, true = 7.302842e-09 (requested = 1.000000e-08)
PyQUDA INFO: Time = 0.007 secs, Performance = 212.289 GFLOPS
BiCGstab: Convergence at 19 iterations, L2 relative residual: iterated = 7.836665e-09, true = 7.836665e-09 (requested = 1.000000e-08)
PyQUDA INFO: Time = 0.007 secs, Performance = 224.092 GFLOPS
BiCGstab: Convergence at 19 iterations, L2 relative residual: iterated = 5.183195e-09, true = 5.183195e-09 (requested = 1.000000e-08)
PyQUDA INFO: Time = 0.007 secs, Performance = 215.112 GFLOPS
BiCGstab: Convergence at 19 iterations, L2 relative residual: iterated = 4.946250e-09, true = 4.946250e-09 (requested = 1.000000e-08)
PyQUDA INFO: Time = 0.007 secs, Performance = 215.314 GFLOPS
BiCGstab: Convergence at 19 iterations, L2 relative residual: iterated = 4.324557e-09, true = 4.324557e-09 (requested = 1.000000e-08)
>>> Contraction type 1 time: 0.001 seconds
>>> Shift time: 0.002 seconds
>>> Contraction type 1 time: 0.001 seconds
>>> Shift time: 0.002 seconds
>>> Contraction type 1 time: 0.001 seconds
>>> Shift time: 0.002 seconds
>>> Contraction type 1 time: 0.001 seconds
>>> Shift time: 0.002 seconds
>>> Contraction type 1 time: 0.001 seconds
>>> Shift time: 0.002 seconds
>>> Contraction type 1 time: 0.001 seconds
>>> Shift time: 0.002 seconds
>>> Contraction type 1 time: 0.001 seconds
>>> Shift time: 0.002 seconds
>>> Contraction type 1 time: 0.001 seconds
>>> Shift time: 0.002 seconds
PyQUDA INFO: Time = 0.007 secs, Performance = 230.788 GFLOPS
BiCGstab: Convergence at 18 iterations, L2 relative residual: iterated = 5.273746e-09, true = 5.273746e-09 (requested = 1.000000e-08)
PyQUDA INFO: Time = 0.007 secs, Performance = 221.162 GFLOPS
BiCGstab: Convergence at 19 iterations, L2 relative residual: iterated = 5.281256e-09, true = 5.281256e-09 (requested = 1.000000e-08)
PyQUDA INFO: Time = 0.007 secs, Performance = 216.356 GFLOPS
BiCGstab: Convergence at 18 iterations, L2 relative residual: iterated = 4.418233e-09, true = 4.418233e-09 (requested = 1.000000e-08)
PyQUDA INFO: Time = 0.007 secs, Performance = 212.817 GFLOPS
BiCGstab: Convergence at 18 iterations, L2 relative residual: iterated = 5.099465e-09, true = 5.099465e-09 (requested = 1.000000e-08)
PyQUDA INFO: Time = 0.007 secs, Performance = 211.734 GFLOPS
BiCGstab: Convergence at 19 iterations, L2 relative residual: iterated = 3.138884e-09, true = 3.138884e-09 (requested = 1.000000e-08)
PyQUDA INFO: Time = 0.007 secs, Performance = 216.706 GFLOPS
BiCGstab: Convergence at 18 iterations, L2 relative residual: iterated = 5.347171e-09, true = 5.347171e-09 (requested = 1.000000e-08)
PyQUDA INFO: Time = 0.007 secs, Performance = 212.172 GFLOPS
BiCGstab: Convergence at 19 iterations, L2 relative residual: iterated = 4.258083e-09, true = 4.258083e-09 (requested = 1.000000e-08)
PyQUDA INFO: Time = 0.007 secs, Performance = 216.124 GFLOPS
BiCGstab: Convergence at 19 iterations, L2 relative residual: iterated = 8.439930e-09, true = 8.439930e-09 (requested = 1.000000e-08)
PyQUDA INFO: Time = 0.007 secs, Performance = 224.571 GFLOPS
BiCGstab: Convergence at 19 iterations, L2 relative residual: iterated = 8.865190e-09, true = 8.865190e-09 (requested = 1.000000e-08)
PyQUDA INFO: Time = 0.007 secs, Performance = 223.964 GFLOPS
BiCGstab: Convergence at 18 iterations, L2 relative residual: iterated = 7.829088e-09, true = 7.829088e-09 (requested = 1.000000e-08)
PyQUDA INFO: Time = 0.007 secs, Performance = 212.847 GFLOPS
BiCGstab: Convergence at 18 iterations, L2 relative residual: iterated = 8.404135e-09, true = 8.404135e-09 (requested = 1.000000e-08)
PyQUDA INFO: Time = 0.007 secs, Performance = 211.008 GFLOPS
BiCGstab: Convergence at 19 iterations, L2 relative residual: iterated = 6.526452e-09, true = 6.526452e-09 (requested = 1.000000e-08)
PyQUDA INFO: Time = 0.248 secs, Performance = 6.498 GFLOPS
BiCGstab: Convergence at 18 iterations, L2 relative residual: iterated = 9.883426e-09, true = 9.883426e-09 (requested = 1.000000e-08)
PyQUDA INFO: Time = 0.007 secs, Performance = 213.615 GFLOPS
BiCGstab: Convergence at 19 iterations, L2 relative residual: iterated = 1.957972e-09, true = 1.957972e-09 (requested = 1.000000e-08)
PyQUDA INFO: Time = 0.007 secs, Performance = 216.647 GFLOPS
BiCGstab: Convergence at 18 iterations, L2 relative residual: iterated = 4.258428e-09, true = 4.258428e-09 (requested = 1.000000e-08)
PyQUDA INFO: Time = 0.007 secs, Performance = 213.171 GFLOPS
BiCGstab: Convergence at 20 iterations, L2 relative residual: iterated = 4.181461e-09, true = 4.181461e-09 (requested = 1.000000e-08)
PyQUDA INFO: Time = 0.008 secs, Performance = 218.587 GFLOPS
BiCGstab: Convergence at 18 iterations, L2 relative residual: iterated = 8.215113e-09, true = 8.215113e-09 (requested = 1.000000e-08)
PyQUDA INFO: Time = 0.007 secs, Performance = 212.143 GFLOPS
BiCGstab: Convergence at 19 iterations, L2 relative residual: iterated = 5.848366e-09, true = 5.848366e-09 (requested = 1.000000e-08)
PyQUDA INFO: Time = 0.007 secs, Performance = 216.182 GFLOPS
BiCGstab: Convergence at 18 iterations, L2 relative residual: iterated = 7.338160e-09, true = 7.338160e-09 (requested = 1.000000e-08)
PyQUDA INFO: Time = 0.007 secs, Performance = 212.847 GFLOPS
BiCGstab: Convergence at 18 iterations, L2 relative residual: iterated = 7.844715e-09, true = 7.844715e-09 (requested = 1.000000e-08)
PyQUDA INFO: Time = 0.007 secs, Performance = 211.821 GFLOPS
BiCGstab: Convergence at 19 iterations, L2 relative residual: iterated = 6.591175e-09, true = 6.591175e-09 (requested = 1.000000e-08)
PyQUDA INFO: Time = 0.008 secs, Performance = 208.542 GFLOPS
BiCGstab: Convergence at 18 iterations, L2 relative residual: iterated = 8.448082e-09, true = 8.448082e-09 (requested = 1.000000e-08)
PyQUDA INFO: Time = 0.007 secs, Performance = 221.260 GFLOPS
BiCGstab: Convergence at 18 iterations, L2 relative residual: iterated = 7.283803e-09, true = 7.283803e-09 (requested = 1.000000e-08)
PyQUDA INFO: Time = 0.007 secs, Performance = 212.230 GFLOPS
BiCGstab: Convergence at 18 iterations, L2 relative residual: iterated = 8.509703e-09, true = 8.509703e-09 (requested = 1.000000e-08)
>>> Contraction type 1 time: 0.001 seconds
>>> Shift time: 0.002 seconds
>>> Contraction type 1 time: 0.001 seconds
>>> Shift time: 0.002 seconds
>>> Contraction type 1 time: 0.001 seconds
>>> Shift time: 0.002 seconds
>>> Contraction type 1 time: 0.001 seconds
>>> Shift time: 0.002 seconds
>>> Contraction type 1 time: 0.001 seconds
>>> Shift time: 0.002 seconds
>>> Contraction type 1 time: 0.001 seconds
>>> Shift time: 0.002 seconds
>>> Contraction type 1 time: 0.001 seconds
>>> Shift time: 0.002 seconds
>>> Contraction type 1 time: 0.001 seconds
>>> Shift time: 0.002 seconds
PyQUDA INFO: Time = 0.007 secs, Performance = 206.007 GFLOPS
BiCGstab: Convergence at 18 iterations, L2 relative residual: iterated = 4.082722e-09, true = 4.082722e-09 (requested = 1.000000e-08)
PyQUDA INFO: Time = 0.007 secs, Performance = 221.162 GFLOPS
BiCGstab: Convergence at 18 iterations, L2 relative residual: iterated = 4.462555e-09, true = 4.462555e-09 (requested = 1.000000e-08)
PyQUDA INFO: Time = 0.007 secs, Performance = 212.201 GFLOPS
BiCGstab: Convergence at 20 iterations, L2 relative residual: iterated = 6.417608e-10, true = 6.417608e-10 (requested = 1.000000e-08)
PyQUDA INFO: Time = 0.007 secs, Performance = 227.497 GFLOPS
BiCGstab: Convergence at 18 iterations, L2 relative residual: iterated = 3.407475e-09, true = 3.407475e-09 (requested = 1.000000e-08)
PyQUDA INFO: Time = 0.007 secs, Performance = 221.325 GFLOPS
BiCGstab: Convergence at 19 iterations, L2 relative residual: iterated = 1.744182e-09, true = 1.744182e-09 (requested = 1.000000e-08)
PyQUDA INFO: Time = 0.007 secs, Performance = 217.262 GFLOPS
BiCGstab: Convergence at 20 iterations, L2 relative residual: iterated = 5.882962e-09, true = 5.882962e-09 (requested = 1.000000e-08)
PyQUDA INFO: Time = 0.008 secs, Performance = 218.701 GFLOPS
BiCGstab: Convergence at 18 iterations, L2 relative residual: iterated = 4.869219e-09, true = 4.869219e-09 (requested = 1.000000e-08)
PyQUDA INFO: Time = 0.007 secs, Performance = 220.385 GFLOPS
BiCGstab: Convergence at 19 iterations, L2 relative residual: iterated = 5.129033e-09, true = 5.129033e-09 (requested = 1.000000e-08)
PyQUDA INFO: Time = 0.007 secs, Performance = 214.940 GFLOPS
BiCGstab: Convergence at 18 iterations, L2 relative residual: iterated = 3.811920e-09, true = 3.811920e-09 (requested = 1.000000e-08)
PyQUDA INFO: Time = 0.007 secs, Performance = 208.012 GFLOPS
BiCGstab: Convergence at 18 iterations, L2 relative residual: iterated = 5.498025e-09, true = 5.498025e-09 (requested = 1.000000e-08)
PyQUDA INFO: Time = 0.007 secs, Performance = 212.788 GFLOPS
BiCGstab: Convergence at 19 iterations, L2 relative residual: iterated = 2.233043e-09, true = 2.233043e-09 (requested = 1.000000e-08)
PyQUDA INFO: Time = 0.007 secs, Performance = 215.921 GFLOPS
BiCGstab: Convergence at 18 iterations, L2 relative residual: iterated = 4.537312e-09, true = 4.537312e-09 (requested = 1.000000e-08)
PyQUDA INFO: Time = 0.247 secs, Performance = 6.217 GFLOPS
BiCGstab: Convergence at 19 iterations, L2 relative residual: iterated = 4.698089e-09, true = 4.698089e-09 (requested = 1.000000e-08)
PyQUDA INFO: Time = 0.007 secs, Performance = 216.647 GFLOPS
BiCGstab: Convergence at 19 iterations, L2 relative residual: iterated = 3.574120e-09, true = 3.574120e-09 (requested = 1.000000e-08)
PyQUDA INFO: Time = 0.007 secs, Performance = 215.921 GFLOPS
BiCGstab: Convergence at 18 iterations, L2 relative residual: iterated = 7.147718e-09, true = 7.147718e-09 (requested = 1.000000e-08)
PyQUDA INFO: Time = 0.007 secs, Performance = 212.523 GFLOPS
BiCGstab: Convergence at 19 iterations, L2 relative residual: iterated = 3.594025e-09, true = 3.594025e-09 (requested = 1.000000e-08)
PyQUDA INFO: Time = 0.007 secs, Performance = 215.834 GFLOPS
BiCGstab: Convergence at 18 iterations, L2 relative residual: iterated = 8.451908e-09, true = 8.451908e-09 (requested = 1.000000e-08)
PyQUDA INFO: Time = 0.007 secs, Performance = 212.729 GFLOPS
BiCGstab: Convergence at 19 iterations, L2 relative residual: iterated = 2.114668e-09, true = 2.114668e-09 (requested = 1.000000e-08)
PyQUDA INFO: Time = 0.007 secs, Performance = 215.689 GFLOPS
BiCGstab: Convergence at 18 iterations, L2 relative residual: iterated = 4.826830e-09, true = 4.826830e-09 (requested = 1.000000e-08)
PyQUDA INFO: Time = 0.008 secs, Performance = 204.354 GFLOPS
BiCGstab: Convergence at 18 iterations, L2 relative residual: iterated = 7.484825e-09, true = 7.484825e-09 (requested = 1.000000e-08)
PyQUDA INFO: Time = 0.007 secs, Performance = 219.262 GFLOPS
BiCGstab: Convergence at 18 iterations, L2 relative residual: iterated = 6.829263e-09, true = 6.829263e-09 (requested = 1.000000e-08)
PyQUDA INFO: Time = 0.007 secs, Performance = 212.377 GFLOPS
BiCGstab: Convergence at 19 iterations, L2 relative residual: iterated = 2.810333e-09, true = 2.810333e-09 (requested = 1.000000e-08)
PyQUDA INFO: Time = 0.007 secs, Performance = 216.037 GFLOPS
BiCGstab: Convergence at 18 iterations, L2 relative residual: iterated = 6.936057e-09, true = 6.936057e-09 (requested = 1.000000e-08)
PyQUDA INFO: Time = 0.007 secs, Performance = 212.582 GFLOPS
BiCGstab: Convergence at 18 iterations, L2 relative residual: iterated = 7.943533e-09, true = 7.943533e-09 (requested = 1.000000e-08)
>>> Contraction type 1 time: 0.001 seconds
>>> Shift time: 0.002 seconds
>>> Contraction type 1 time: 0.001 seconds
>>> Shift time: 0.002 seconds
>>> Contraction type 1 time: 0.001 seconds
>>> Shift time: 0.002 seconds
>>> Contraction type 1 time: 0.001 seconds
>>> Shift time: 0.002 seconds
>>> Contraction type 1 time: 0.001 seconds
>>> Shift time: 0.002 seconds
>>> Contraction type 1 time: 0.001 seconds
>>> Shift time: 0.002 seconds
>>> Contraction type 1 time: 0.001 seconds
>>> Shift time: 0.002 seconds
>>> Contraction type 1 time: 0.001 seconds
>>> Shift time: 0.002 seconds
PyQUDA INFO: Time = 0.007 secs, Performance = 209.656 GFLOPS
BiCGstab: Convergence at 19 iterations, L2 relative residual: iterated = 3.775364e-09, true = 3.775364e-09 (requested = 1.000000e-08)
PyQUDA INFO: Time = 0.007 secs, Performance = 216.735 GFLOPS
BiCGstab: Convergence at 18 iterations, L2 relative residual: iterated = 8.311518e-09, true = 8.311518e-09 (requested = 1.000000e-08)
PyQUDA INFO: Time = 0.007 secs, Performance = 212.465 GFLOPS
BiCGstab: Convergence at 17 iterations, L2 relative residual: iterated = 9.425360e-09, true = 9.425360e-09 (requested = 1.000000e-08)
PyQUDA INFO: Time = 0.007 secs, Performance = 207.885 GFLOPS
BiCGstab: Convergence at 18 iterations, L2 relative residual: iterated = 4.310574e-09, true = 4.310574e-09 (requested = 1.000000e-08)
PyQUDA INFO: Time = 0.007 secs, Performance = 212.700 GFLOPS
BiCGstab: Convergence at 18 iterations, L2 relative residual: iterated = 6.325671e-09, true = 6.325671e-09 (requested = 1.000000e-08)
PyQUDA INFO: Time = 0.007 secs, Performance = 212.935 GFLOPS
BiCGstab: Convergence at 18 iterations, L2 relative residual: iterated = 5.284857e-09, true = 5.284857e-09 (requested = 1.000000e-08)
PyQUDA INFO: Time = 0.007 secs, Performance = 212.641 GFLOPS
BiCGstab: Convergence at 18 iterations, L2 relative residual: iterated = 6.939277e-09, true = 6.939277e-09 (requested = 1.000000e-08)
PyQUDA INFO: Time = 0.007 secs, Performance = 211.909 GFLOPS
BiCGstab: Convergence at 18 iterations, L2 relative residual: iterated = 3.808363e-09, true = 3.808363e-09 (requested = 1.000000e-08)
PyQUDA INFO: Time = 0.007 secs, Performance = 219.742 GFLOPS
BiCGstab: Convergence at 18 iterations, L2 relative residual: iterated = 4.651355e-09, true = 4.651355e-09 (requested = 1.000000e-08)
PyQUDA INFO: Time = 0.007 secs, Performance = 220.095 GFLOPS
BiCGstab: Convergence at 18 iterations, L2 relative residual: iterated = 4.845088e-09, true = 4.845088e-09 (requested = 1.000000e-08)
PyQUDA INFO: Time = 0.007 secs, Performance = 212.670 GFLOPS
BiCGstab: Convergence at 18 iterations, L2 relative residual: iterated = 5.724552e-09, true = 5.724552e-09 (requested = 1.000000e-08)
PyQUDA INFO: Time = 0.007 secs, Performance = 220.870 GFLOPS
BiCGstab: Convergence at 18 iterations, L2 relative residual: iterated = 8.973981e-09, true = 8.973981e-09 (requested = 1.000000e-08)
PyQUDA INFO: Time = 0.011 secs, Performance = 135.834 GFLOPS
BiCGstab: Convergence at 18 iterations, L2 relative residual: iterated = 8.417737e-09, true = 8.417737e-09 (requested = 1.000000e-08)
PyQUDA INFO: Time = 0.019 secs, Performance = 81.547 GFLOPS
BiCGstab: Convergence at 20 iterations, L2 relative residual: iterated = 2.511211e-09, true = 2.511211e-09 (requested = 1.000000e-08)
PyQUDA INFO: Time = 0.012 secs, Performance = 144.720 GFLOPS
BiCGstab: Convergence at 18 iterations, L2 relative residual: iterated = 5.413805e-09, true = 5.413805e-09 (requested = 1.000000e-08)
PyQUDA INFO: Time = 0.008 secs, Performance = 204.673 GFLOPS
BiCGstab: Convergence at 18 iterations, L2 relative residual: iterated = 7.105523e-09, true = 7.105523e-09 (requested = 1.000000e-08)
PyQUDA INFO: Time = 0.007 secs, Performance = 212.435 GFLOPS
BiCGstab: Convergence at 18 iterations, L2 relative residual: iterated = 7.333372e-09, true = 7.333372e-09 (requested = 1.000000e-08)
PyQUDA INFO: Time = 0.007 secs, Performance = 221.130 GFLOPS
BiCGstab: Convergence at 18 iterations, L2 relative residual: iterated = 5.956890e-09, true = 5.956890e-09 (requested = 1.000000e-08)
PyQUDA INFO: Time = 0.007 secs, Performance = 220.741 GFLOPS
BiCGstab: Convergence at 19 iterations, L2 relative residual: iterated = 4.203144e-09, true = 4.203144e-09 (requested = 1.000000e-08)
PyQUDA INFO: Time = 0.007 secs, Performance = 216.327 GFLOPS
BiCGstab: Convergence at 19 iterations, L2 relative residual: iterated = 4.376404e-09, true = 4.376404e-09 (requested = 1.000000e-08)
PyQUDA INFO: Time = 0.007 secs, Performance = 225.020 GFLOPS
BiCGstab: Convergence at 18 iterations, L2 relative residual: iterated = 6.328793e-09, true = 6.328793e-09 (requested = 1.000000e-08)
PyQUDA INFO: Time = 0.007 secs, Performance = 212.113 GFLOPS
BiCGstab: Convergence at 19 iterations, L2 relative residual: iterated = 6.187585e-09, true = 6.187585e-09 (requested = 1.000000e-08)
PyQUDA INFO: Time = 0.007 secs, Performance = 215.371 GFLOPS
BiCGstab: Convergence at 18 iterations, L2 relative residual: iterated = 6.970100e-09, true = 6.970100e-09 (requested = 1.000000e-08)
PyQUDA INFO: Time = 0.007 secs, Performance = 211.356 GFLOPS
BiCGstab: Convergence at 18 iterations, L2 relative residual: iterated = 7.589739e-09, true = 7.589739e-09 (requested = 1.000000e-08)
>>> Contraction type 1 time: 0.001 seconds
>>> Shift time: 0.002 seconds
>>> Contraction type 1 time: 0.001 seconds
>>> Shift time: 0.002 seconds
>>> Contraction type 1 time: 0.001 seconds
>>> Shift time: 0.002 seconds
>>> Contraction type 1 time: 0.001 seconds
>>> Shift time: 0.002 seconds
>>> Contraction type 1 time: 0.001 seconds
>>> Shift time: 0.002 seconds
>>> Contraction type 1 time: 0.001 seconds
>>> Shift time: 0.002 seconds
>>> Contraction type 1 time: 0.001 seconds
>>> Shift time: 0.002 seconds
>>> Contraction type 1 time: 0.001 seconds
>>> Shift time: 0.002 seconds
PyQUDA INFO: Time = 0.007 secs, Performance = 205.292 GFLOPS
BiCGstab: Convergence at 18 iterations, L2 relative residual: iterated = 7.426449e-09, true = 7.426449e-09 (requested = 1.000000e-08)
PyQUDA INFO: Time = 0.008 secs, Performance = 205.315 GFLOPS
BiCGstab: Convergence at 19 iterations, L2 relative residual: iterated = 7.940349e-09, true = 7.940349e-09 (requested = 1.000000e-08)
PyQUDA INFO: Time = 0.007 secs, Performance = 216.443 GFLOPS
BiCGstab: Convergence at 18 iterations, L2 relative residual: iterated = 9.936923e-09, true = 9.936923e-09 (requested = 1.000000e-08)
PyQUDA INFO: Time = 0.008 secs, Performance = 203.665 GFLOPS
BiCGstab: Convergence at 19 iterations, L2 relative residual: iterated = 5.163102e-09, true = 5.163102e-09 (requested = 1.000000e-08)
PyQUDA INFO: Time = 0.007 secs, Performance = 224.187 GFLOPS
BiCGstab: Convergence at 18 iterations, L2 relative residual: iterated = 5.357459e-09, true = 5.357459e-09 (requested = 1.000000e-08)
PyQUDA INFO: Time = 0.007 secs, Performance = 212.201 GFLOPS
BiCGstab: Convergence at 18 iterations, L2 relative residual: iterated = 9.345023e-09, true = 9.345023e-09 (requested = 1.000000e-08)
PyQUDA INFO: Time = 0.007 secs, Performance = 220.611 GFLOPS
BiCGstab: Convergence at 18 iterations, L2 relative residual: iterated = 7.920123e-09, true = 7.920123e-09 (requested = 1.000000e-08)
PyQUDA INFO: Time = 0.007 secs, Performance = 212.143 GFLOPS
BiCGstab: Convergence at 18 iterations, L2 relative residual: iterated = 5.854887e-09, true = 5.854887e-09 (requested = 1.000000e-08)
PyQUDA INFO: Time = 0.007 secs, Performance = 220.095 GFLOPS
BiCGstab: Convergence at 18 iterations, L2 relative residual: iterated = 8.252085e-09, true = 8.252085e-09 (requested = 1.000000e-08)
PyQUDA INFO: Time = 0.007 secs, Performance = 212.347 GFLOPS
BiCGstab: Convergence at 19 iterations, L2 relative residual: iterated = 2.449096e-09, true = 2.449096e-09 (requested = 1.000000e-08)
PyQUDA INFO: Time = 0.008 secs, Performance = 208.040 GFLOPS
BiCGstab: Convergence at 18 iterations, L2 relative residual: iterated = 7.286339e-09, true = 7.286339e-09 (requested = 1.000000e-08)
PyQUDA INFO: Time = 0.007 secs, Performance = 212.055 GFLOPS
BiCGstab: Convergence at 18 iterations, L2 relative residual: iterated = 9.607067e-09, true = 9.607067e-09 (requested = 1.000000e-08)
PyQUDA INFO: Time = 0.248 secs, Performance = 6.207 GFLOPS
BiCGstab: Convergence at 19 iterations, L2 relative residual: iterated = 5.097015e-09, true = 5.097015e-09 (requested = 1.000000e-08)
PyQUDA INFO: Time = 0.008 secs, Performance = 208.727 GFLOPS
BiCGstab: Convergence at 18 iterations, L2 relative residual: iterated = 7.893120e-09, true = 7.893120e-09 (requested = 1.000000e-08)
PyQUDA INFO: Time = 0.007 secs, Performance = 212.700 GFLOPS
BiCGstab: Convergence at 19 iterations, L2 relative residual: iterated = 3.005140e-09, true = 3.005140e-09 (requested = 1.000000e-08)
PyQUDA INFO: Time = 0.008 secs, Performance = 208.198 GFLOPS
BiCGstab: Convergence at 19 iterations, L2 relative residual: iterated = 6.639166e-09, true = 6.639166e-09 (requested = 1.000000e-08)
PyQUDA INFO: Time = 0.007 secs, Performance = 223.869 GFLOPS
BiCGstab: Convergence at 20 iterations, L2 relative residual: iterated = 6.510834e-09, true = 6.510834e-09 (requested = 1.000000e-08)
PyQUDA INFO: Time = 0.008 secs, Performance = 219.558 GFLOPS
BiCGstab: Convergence at 19 iterations, L2 relative residual: iterated = 9.311100e-09, true = 9.311100e-09 (requested = 1.000000e-08)
PyQUDA INFO: Time = 0.007 secs, Performance = 215.516 GFLOPS
BiCGstab: Convergence at 18 iterations, L2 relative residual: iterated = 8.623515e-09, true = 8.623515e-09 (requested = 1.000000e-08)
PyQUDA INFO: Time = 0.007 secs, Performance = 211.530 GFLOPS
BiCGstab: Convergence at 18 iterations, L2 relative residual: iterated = 9.081772e-09, true = 9.081772e-09 (requested = 1.000000e-08)
PyQUDA INFO: Time = 0.007 secs, Performance = 212.494 GFLOPS
BiCGstab: Convergence at 18 iterations, L2 relative residual: iterated = 5.775154e-09, true = 5.775154e-09 (requested = 1.000000e-08)
PyQUDA INFO: Time = 0.007 secs, Performance = 212.230 GFLOPS
BiCGstab: Convergence at 19 iterations, L2 relative residual: iterated = 5.804177e-09, true = 5.804177e-09 (requested = 1.000000e-08)
PyQUDA INFO: Time = 0.008 secs, Performance = 207.383 GFLOPS
BiCGstab: Convergence at 19 iterations, L2 relative residual: iterated = 3.060059e-09, true = 3.060059e-09 (requested = 1.000000e-08)
PyQUDA INFO: Time = 0.007 secs, Performance = 215.718 GFLOPS
BiCGstab: Convergence at 18 iterations, L2 relative residual: iterated = 6.014878e-09, true = 6.014878e-09 (requested = 1.000000e-08)
>>> Contraction type 1 time: 0.001 seconds
>>> Shift time: 0.002 seconds
>>> Contraction type 1 time: 0.001 seconds
>>> Shift time: 0.002 seconds
>>> Contraction type 1 time: 0.001 seconds
>>> Shift time: 0.002 seconds
>>> Contraction type 1 time: 0.001 seconds
>>> Shift time: 0.002 seconds
>>> Contraction type 1 time: 0.001 seconds
>>> Shift time: 0.002 seconds
>>> Contraction type 1 time: 0.001 seconds
>>> Shift time: 0.002 seconds
>>> Contraction type 1 time: 0.001 seconds
>>> Shift time: 0.002 seconds
>>> Contraction type 1 time: 0.001 seconds
>>> Shift time: 0.002 seconds
PyQUDA INFO: Time = 0.007 secs, Performance = 209.571 GFLOPS
BiCGstab: Convergence at 19 iterations, L2 relative residual: iterated = 1.837567e-09, true = 1.837567e-09 (requested = 1.000000e-08)
PyQUDA INFO: Time = 0.007 secs, Performance = 224.347 GFLOPS
BiCGstab: Convergence at 18 iterations, L2 relative residual: iterated = 5.904992e-09, true = 5.904992e-09 (requested = 1.000000e-08)
PyQUDA INFO: Time = 0.007 secs, Performance = 220.935 GFLOPS
BiCGstab: Convergence at 19 iterations, L2 relative residual: iterated = 3.919858e-09, true = 3.919858e-09 (requested = 1.000000e-08)
PyQUDA INFO: Time = 0.008 secs, Performance = 213.854 GFLOPS
BiCGstab: Convergence at 19 iterations, L2 relative residual: iterated = 1.685330e-09, true = 1.685330e-09 (requested = 1.000000e-08)
PyQUDA INFO: Time = 0.007 secs, Performance = 224.635 GFLOPS
BiCGstab: Convergence at 18 iterations, L2 relative residual: iterated = 7.166886e-09, true = 7.166886e-09 (requested = 1.000000e-08)
PyQUDA INFO: Time = 0.007 secs, Performance = 212.582 GFLOPS
BiCGstab: Convergence at 18 iterations, L2 relative residual: iterated = 7.432062e-09, true = 7.432062e-09 (requested = 1.000000e-08)
PyQUDA INFO: Time = 0.007 secs, Performance = 211.850 GFLOPS
BiCGstab: Convergence at 18 iterations, L2 relative residual: iterated = 7.233510e-09, true = 7.233510e-09 (requested = 1.000000e-08)
PyQUDA INFO: Time = 0.007 secs, Performance = 211.734 GFLOPS
BiCGstab: Convergence at 18 iterations, L2 relative residual: iterated = 8.069649e-09, true = 8.069649e-09 (requested = 1.000000e-08)
PyQUDA INFO: Time = 0.007 secs, Performance = 212.670 GFLOPS
BiCGstab: Convergence at 18 iterations, L2 relative residual: iterated = 6.549955e-09, true = 6.549955e-09 (requested = 1.000000e-08)
PyQUDA INFO: Time = 0.007 secs, Performance = 220.870 GFLOPS
BiCGstab: Convergence at 18 iterations, L2 relative residual: iterated = 6.726033e-09, true = 6.726033e-09 (requested = 1.000000e-08)
PyQUDA INFO: Time = 0.007 secs, Performance = 212.201 GFLOPS
BiCGstab: Convergence at 18 iterations, L2 relative residual: iterated = 7.859025e-09, true = 7.859025e-09 (requested = 1.000000e-08)
PyQUDA INFO: Time = 0.007 secs, Performance = 212.729 GFLOPS
BiCGstab: Convergence at 18 iterations, L2 relative residual: iterated = 6.239119e-09, true = 6.239119e-09 (requested = 1.000000e-08)
PyQUDA INFO: Time = 0.248 secs, Performance = 6.210 GFLOPS
BiCGstab: Convergence at 18 iterations, L2 relative residual: iterated = 5.276065e-09, true = 5.276065e-09 (requested = 1.000000e-08)
PyQUDA INFO: Time = 0.007 secs, Performance = 213.586 GFLOPS
BiCGstab: Convergence at 19 iterations, L2 relative residual: iterated = 1.919761e-09, true = 1.919761e-09 (requested = 1.000000e-08)
PyQUDA INFO: Time = 0.007 secs, Performance = 224.763 GFLOPS
BiCGstab: Convergence at 18 iterations, L2 relative residual: iterated = 5.287924e-09, true = 5.287924e-09 (requested = 1.000000e-08)
PyQUDA INFO: Time = 0.007 secs, Performance = 211.821 GFLOPS
BiCGstab: Convergence at 18 iterations, L2 relative residual: iterated = 4.416959e-09, true = 4.416959e-09 (requested = 1.000000e-08)
PyQUDA INFO: Time = 0.007 secs, Performance = 221.032 GFLOPS
BiCGstab: Convergence at 18 iterations, L2 relative residual: iterated = 4.587445e-09, true = 4.587445e-09 (requested = 1.000000e-08)
PyQUDA INFO: Time = 0.007 secs, Performance = 219.742 GFLOPS
BiCGstab: Convergence at 20 iterations, L2 relative residual: iterated = 4.237964e-09, true = 4.237964e-09 (requested = 1.000000e-08)
PyQUDA INFO: Time = 0.008 secs, Performance = 219.300 GFLOPS
BiCGstab: Convergence at 19 iterations, L2 relative residual: iterated = 2.344622e-09, true = 2.344622e-09 (requested = 1.000000e-08)
PyQUDA INFO: Time = 0.007 secs, Performance = 216.037 GFLOPS
BiCGstab: Convergence at 20 iterations, L2 relative residual: iterated = 6.139738e-10, true = 6.139738e-10 (requested = 1.000000e-08)
PyQUDA INFO: Time = 0.008 secs, Performance = 219.846 GFLOPS
BiCGstab: Convergence at 18 iterations, L2 relative residual: iterated = 6.444654e-09, true = 6.444654e-09 (requested = 1.000000e-08)
PyQUDA INFO: Time = 0.007 secs, Performance = 220.708 GFLOPS
BiCGstab: Convergence at 18 iterations, L2 relative residual: iterated = 5.043385e-09, true = 5.043385e-09 (requested = 1.000000e-08)
PyQUDA INFO: Time = 0.007 secs, Performance = 212.377 GFLOPS
BiCGstab: Convergence at 18 iterations, L2 relative residual: iterated = 5.313407e-09, true = 5.313407e-09 (requested = 1.000000e-08)
PyQUDA INFO: Time = 0.007 secs, Performance = 212.230 GFLOPS
BiCGstab: Convergence at 18 iterations, L2 relative residual: iterated = 5.020348e-09, true = 5.020348e-09 (requested = 1.000000e-08)
>>> Contraction type 1 time: 0.001 seconds
>>> Shift time: 0.002 seconds
>>> Contraction type 1 time: 0.001 seconds
>>> Shift time: 0.002 seconds
>>> Contraction type 1 time: 0.001 seconds
>>> Shift time: 0.002 seconds
>>> Contraction type 1 time: 0.001 seconds
>>> Shift time: 0.002 seconds
>>> Contraction type 1 time: 0.001 seconds
>>> Shift time: 0.002 seconds
>>> Contraction type 1 time: 0.001 seconds
>>> Shift time: 0.002 seconds
>>> Contraction type 1 time: 0.001 seconds
>>> Shift time: 0.002 seconds
>>> Contraction type 1 time: 0.001 seconds
>>> Shift time: 0.002 seconds
PyQUDA INFO: Time = 0.007 secs, Performance = 209.229 GFLOPS
BiCGstab: Convergence at 18 iterations, L2 relative residual: iterated = 4.323396e-09, true = 4.323396e-09 (requested = 1.000000e-08)
PyQUDA INFO: Time = 0.007 secs, Performance = 212.729 GFLOPS
BiCGstab: Convergence at 18 iterations, L2 relative residual: iterated = 5.071629e-09, true = 5.071629e-09 (requested = 1.000000e-08)
PyQUDA INFO: Time = 0.007 secs, Performance = 213.201 GFLOPS
BiCGstab: Convergence at 18 iterations, L2 relative residual: iterated = 4.534668e-09, true = 4.534668e-09 (requested = 1.000000e-08)
PyQUDA INFO: Time = 0.007 secs, Performance = 211.385 GFLOPS
BiCGstab: Convergence at 19 iterations, L2 relative residual: iterated = 1.934910e-09, true = 1.934910e-09 (requested = 1.000000e-08)
PyQUDA INFO: Time = 0.007 secs, Performance = 224.667 GFLOPS
BiCGstab: Convergence at 20 iterations, L2 relative residual: iterated = 6.828339e-10, true = 6.828339e-10 (requested = 1.000000e-08)
PyQUDA INFO: Time = 0.008 secs, Performance = 219.587 GFLOPS
BiCGstab: Convergence at 18 iterations, L2 relative residual: iterated = 3.500826e-09, true = 3.500826e-09 (requested = 1.000000e-08)
PyQUDA INFO: Time = 0.007 secs, Performance = 221.032 GFLOPS
BiCGstab: Convergence at 20 iterations, L2 relative residual: iterated = 2.810898e-09, true = 2.810898e-09 (requested = 1.000000e-08)
PyQUDA INFO: Time = 0.008 secs, Performance = 219.788 GFLOPS
BiCGstab: Convergence at 18 iterations, L2 relative residual: iterated = 4.357727e-09, true = 4.357727e-09 (requested = 1.000000e-08)
PyQUDA INFO: Time = 0.007 secs, Performance = 219.453 GFLOPS
BiCGstab: Convergence at 19 iterations, L2 relative residual: iterated = 4.915898e-09, true = 4.915898e-09 (requested = 1.000000e-08)
PyQUDA INFO: Time = 0.007 secs, Performance = 215.545 GFLOPS
BiCGstab: Convergence at 18 iterations, L2 relative residual: iterated = 8.174944e-09, true = 8.174944e-09 (requested = 1.000000e-08)
PyQUDA INFO: Time = 0.007 secs, Performance = 211.705 GFLOPS
BiCGstab: Convergence at 18 iterations, L2 relative residual: iterated = 3.697371e-09, true = 3.697371e-09 (requested = 1.000000e-08)
PyQUDA INFO: Time = 0.007 secs, Performance = 211.646 GFLOPS
BiCGstab: Convergence at 19 iterations, L2 relative residual: iterated = 5.493342e-09, true = 5.493342e-09 (requested = 1.000000e-08)
PyQUDA INFO: Time = 0.248 secs, Performance = 6.487 GFLOPS
BiCGstab: Convergence at 19 iterations, L2 relative residual: iterated = 6.914497e-09, true = 6.914497e-09 (requested = 1.000000e-08)
PyQUDA INFO: Time = 0.007 secs, Performance = 225.535 GFLOPS
BiCGstab: Convergence at 18 iterations, L2 relative residual: iterated = 6.745766e-09, true = 6.745766e-09 (requested = 1.000000e-08)
PyQUDA INFO: Time = 0.007 secs, Performance = 211.298 GFLOPS
BiCGstab: Convergence at 18 iterations, L2 relative residual: iterated = 5.144080e-09, true = 5.144080e-09 (requested = 1.000000e-08)
PyQUDA INFO: Time = 0.007 secs, Performance = 212.260 GFLOPS
BiCGstab: Convergence at 19 iterations, L2 relative residual: iterated = 4.047415e-09, true = 4.047415e-09 (requested = 1.000000e-08)
PyQUDA INFO: Time = 0.008 secs, Performance = 209.073 GFLOPS
BiCGstab: Convergence at 18 iterations, L2 relative residual: iterated = 8.383969e-09, true = 8.383969e-09 (requested = 1.000000e-08)
PyQUDA INFO: Time = 0.007 secs, Performance = 212.612 GFLOPS
BiCGstab: Convergence at 18 iterations, L2 relative residual: iterated = 8.449586e-09, true = 8.449586e-09 (requested = 1.000000e-08)
PyQUDA INFO: Time = 0.007 secs, Performance = 211.617 GFLOPS
BiCGstab: Convergence at 19 iterations, L2 relative residual: iterated = 6.815575e-09, true = 6.815575e-09 (requested = 1.000000e-08)
PyQUDA INFO: Time = 0.007 secs, Performance = 224.763 GFLOPS
BiCGstab: Convergence at 18 iterations, L2 relative residual: iterated = 4.809824e-09, true = 4.809824e-09 (requested = 1.000000e-08)
PyQUDA INFO: Time = 0.007 secs, Performance = 212.026 GFLOPS
BiCGstab: Convergence at 18 iterations, L2 relative residual: iterated = 6.150033e-09, true = 6.150033e-09 (requested = 1.000000e-08)
PyQUDA INFO: Time = 0.007 secs, Performance = 212.523 GFLOPS
BiCGstab: Convergence at 19 iterations, L2 relative residual: iterated = 4.391660e-09, true = 4.391660e-09 (requested = 1.000000e-08)
PyQUDA INFO: Time = 0.007 secs, Performance = 215.892 GFLOPS
BiCGstab: Convergence at 18 iterations, L2 relative residual: iterated = 5.387847e-09, true = 5.387847e-09 (requested = 1.000000e-08)
PyQUDA INFO: Time = 0.007 secs, Performance = 212.230 GFLOPS
BiCGstab: Convergence at 17 iterations, L2 relative residual: iterated = 7.922446e-09, true = 7.922446e-09 (requested = 1.000000e-08)
>>> Contraction type 1 time: 0.001 seconds
>>> Shift time: 0.002 seconds
>>> Contraction type 1 time: 0.001 seconds
>>> Shift time: 0.002 seconds
>>> Contraction type 1 time: 0.001 seconds
>>> Shift time: 0.002 seconds
>>> Contraction type 1 time: 0.001 seconds
>>> Shift time: 0.002 seconds
>>> Contraction type 1 time: 0.001 seconds
>>> Shift time: 0.002 seconds
>>> Contraction type 1 time: 0.001 seconds
>>> Shift time: 0.002 seconds
>>> Contraction type 1 time: 0.001 seconds
>>> Shift time: 0.002 seconds
>>> Contraction type 1 time: 0.001 seconds
>>> Shift time: 0.002 seconds
PyQUDA INFO: Time = 0.007 secs, Performance = 205.729 GFLOPS
BiCGstab: Convergence at 19 iterations, L2 relative residual: iterated = 3.367806e-09, true = 3.367806e-09 (requested = 1.000000e-08)
PyQUDA INFO: Time = 0.007 secs, Performance = 216.327 GFLOPS
BiCGstab: Convergence at 18 iterations, L2 relative residual: iterated = 4.105248e-09, true = 4.105248e-09 (requested = 1.000000e-08)
PyQUDA INFO: Time = 0.007 secs, Performance = 211.414 GFLOPS
BiCGstab: Convergence at 20 iterations, L2 relative residual: iterated = 1.187424e-09, true = 1.187424e-09 (requested = 1.000000e-08)
PyQUDA INFO: Time = 0.008 secs, Performance = 219.329 GFLOPS
BiCGstab: Convergence at 19 iterations, L2 relative residual: iterated = 2.710757e-09, true = 2.710757e-09 (requested = 1.000000e-08)
PyQUDA INFO: Time = 0.007 secs, Performance = 224.795 GFLOPS
BiCGstab: Convergence at 19 iterations, L2 relative residual: iterated = 4.116669e-09, true = 4.116669e-09 (requested = 1.000000e-08)
PyQUDA INFO: Time = 0.008 secs, Performance = 207.829 GFLOPS
BiCGstab: Convergence at 18 iterations, L2 relative residual: iterated = 3.709253e-09, true = 3.709253e-09 (requested = 1.000000e-08)
PyQUDA INFO: Time = 0.007 secs, Performance = 220.482 GFLOPS
BiCGstab: Convergence at 17 iterations, L2 relative residual: iterated = 8.582877e-09, true = 8.582877e-09 (requested = 1.000000e-08)
PyQUDA INFO: Time = 0.007 secs, Performance = 216.682 GFLOPS
BiCGstab: Convergence at 17 iterations, L2 relative residual: iterated = 7.593490e-09, true = 7.593490e-09 (requested = 1.000000e-08)
PyQUDA INFO: Time = 0.007 secs, Performance = 216.518 GFLOPS
BiCGstab: Convergence at 19 iterations, L2 relative residual: iterated = 3.983204e-09, true = 3.983204e-09 (requested = 1.000000e-08)
PyQUDA INFO: Time = 0.008 secs, Performance = 208.330 GFLOPS
BiCGstab: Convergence at 19 iterations, L2 relative residual: iterated = 1.297249e-09, true = 1.297249e-09 (requested = 1.000000e-08)
PyQUDA INFO: Time = 0.007 secs, Performance = 215.314 GFLOPS
BiCGstab: Convergence at 18 iterations, L2 relative residual: iterated = 5.001095e-09, true = 5.001095e-09 (requested = 1.000000e-08)
PyQUDA INFO: Time = 0.007 secs, Performance = 220.256 GFLOPS
BiCGstab: Convergence at 18 iterations, L2 relative residual: iterated = 6.547739e-09, true = 6.547739e-09 (requested = 1.000000e-08)
PyQUDA INFO: Time = 0.007 secs, Performance = 215.711 GFLOPS
BiCGstab: Convergence at 19 iterations, L2 relative residual: iterated = 1.899754e-09, true = 1.899754e-09 (requested = 1.000000e-08)
PyQUDA INFO: Time = 0.008 secs, Performance = 213.457 GFLOPS
BiCGstab: Convergence at 18 iterations, L2 relative residual: iterated = 7.829153e-09, true = 7.829153e-09 (requested = 1.000000e-08)
PyQUDA INFO: Time = 0.007 secs, Performance = 211.705 GFLOPS
BiCGstab: Convergence at 18 iterations, L2 relative residual: iterated = 7.500432e-09, true = 7.500432e-09 (requested = 1.000000e-08)
PyQUDA INFO: Time = 0.007 secs, Performance = 220.417 GFLOPS
BiCGstab: Convergence at 18 iterations, L2 relative residual: iterated = 4.719445e-09, true = 4.719445e-09 (requested = 1.000000e-08)
PyQUDA INFO: Time = 0.007 secs, Performance = 212.465 GFLOPS
BiCGstab: Convergence at 19 iterations, L2 relative residual: iterated = 6.487096e-09, true = 6.487096e-09 (requested = 1.000000e-08)
PyQUDA INFO: Time = 0.007 secs, Performance = 215.343 GFLOPS
BiCGstab: Convergence at 19 iterations, L2 relative residual: iterated = 4.501212e-09, true = 4.501212e-09 (requested = 1.000000e-08)
PyQUDA INFO: Time = 0.007 secs, Performance = 215.084 GFLOPS
BiCGstab: Convergence at 18 iterations, L2 relative residual: iterated = 8.931044e-09, true = 8.931044e-09 (requested = 1.000000e-08)
PyQUDA INFO: Time = 0.007 secs, Performance = 220.773 GFLOPS
BiCGstab: Convergence at 19 iterations, L2 relative residual: iterated = 6.942290e-09, true = 6.942290e-09 (requested = 1.000000e-08)
PyQUDA INFO: Time = 0.008 secs, Performance = 208.436 GFLOPS
BiCGstab: Convergence at 18 iterations, L2 relative residual: iterated = 9.179987e-09, true = 9.179987e-09 (requested = 1.000000e-08)
PyQUDA INFO: Time = 0.007 secs, Performance = 220.741 GFLOPS
BiCGstab: Convergence at 19 iterations, L2 relative residual: iterated = 2.369259e-09, true = 2.369259e-09 (requested = 1.000000e-08)
PyQUDA INFO: Time = 0.007 secs, Performance = 216.472 GFLOPS
BiCGstab: Convergence at 20 iterations, L2 relative residual: iterated = 1.437128e-09, true = 1.437128e-09 (requested = 1.000000e-08)
PyQUDA INFO: Time = 0.008 secs, Performance = 219.386 GFLOPS
BiCGstab: Convergence at 18 iterations, L2 relative residual: iterated = 7.825360e-09, true = 7.825360e-09 (requested = 1.000000e-08)
>>> Contraction type 1 time: 0.001 seconds
>>> Shift time: 0.002 seconds
>>> Contraction type 1 time: 0.001 seconds
>>> Shift time: 0.002 seconds
>>> Contraction type 1 time: 0.001 seconds
>>> Shift time: 0.002 seconds
>>> Contraction type 1 time: 0.001 seconds
>>> Shift time: 0.002 seconds
>>> Contraction type 1 time: 0.001 seconds
>>> Shift time: 0.002 seconds
>>> Contraction type 1 time: 0.001 seconds
>>> Shift time: 0.002 seconds
>>> Contraction type 1 time: 0.001 seconds
>>> Shift time: 0.002 seconds
>>> Contraction type 1 time: 0.001 seconds
>>> Shift time: 0.002 seconds
PyQUDA INFO: Time = 0.007 secs, Performance = 209.628 GFLOPS
BiCGstab: Convergence at 19 iterations, L2 relative residual: iterated = 9.551486e-09, true = 9.551486e-09 (requested = 1.000000e-08)
PyQUDA INFO: Time = 0.007 secs, Performance = 224.731 GFLOPS
BiCGstab: Convergence at 18 iterations, L2 relative residual: iterated = 5.148688e-09, true = 5.148688e-09 (requested = 1.000000e-08)
PyQUDA INFO: Time = 0.007 secs, Performance = 212.377 GFLOPS
BiCGstab: Convergence at 18 iterations, L2 relative residual: iterated = 5.934790e-09, true = 5.934790e-09 (requested = 1.000000e-08)
PyQUDA INFO: Time = 0.007 secs, Performance = 220.417 GFLOPS
BiCGstab: Convergence at 18 iterations, L2 relative residual: iterated = 3.733598e-09, true = 3.733598e-09 (requested = 1.000000e-08)
PyQUDA INFO: Time = 0.007 secs, Performance = 219.742 GFLOPS
BiCGstab: Convergence at 18 iterations, L2 relative residual: iterated = 4.655691e-09, true = 4.655691e-09 (requested = 1.000000e-08)
PyQUDA INFO: Time = 0.007 secs, Performance = 220.417 GFLOPS
BiCGstab: Convergence at 18 iterations, L2 relative residual: iterated = 5.089830e-09, true = 5.089830e-09 (requested = 1.000000e-08)
PyQUDA INFO: Time = 0.007 secs, Performance = 220.741 GFLOPS
BiCGstab: Convergence at 18 iterations, L2 relative residual: iterated = 7.357165e-09, true = 7.357165e-09 (requested = 1.000000e-08)
PyQUDA INFO: Time = 0.007 secs, Performance = 212.201 GFLOPS
BiCGstab: Convergence at 18 iterations, L2 relative residual: iterated = 9.550236e-09, true = 9.550236e-09 (requested = 1.000000e-08)
PyQUDA INFO: Time = 0.007 secs, Performance = 220.579 GFLOPS
BiCGstab: Convergence at 18 iterations, L2 relative residual: iterated = 8.307457e-09, true = 8.307457e-09 (requested = 1.000000e-08)
PyQUDA INFO: Time = 0.007 secs, Performance = 212.318 GFLOPS
BiCGstab: Convergence at 18 iterations, L2 relative residual: iterated = 8.100526e-09, true = 8.100526e-09 (requested = 1.000000e-08)
PyQUDA INFO: Time = 0.007 secs, Performance = 212.201 GFLOPS
BiCGstab: Convergence at 18 iterations, L2 relative residual: iterated = 4.938375e-09, true = 4.938375e-09 (requested = 1.000000e-08)
PyQUDA INFO: Time = 0.007 secs, Performance = 212.406 GFLOPS
BiCGstab: Convergence at 18 iterations, L2 relative residual: iterated = 9.225072e-09, true = 9.225072e-09 (requested = 1.000000e-08)
PyQUDA INFO: Time = 0.248 secs, Performance = 6.081 GFLOPS
BiCGstab: Convergence at 19 iterations, L2 relative residual: iterated = 4.074698e-09, true = 4.074698e-09 (requested = 1.000000e-08)
PyQUDA INFO: Time = 0.007 secs, Performance = 216.443 GFLOPS
BiCGstab: Convergence at 18 iterations, L2 relative residual: iterated = 8.685983e-09, true = 8.685983e-09 (requested = 1.000000e-08)
PyQUDA INFO: Time = 0.007 secs, Performance = 213.497 GFLOPS
BiCGstab: Convergence at 19 iterations, L2 relative residual: iterated = 2.790355e-09, true = 2.790355e-09 (requested = 1.000000e-08)
PyQUDA INFO: Time = 0.007 secs, Performance = 215.718 GFLOPS
BiCGstab: Convergence at 19 iterations, L2 relative residual: iterated = 3.165844e-09, true = 3.165844e-09 (requested = 1.000000e-08)
PyQUDA INFO: Time = 0.007 secs, Performance = 216.037 GFLOPS
BiCGstab: Convergence at 18 iterations, L2 relative residual: iterated = 8.282730e-09, true = 8.282730e-09 (requested = 1.000000e-08)
PyQUDA INFO: Time = 0.007 secs, Performance = 212.084 GFLOPS
BiCGstab: Convergence at 18 iterations, L2 relative residual: iterated = 7.926036e-09, true = 7.926036e-09 (requested = 1.000000e-08)
PyQUDA INFO: Time = 0.007 secs, Performance = 219.646 GFLOPS
BiCGstab: Convergence at 18 iterations, L2 relative residual: iterated = 7.511157e-09, true = 7.511157e-09 (requested = 1.000000e-08)
PyQUDA INFO: Time = 0.007 secs, Performance = 212.641 GFLOPS
BiCGstab: Convergence at 18 iterations, L2 relative residual: iterated = 7.598904e-09, true = 7.598904e-09 (requested = 1.000000e-08)
PyQUDA INFO: Time = 0.007 secs, Performance = 212.523 GFLOPS
BiCGstab: Convergence at 19 iterations, L2 relative residual: iterated = 3.434498e-09, true = 3.434498e-09 (requested = 1.000000e-08)
PyQUDA INFO: Time = 0.008 secs, Performance = 214.367 GFLOPS
BiCGstab: Convergence at 19 iterations, L2 relative residual: iterated = 4.262978e-09, true = 4.262978e-09 (requested = 1.000000e-08)
PyQUDA INFO: Time = 0.007 secs, Performance = 215.573 GFLOPS
BiCGstab: Convergence at 18 iterations, L2 relative residual: iterated = 6.994158e-09, true = 6.994158e-09 (requested = 1.000000e-08)
PyQUDA INFO: Time = 0.007 secs, Performance = 212.582 GFLOPS
BiCGstab: Convergence at 18 iterations, L2 relative residual: iterated = 7.744838e-09, true = 7.744838e-09 (requested = 1.000000e-08)
>>> Contraction type 1 time: 0.001 seconds
>>> Shift time: 0.002 seconds
>>> Contraction type 1 time: 0.001 seconds
>>> Shift time: 0.002 seconds
>>> Contraction type 1 time: 0.001 seconds
>>> Shift time: 0.002 seconds
>>> Contraction type 1 time: 0.001 seconds
>>> Shift time: 0.002 seconds
>>> Contraction type 1 time: 0.001 seconds
>>> Shift time: 0.002 seconds
>>> Contraction type 1 time: 0.001 seconds
>>> Shift time: 0.002 seconds
>>> Contraction type 1 time: 0.001 seconds
>>> Shift time: 0.002 seconds
>>> Contraction type 1 time: 0.001 seconds
>>> Shift time: 0.002 seconds
PyQUDA INFO: Time = 0.007 secs, Performance = 210.172 GFLOPS
BiCGstab: Convergence at 18 iterations, L2 relative residual: iterated = 7.199612e-09, true = 7.199612e-09 (requested = 1.000000e-08)
PyQUDA INFO: Time = 0.007 secs, Performance = 221.553 GFLOPS
BiCGstab: Convergence at 20 iterations, L2 relative residual: iterated = 4.714097e-09, true = 4.714097e-09 (requested = 1.000000e-08)
PyQUDA INFO: Time = 0.008 secs, Performance = 219.444 GFLOPS
BiCGstab: Convergence at 18 iterations, L2 relative residual: iterated = 6.646434e-09, true = 6.646434e-09 (requested = 1.000000e-08)
PyQUDA INFO: Time = 0.007 secs, Performance = 221.292 GFLOPS
BiCGstab: Convergence at 18 iterations, L2 relative residual: iterated = 5.682219e-09, true = 5.682219e-09 (requested = 1.000000e-08)
PyQUDA INFO: Time = 0.007 secs, Performance = 212.641 GFLOPS
BiCGstab: Convergence at 19 iterations, L2 relative residual: iterated = 3.162068e-09, true = 3.162068e-09 (requested = 1.000000e-08)
PyQUDA INFO: Time = 0.007 secs, Performance = 217.232 GFLOPS
BiCGstab: Convergence at 18 iterations, L2 relative residual: iterated = 4.125268e-09, true = 4.125268e-09 (requested = 1.000000e-08)
PyQUDA INFO: Time = 0.007 secs, Performance = 222.043 GFLOPS
BiCGstab: Convergence at 18 iterations, L2 relative residual: iterated = 9.195525e-09, true = 9.195525e-09 (requested = 1.000000e-08)
PyQUDA INFO: Time = 0.007 secs, Performance = 213.467 GFLOPS
BiCGstab: Convergence at 18 iterations, L2 relative residual: iterated = 7.380069e-09, true = 7.380069e-09 (requested = 1.000000e-08)
PyQUDA INFO: Time = 0.007 secs, Performance = 221.716 GFLOPS
BiCGstab: Convergence at 18 iterations, L2 relative residual: iterated = 6.568428e-09, true = 6.568428e-09 (requested = 1.000000e-08)
PyQUDA INFO: Time = 0.007 secs, Performance = 213.319 GFLOPS
BiCGstab: Convergence at 19 iterations, L2 relative residual: iterated = 4.721607e-09, true = 4.721607e-09 (requested = 1.000000e-08)
PyQUDA INFO: Time = 0.007 secs, Performance = 217.027 GFLOPS
BiCGstab: Convergence at 19 iterations, L2 relative residual: iterated = 2.476913e-09, true = 2.476913e-09 (requested = 1.000000e-08)
PyQUDA INFO: Time = 0.007 secs, Performance = 217.027 GFLOPS
BiCGstab: Convergence at 18 iterations, L2 relative residual: iterated = 5.250676e-09, true = 5.250676e-09 (requested = 1.000000e-08)
PyQUDA INFO: Time = 0.246 secs, Performance = 6.259 GFLOPS
BiCGstab: Convergence at 18 iterations, L2 relative residual: iterated = 7.018027e-09, true = 7.018027e-09 (requested = 1.000000e-08)
PyQUDA INFO: Time = 0.007 secs, Performance = 223.494 GFLOPS
BiCGstab: Convergence at 19 iterations, L2 relative residual: iterated = 3.366941e-09, true = 3.366941e-09 (requested = 1.000000e-08)
PyQUDA INFO: Time = 0.007 secs, Performance = 217.850 GFLOPS
BiCGstab: Convergence at 18 iterations, L2 relative residual: iterated = 6.304011e-09, true = 6.304011e-09 (requested = 1.000000e-08)
PyQUDA INFO: Time = 0.007 secs, Performance = 221.390 GFLOPS
BiCGstab: Convergence at 19 iterations, L2 relative residual: iterated = 4.744851e-09, true = 4.744851e-09 (requested = 1.000000e-08)
PyQUDA INFO: Time = 0.007 secs, Performance = 217.408 GFLOPS
BiCGstab: Convergence at 19 iterations, L2 relative residual: iterated = 6.845676e-09, true = 6.845676e-09 (requested = 1.000000e-08)
PyQUDA INFO: Time = 0.008 secs, Performance = 209.500 GFLOPS
BiCGstab: Convergence at 18 iterations, L2 relative residual: iterated = 9.657907e-09, true = 9.657907e-09 (requested = 1.000000e-08)
PyQUDA INFO: Time = 0.007 secs, Performance = 213.349 GFLOPS
BiCGstab: Convergence at 18 iterations, L2 relative residual: iterated = 8.258434e-09, true = 8.258434e-09 (requested = 1.000000e-08)
PyQUDA INFO: Time = 0.007 secs, Performance = 213.260 GFLOPS
BiCGstab: Convergence at 20 iterations, L2 relative residual: iterated = 2.620880e-09, true = 2.620880e-09 (requested = 1.000000e-08)
PyQUDA INFO: Time = 0.008 secs, Performance = 221.061 GFLOPS
BiCGstab: Convergence at 19 iterations, L2 relative residual: iterated = 4.273451e-09, true = 4.273451e-09 (requested = 1.000000e-08)
PyQUDA INFO: Time = 0.007 secs, Performance = 217.291 GFLOPS
BiCGstab: Convergence at 18 iterations, L2 relative residual: iterated = 6.961936e-09, true = 6.961936e-09 (requested = 1.000000e-08)
PyQUDA INFO: Time = 0.007 secs, Performance = 221.488 GFLOPS
BiCGstab: Convergence at 19 iterations, L2 relative residual: iterated = 3.033514e-09, true = 3.033514e-09 (requested = 1.000000e-08)
PyQUDA INFO: Time = 0.007 secs, Performance = 218.560 GFLOPS
BiCGstab: Convergence at 20 iterations, L2 relative residual: iterated = 1.909081e-09, true = 1.909081e-09 (requested = 1.000000e-08)
>>> Contraction type 1 time: 0.001 seconds
>>> Shift time: 0.002 seconds
>>> Contraction type 1 time: 0.001 seconds
>>> Shift time: 0.002 seconds
>>> Contraction type 1 time: 0.001 seconds
>>> Shift time: 0.002 seconds
>>> Contraction type 1 time: 0.001 seconds
>>> Shift time: 0.002 seconds
>>> Contraction type 1 time: 0.001 seconds
>>> Shift time: 0.002 seconds
>>> Contraction type 1 time: 0.001 seconds
>>> Shift time: 0.002 seconds
>>> Contraction type 1 time: 0.001 seconds
>>> Shift time: 0.002 seconds
>>> Contraction type 1 time: 0.001 seconds
>>> Shift time: 0.002 seconds
PyQUDA INFO: Time = 0.008 secs, Performance = 210.553 GFLOPS
BiCGstab: Convergence at 18 iterations, L2 relative residual: iterated = 6.097953e-09, true = 6.097953e-09 (requested = 1.000000e-08)
PyQUDA INFO: Time = 0.007 secs, Performance = 213.823 GFLOPS
BiCGstab: Convergence at 18 iterations, L2 relative residual: iterated = 6.446303e-09, true = 6.446303e-09 (requested = 1.000000e-08)
PyQUDA INFO: Time = 0.007 secs, Performance = 213.823 GFLOPS
BiCGstab: Convergence at 20 iterations, L2 relative residual: iterated = 8.764502e-09, true = 8.764502e-09 (requested = 1.000000e-08)
PyQUDA INFO: Time = 0.008 secs, Performance = 220.423 GFLOPS
BiCGstab: Convergence at 19 iterations, L2 relative residual: iterated = 2.591048e-09, true = 2.591048e-09 (requested = 1.000000e-08)
PyQUDA INFO: Time = 0.007 secs, Performance = 216.969 GFLOPS
BiCGstab: Convergence at 20 iterations, L2 relative residual: iterated = 3.692273e-09, true = 3.692273e-09 (requested = 1.000000e-08)
PyQUDA INFO: Time = 0.008 secs, Performance = 221.498 GFLOPS
BiCGstab: Convergence at 18 iterations, L2 relative residual: iterated = 6.115170e-09, true = 6.115170e-09 (requested = 1.000000e-08)
PyQUDA INFO: Time = 0.007 secs, Performance = 213.290 GFLOPS
BiCGstab: Convergence at 18 iterations, L2 relative residual: iterated = 9.020592e-09, true = 9.020592e-09 (requested = 1.000000e-08)
PyQUDA INFO: Time = 0.007 secs, Performance = 213.853 GFLOPS
BiCGstab: Convergence at 19 iterations, L2 relative residual: iterated = 4.119138e-09, true = 4.119138e-09 (requested = 1.000000e-08)
PyQUDA INFO: Time = 0.007 secs, Performance = 217.791 GFLOPS
BiCGstab: Convergence at 18 iterations, L2 relative residual: iterated = 7.591825e-09, true = 7.591825e-09 (requested = 1.000000e-08)
PyQUDA INFO: Time = 0.007 secs, Performance = 213.171 GFLOPS
BiCGstab: Convergence at 19 iterations, L2 relative residual: iterated = 3.832609e-09, true = 3.832609e-09 (requested = 1.000000e-08)
PyQUDA INFO: Time = 0.007 secs, Performance = 217.555 GFLOPS
BiCGstab: Convergence at 19 iterations, L2 relative residual: iterated = 4.238628e-09, true = 4.238628e-09 (requested = 1.000000e-08)
PyQUDA INFO: Time = 0.007 secs, Performance = 216.269 GFLOPS
BiCGstab: Convergence at 18 iterations, L2 relative residual: iterated = 7.332089e-09, true = 7.332089e-09 (requested = 1.000000e-08)
PyQUDA INFO: Time = 0.245 secs, Performance = 6.146 GFLOPS
BiCGstab: Convergence at 19 iterations, L2 relative residual: iterated = 6.176615e-09, true = 6.176615e-09 (requested = 1.000000e-08)
PyQUDA INFO: Time = 0.007 secs, Performance = 217.938 GFLOPS
BiCGstab: Convergence at 19 iterations, L2 relative residual: iterated = 3.987661e-09, true = 3.987661e-09 (requested = 1.000000e-08)
PyQUDA INFO: Time = 0.007 secs, Performance = 217.968 GFLOPS
BiCGstab: Convergence at 19 iterations, L2 relative residual: iterated = 2.201396e-09, true = 2.201396e-09 (requested = 1.000000e-08)
PyQUDA INFO: Time = 0.007 secs, Performance = 217.027 GFLOPS
BiCGstab: Convergence at 19 iterations, L2 relative residual: iterated = 4.921221e-09, true = 4.921221e-09 (requested = 1.000000e-08)
PyQUDA INFO: Time = 0.007 secs, Performance = 217.144 GFLOPS
BiCGstab: Convergence at 18 iterations, L2 relative residual: iterated = 5.888642e-09, true = 5.888642e-09 (requested = 1.000000e-08)
PyQUDA INFO: Time = 0.007 secs, Performance = 221.227 GFLOPS
BiCGstab: Convergence at 19 iterations, L2 relative residual: iterated = 2.786837e-09, true = 2.786837e-09 (requested = 1.000000e-08)
PyQUDA INFO: Time = 0.007 secs, Performance = 225.664 GFLOPS
BiCGstab: Convergence at 20 iterations, L2 relative residual: iterated = 8.509700e-10, true = 8.509700e-10 (requested = 1.000000e-08)
PyQUDA INFO: Time = 0.008 secs, Performance = 221.265 GFLOPS
BiCGstab: Convergence at 19 iterations, L2 relative residual: iterated = 6.361409e-09, true = 6.361409e-09 (requested = 1.000000e-08)
PyQUDA INFO: Time = 0.007 secs, Performance = 217.115 GFLOPS
BiCGstab: Convergence at 19 iterations, L2 relative residual: iterated = 3.825877e-09, true = 3.825877e-09 (requested = 1.000000e-08)
PyQUDA INFO: Time = 0.007 secs, Performance = 217.555 GFLOPS
BiCGstab: Convergence at 19 iterations, L2 relative residual: iterated = 5.331443e-09, true = 5.331443e-09 (requested = 1.000000e-08)
PyQUDA INFO: Time = 0.007 secs, Performance = 217.057 GFLOPS
BiCGstab: Convergence at 19 iterations, L2 relative residual: iterated = 2.462237e-09, true = 2.462237e-09 (requested = 1.000000e-08)
PyQUDA INFO: Time = 0.007 secs, Performance = 216.677 GFLOPS
BiCGstab: Convergence at 18 iterations, L2 relative residual: iterated = 5.352085e-09, true = 5.352085e-09 (requested = 1.000000e-08)
>>> Contraction type 1 time: 0.001 seconds
>>> Shift time: 0.002 seconds
>>> Contraction type 1 time: 0.001 seconds
>>> Shift time: 0.002 seconds
>>> Contraction type 1 time: 0.001 seconds
>>> Shift time: 0.002 seconds
>>> Contraction type 1 time: 0.001 seconds
>>> Shift time: 0.002 seconds
>>> Contraction type 1 time: 0.001 seconds
>>> Shift time: 0.002 seconds
>>> Contraction type 1 time: 0.001 seconds
>>> Shift time: 0.002 seconds
>>> Contraction type 1 time: 0.001 seconds
>>> Shift time: 0.002 seconds
>>> Contraction type 1 time: 0.001 seconds
>>> Shift time: 0.002 seconds
PyQUDA INFO: Time = 0.007 secs, Performance = 218.847 GFLOPS
BiCGstab: Convergence at 18 iterations, L2 relative residual: iterated = 4.196995e-09, true = 4.196995e-09 (requested = 1.000000e-08)
PyQUDA INFO: Time = 0.008 secs, Performance = 206.420 GFLOPS
BiCGstab: Convergence at 18 iterations, L2 relative residual: iterated = 7.842935e-09, true = 7.842935e-09 (requested = 1.000000e-08)
PyQUDA INFO: Time = 0.007 secs, Performance = 220.514 GFLOPS
BiCGstab: Convergence at 18 iterations, L2 relative residual: iterated = 6.201132e-09, true = 6.201132e-09 (requested = 1.000000e-08)
PyQUDA INFO: Time = 0.007 secs, Performance = 213.704 GFLOPS
BiCGstab: Convergence at 19 iterations, L2 relative residual: iterated = 2.843921e-09, true = 2.843921e-09 (requested = 1.000000e-08)
PyQUDA INFO: Time = 0.007 secs, Performance = 217.057 GFLOPS
BiCGstab: Convergence at 18 iterations, L2 relative residual: iterated = 4.603429e-09, true = 4.603429e-09 (requested = 1.000000e-08)
PyQUDA INFO: Time = 0.007 secs, Performance = 213.764 GFLOPS
BiCGstab: Convergence at 18 iterations, L2 relative residual: iterated = 7.907618e-09, true = 7.907618e-09 (requested = 1.000000e-08)
PyQUDA INFO: Time = 0.007 secs, Performance = 212.906 GFLOPS
BiCGstab: Convergence at 19 iterations, L2 relative residual: iterated = 8.654154e-09, true = 8.654154e-09 (requested = 1.000000e-08)
PyQUDA INFO: Time = 0.007 secs, Performance = 217.879 GFLOPS
BiCGstab: Convergence at 18 iterations, L2 relative residual: iterated = 4.309939e-09, true = 4.309939e-09 (requested = 1.000000e-08)
PyQUDA INFO: Time = 0.007 secs, Performance = 213.734 GFLOPS
BiCGstab: Convergence at 18 iterations, L2 relative residual: iterated = 6.536750e-09, true = 6.536750e-09 (requested = 1.000000e-08)
PyQUDA INFO: Time = 0.007 secs, Performance = 213.793 GFLOPS
BiCGstab: Convergence at 19 iterations, L2 relative residual: iterated = 2.562872e-09, true = 2.562872e-09 (requested = 1.000000e-08)
PyQUDA INFO: Time = 0.007 secs, Performance = 217.379 GFLOPS
BiCGstab: Convergence at 18 iterations, L2 relative residual: iterated = 5.899794e-09, true = 5.899794e-09 (requested = 1.000000e-08)
PyQUDA INFO: Time = 0.007 secs, Performance = 222.700 GFLOPS
BiCGstab: Convergence at 18 iterations, L2 relative residual: iterated = 8.438304e-09, true = 8.438304e-09 (requested = 1.000000e-08)
PyQUDA INFO: Time = 0.019 secs, Performance = 80.548 GFLOPS
BiCGstab: Convergence at 19 iterations, L2 relative residual: iterated = 7.378067e-09, true = 7.378067e-09 (requested = 1.000000e-08)
PyQUDA INFO: Time = 0.007 secs, Performance = 217.938 GFLOPS
BiCGstab: Convergence at 18 iterations, L2 relative residual: iterated = 9.320815e-09, true = 9.320815e-09 (requested = 1.000000e-08)
PyQUDA INFO: Time = 0.007 secs, Performance = 212.465 GFLOPS
BiCGstab: Convergence at 18 iterations, L2 relative residual: iterated = 7.556281e-09, true = 7.556281e-09 (requested = 1.000000e-08)
PyQUDA INFO: Time = 0.007 secs, Performance = 213.615 GFLOPS
BiCGstab: Convergence at 19 iterations, L2 relative residual: iterated = 2.868710e-09, true = 2.868710e-09 (requested = 1.000000e-08)
PyQUDA INFO: Time = 0.007 secs, Performance = 216.385 GFLOPS
BiCGstab: Convergence at 18 iterations, L2 relative residual: iterated = 7.953177e-09, true = 7.953177e-09 (requested = 1.000000e-08)
PyQUDA INFO: Time = 0.007 secs, Performance = 213.260 GFLOPS
BiCGstab: Convergence at 18 iterations, L2 relative residual: iterated = 8.220073e-09, true = 8.220073e-09 (requested = 1.000000e-08)
PyQUDA INFO: Time = 0.007 secs, Performance = 221.749 GFLOPS
BiCGstab: Convergence at 19 iterations, L2 relative residual: iterated = 5.665800e-09, true = 5.665800e-09 (requested = 1.000000e-08)
PyQUDA INFO: Time = 0.007 secs, Performance = 225.729 GFLOPS
BiCGstab: Convergence at 18 iterations, L2 relative residual: iterated = 4.899932e-09, true = 4.899932e-09 (requested = 1.000000e-08)
PyQUDA INFO: Time = 0.007 secs, Performance = 213.438 GFLOPS
BiCGstab: Convergence at 19 iterations, L2 relative residual: iterated = 3.340245e-09, true = 3.340245e-09 (requested = 1.000000e-08)
PyQUDA INFO: Time = 0.007 secs, Performance = 216.356 GFLOPS
BiCGstab: Convergence at 19 iterations, L2 relative residual: iterated = 4.407120e-09, true = 4.407120e-09 (requested = 1.000000e-08)
PyQUDA INFO: Time = 0.007 secs, Performance = 216.735 GFLOPS
BiCGstab: Convergence at 19 iterations, L2 relative residual: iterated = 3.444602e-09, true = 3.444602e-09 (requested = 1.000000e-08)
PyQUDA INFO: Time = 0.007 secs, Performance = 216.618 GFLOPS
BiCGstab: Convergence at 18 iterations, L2 relative residual: iterated = 5.123683e-09, true = 5.123683e-09 (requested = 1.000000e-08)
>>> Contraction type 1 time: 0.001 seconds
>>> Shift time: 0.002 seconds
>>> Contraction type 1 time: 0.001 seconds
>>> Shift time: 0.002 seconds
>>> Contraction type 1 time: 0.001 seconds
>>> Shift time: 0.002 seconds
>>> Contraction type 1 time: 0.001 seconds
>>> Shift time: 0.002 seconds
>>> Contraction type 1 time: 0.001 seconds
>>> Shift time: 0.002 seconds
>>> Contraction type 1 time: 0.001 seconds
>>> Shift time: 0.002 seconds
>>> Contraction type 1 time: 0.001 seconds
>>> Shift time: 0.002 seconds
>>> Contraction type 1 time: 0.001 seconds
>>> Shift time: 0.002 seconds
PyQUDA INFO: Time = 0.007 secs, Performance = 210.172 GFLOPS
BiCGstab: Convergence at 19 iterations, L2 relative residual: iterated = 5.096227e-09, true = 5.096227e-09 (requested = 1.000000e-08)
PyQUDA INFO: Time = 0.007 secs, Performance = 217.555 GFLOPS
BiCGstab: Convergence at 18 iterations, L2 relative residual: iterated = 8.189674e-09, true = 8.189674e-09 (requested = 1.000000e-08)
PyQUDA INFO: Time = 0.007 secs, Performance = 214.359 GFLOPS
BiCGstab: Convergence at 18 iterations, L2 relative residual: iterated = 4.794901e-09, true = 4.794901e-09 (requested = 1.000000e-08)
PyQUDA INFO: Time = 0.007 secs, Performance = 222.667 GFLOPS
BiCGstab: Convergence at 18 iterations, L2 relative residual: iterated = 6.726974e-09, true = 6.726974e-09 (requested = 1.000000e-08)
PyQUDA INFO: Time = 0.007 secs, Performance = 214.180 GFLOPS
BiCGstab: Convergence at 19 iterations, L2 relative residual: iterated = 2.243119e-09, true = 2.243119e-09 (requested = 1.000000e-08)
PyQUDA INFO: Time = 0.007 secs, Performance = 225.148 GFLOPS
BiCGstab: Convergence at 19 iterations, L2 relative residual: iterated = 4.935225e-09, true = 4.935225e-09 (requested = 1.000000e-08)
PyQUDA INFO: Time = 0.007 secs, Performance = 217.057 GFLOPS
BiCGstab: Convergence at 18 iterations, L2 relative residual: iterated = 5.420932e-09, true = 5.420932e-09 (requested = 1.000000e-08)
PyQUDA INFO: Time = 0.007 secs, Performance = 213.556 GFLOPS
BiCGstab: Convergence at 18 iterations, L2 relative residual: iterated = 6.353412e-09, true = 6.353412e-09 (requested = 1.000000e-08)
PyQUDA INFO: Time = 0.007 secs, Performance = 213.467 GFLOPS
BiCGstab: Convergence at 18 iterations, L2 relative residual: iterated = 7.016415e-09, true = 7.016415e-09 (requested = 1.000000e-08)
PyQUDA INFO: Time = 0.007 secs, Performance = 213.201 GFLOPS
BiCGstab: Convergence at 18 iterations, L2 relative residual: iterated = 5.928443e-09, true = 5.928443e-09 (requested = 1.000000e-08)
PyQUDA INFO: Time = 0.007 secs, Performance = 213.230 GFLOPS
BiCGstab: Convergence at 19 iterations, L2 relative residual: iterated = 3.596441e-09, true = 3.596441e-09 (requested = 1.000000e-08)
PyQUDA INFO: Time = 0.007 secs, Performance = 217.555 GFLOPS
BiCGstab: Convergence at 18 iterations, L2 relative residual: iterated = 8.017570e-09, true = 8.017570e-09 (requested = 1.000000e-08)
PyQUDA INFO: Time = 0.245 secs, Performance = 6.271 GFLOPS
BiCGstab: Convergence at 19 iterations, L2 relative residual: iterated = 3.900490e-09, true = 3.900490e-09 (requested = 1.000000e-08)
PyQUDA INFO: Time = 0.007 secs, Performance = 217.998 GFLOPS
BiCGstab: Convergence at 18 iterations, L2 relative residual: iterated = 5.727302e-09, true = 5.727302e-09 (requested = 1.000000e-08)
PyQUDA INFO: Time = 0.007 secs, Performance = 214.958 GFLOPS
BiCGstab: Convergence at 20 iterations, L2 relative residual: iterated = 8.087291e-09, true = 8.087291e-09 (requested = 1.000000e-08)
PyQUDA INFO: Time = 0.008 secs, Performance = 221.003 GFLOPS
BiCGstab: Convergence at 19 iterations, L2 relative residual: iterated = 3.519170e-09, true = 3.519170e-09 (requested = 1.000000e-08)
PyQUDA INFO: Time = 0.007 secs, Performance = 218.057 GFLOPS
BiCGstab: Convergence at 19 iterations, L2 relative residual: iterated = 6.101995e-09, true = 6.101995e-09 (requested = 1.000000e-08)
PyQUDA INFO: Time = 0.007 secs, Performance = 216.472 GFLOPS
BiCGstab: Convergence at 18 iterations, L2 relative residual: iterated = 8.029468e-09, true = 8.029468e-09 (requested = 1.000000e-08)
PyQUDA INFO: Time = 0.007 secs, Performance = 213.024 GFLOPS
BiCGstab: Convergence at 20 iterations, L2 relative residual: iterated = 1.569574e-09, true = 1.569574e-09 (requested = 1.000000e-08)
PyQUDA INFO: Time = 0.008 secs, Performance = 219.014 GFLOPS
BiCGstab: Convergence at 19 iterations, L2 relative residual: iterated = 4.515448e-09, true = 4.515448e-09 (requested = 1.000000e-08)
PyQUDA INFO: Time = 0.007 secs, Performance = 216.969 GFLOPS
BiCGstab: Convergence at 18 iterations, L2 relative residual: iterated = 7.823487e-09, true = 7.823487e-09 (requested = 1.000000e-08)
PyQUDA INFO: Time = 0.007 secs, Performance = 220.903 GFLOPS
BiCGstab: Convergence at 19 iterations, L2 relative residual: iterated = 2.064056e-09, true = 2.064056e-09 (requested = 1.000000e-08)
PyQUDA INFO: Time = 0.007 secs, Performance = 216.998 GFLOPS
BiCGstab: Convergence at 19 iterations, L2 relative residual: iterated = 2.777236e-09, true = 2.777236e-09 (requested = 1.000000e-08)
PyQUDA INFO: Time = 0.008 secs, Performance = 209.714 GFLOPS
BiCGstab: Convergence at 18 iterations, L2 relative residual: iterated = 4.608528e-09, true = 4.608528e-09 (requested = 1.000000e-08)
>>> Contraction type 1 time: 0.001 seconds
>>> Shift time: 0.002 seconds
>>> Contraction type 1 time: 0.001 seconds
>>> Shift time: 0.002 seconds
>>> Contraction type 1 time: 0.001 seconds
>>> Shift time: 0.002 seconds
>>> Contraction type 1 time: 0.001 seconds
>>> Shift time: 0.002 seconds
>>> Contraction type 1 time: 0.001 seconds
>>> Shift time: 0.002 seconds
>>> Contraction type 1 time: 0.001 seconds
>>> Shift time: 0.002 seconds
>>> Contraction type 1 time: 0.001 seconds
>>> Shift time: 0.002 seconds
>>> Contraction type 1 time: 0.001 seconds
>>> Shift time: 0.002 seconds
PyQUDA INFO: Time = 0.007 secs, Performance = 210.661 GFLOPS
BiCGstab: Convergence at 18 iterations, L2 relative residual: iterated = 9.829556e-09, true = 9.829556e-09 (requested = 1.000000e-08)
PyQUDA INFO: Time = 0.007 secs, Performance = 222.601 GFLOPS
BiCGstab: Convergence at 18 iterations, L2 relative residual: iterated = 8.103625e-09, true = 8.103625e-09 (requested = 1.000000e-08)
PyQUDA INFO: Time = 0.007 secs, Performance = 213.230 GFLOPS
BiCGstab: Convergence at 19 iterations, L2 relative residual: iterated = 2.810540e-09, true = 2.810540e-09 (requested = 1.000000e-08)
PyQUDA INFO: Time = 0.007 secs, Performance = 217.350 GFLOPS
BiCGstab: Convergence at 19 iterations, L2 relative residual: iterated = 2.582423e-09, true = 2.582423e-09 (requested = 1.000000e-08)
PyQUDA INFO: Time = 0.007 secs, Performance = 216.969 GFLOPS
BiCGstab: Convergence at 18 iterations, L2 relative residual: iterated = 4.502435e-09, true = 4.502435e-09 (requested = 1.000000e-08)
PyQUDA INFO: Time = 0.007 secs, Performance = 222.142 GFLOPS
BiCGstab: Convergence at 19 iterations, L2 relative residual: iterated = 4.986968e-09, true = 4.986968e-09 (requested = 1.000000e-08)
PyQUDA INFO: Time = 0.007 secs, Performance = 216.153 GFLOPS
BiCGstab: Convergence at 19 iterations, L2 relative residual: iterated = 6.724892e-09, true = 6.724892e-09 (requested = 1.000000e-08)
PyQUDA INFO: Time = 0.007 secs, Performance = 217.350 GFLOPS
BiCGstab: Convergence at 19 iterations, L2 relative residual: iterated = 2.476682e-09, true = 2.476682e-09 (requested = 1.000000e-08)
PyQUDA INFO: Time = 0.007 secs, Performance = 225.664 GFLOPS
BiCGstab: Convergence at 18 iterations, L2 relative residual: iterated = 6.264879e-09, true = 6.264879e-09 (requested = 1.000000e-08)
PyQUDA INFO: Time = 0.007 secs, Performance = 213.526 GFLOPS
BiCGstab: Convergence at 18 iterations, L2 relative residual: iterated = 7.416638e-09, true = 7.416638e-09 (requested = 1.000000e-08)
PyQUDA INFO: Time = 0.007 secs, Performance = 221.814 GFLOPS
BiCGstab: Convergence at 18 iterations, L2 relative residual: iterated = 8.327531e-09, true = 8.327531e-09 (requested = 1.000000e-08)
PyQUDA INFO: Time = 0.007 secs, Performance = 213.438 GFLOPS
BiCGstab: Convergence at 18 iterations, L2 relative residual: iterated = 5.863981e-09, true = 5.863981e-09 (requested = 1.000000e-08)
PyQUDA INFO: Time = 0.245 secs, Performance = 6.273 GFLOPS
BiCGstab: Convergence at 19 iterations, L2 relative residual: iterated = 2.484959e-09, true = 2.484959e-09 (requested = 1.000000e-08)
PyQUDA INFO: Time = 0.007 secs, Performance = 218.027 GFLOPS
BiCGstab: Convergence at 18 iterations, L2 relative residual: iterated = 9.614192e-09, true = 9.614192e-09 (requested = 1.000000e-08)
PyQUDA INFO: Time = 0.007 secs, Performance = 212.465 GFLOPS
BiCGstab: Convergence at 18 iterations, L2 relative residual: iterated = 8.118956e-09, true = 8.118956e-09 (requested = 1.000000e-08)
PyQUDA INFO: Time = 0.007 secs, Performance = 213.793 GFLOPS
BiCGstab: Convergence at 18 iterations, L2 relative residual: iterated = 6.197879e-09, true = 6.197879e-09 (requested = 1.000000e-08)
PyQUDA INFO: Time = 0.007 secs, Performance = 213.734 GFLOPS
BiCGstab: Convergence at 18 iterations, L2 relative residual: iterated = 5.699176e-09, true = 5.699176e-09 (requested = 1.000000e-08)
PyQUDA INFO: Time = 0.007 secs, Performance = 222.273 GFLOPS
BiCGstab: Convergence at 18 iterations, L2 relative residual: iterated = 8.524211e-09, true = 8.524211e-09 (requested = 1.000000e-08)
PyQUDA INFO: Time = 0.007 secs, Performance = 221.423 GFLOPS
BiCGstab: Convergence at 18 iterations, L2 relative residual: iterated = 8.274073e-09, true = 8.274073e-09 (requested = 1.000000e-08)
PyQUDA INFO: Time = 0.007 secs, Performance = 213.942 GFLOPS
BiCGstab: Convergence at 18 iterations, L2 relative residual: iterated = 9.198795e-09, true = 9.198795e-09 (requested = 1.000000e-08)
PyQUDA INFO: Time = 0.007 secs, Performance = 213.526 GFLOPS
BiCGstab: Convergence at 18 iterations, L2 relative residual: iterated = 5.352478e-09, true = 5.352478e-09 (requested = 1.000000e-08)
PyQUDA INFO: Time = 0.007 secs, Performance = 213.408 GFLOPS
BiCGstab: Convergence at 19 iterations, L2 relative residual: iterated = 3.395726e-09, true = 3.395726e-09 (requested = 1.000000e-08)
PyQUDA INFO: Time = 0.007 secs, Performance = 216.385 GFLOPS
BiCGstab: Convergence at 18 iterations, L2 relative residual: iterated = 8.287706e-09, true = 8.287706e-09 (requested = 1.000000e-08)
PyQUDA INFO: Time = 0.007 secs, Performance = 222.503 GFLOPS
BiCGstab: Convergence at 18 iterations, L2 relative residual: iterated = 4.344392e-09, true = 4.344392e-09 (requested = 1.000000e-08)
>>> Contraction type 1 time: 0.001 seconds
>>> Shift time: 0.002 seconds
>>> Contraction type 1 time: 0.001 seconds
>>> Shift time: 0.002 seconds
>>> Contraction type 1 time: 0.001 seconds
>>> Shift time: 0.002 seconds
>>> Contraction type 1 time: 0.001 seconds
>>> Shift time: 0.002 seconds
>>> Contraction type 1 time: 0.001 seconds
>>> Shift time: 0.002 seconds
>>> Contraction type 1 time: 0.001 seconds
>>> Shift time: 0.002 seconds
>>> Contraction type 1 time: 0.001 seconds
>>> Shift time: 0.002 seconds
>>> Contraction type 1 time: 0.001 seconds
>>> Shift time: 0.002 seconds
PyQUDA INFO: Time = 0.007 secs, Performance = 208.803 GFLOPS
BiCGstab: Convergence at 19 iterations, L2 relative residual: iterated = 2.600649e-09, true = 2.600649e-09 (requested = 1.000000e-08)
PyQUDA INFO: Time = 0.007 secs, Performance = 217.526 GFLOPS
BiCGstab: Convergence at 18 iterations, L2 relative residual: iterated = 5.935713e-09, true = 5.935713e-09 (requested = 1.000000e-08)
PyQUDA INFO: Time = 0.007 secs, Performance = 213.556 GFLOPS
BiCGstab: Convergence at 18 iterations, L2 relative residual: iterated = 4.260359e-09, true = 4.260359e-09 (requested = 1.000000e-08)
PyQUDA INFO: Time = 0.007 secs, Performance = 213.112 GFLOPS
BiCGstab: Convergence at 19 iterations, L2 relative residual: iterated = 2.850628e-09, true = 2.850628e-09 (requested = 1.000000e-08)
PyQUDA INFO: Time = 0.008 secs, Performance = 210.009 GFLOPS
BiCGstab: Convergence at 18 iterations, L2 relative residual: iterated = 7.557955e-09, true = 7.557955e-09 (requested = 1.000000e-08)
PyQUDA INFO: Time = 0.007 secs, Performance = 213.290 GFLOPS
BiCGstab: Convergence at 20 iterations, L2 relative residual: iterated = 7.013018e-10, true = 7.013018e-10 (requested = 1.000000e-08)
PyQUDA INFO: Time = 0.008 secs, Performance = 219.444 GFLOPS
BiCGstab: Convergence at 18 iterations, L2 relative residual: iterated = 5.247067e-09, true = 5.247067e-09 (requested = 1.000000e-08)
PyQUDA INFO: Time = 0.007 secs, Performance = 221.912 GFLOPS
BiCGstab: Convergence at 19 iterations, L2 relative residual: iterated = 2.951167e-09, true = 2.951167e-09 (requested = 1.000000e-08)
PyQUDA INFO: Time = 0.007 secs, Performance = 216.764 GFLOPS
BiCGstab: Convergence at 18 iterations, L2 relative residual: iterated = 7.399914e-09, true = 7.399914e-09 (requested = 1.000000e-08)
PyQUDA INFO: Time = 0.007 secs, Performance = 213.083 GFLOPS
BiCGstab: Convergence at 18 iterations, L2 relative residual: iterated = 9.418635e-09, true = 9.418635e-09 (requested = 1.000000e-08)
PyQUDA INFO: Time = 0.007 secs, Performance = 221.553 GFLOPS
BiCGstab: Convergence at 18 iterations, L2 relative residual: iterated = 6.207171e-09, true = 6.207171e-09 (requested = 1.000000e-08)
PyQUDA INFO: Time = 0.007 secs, Performance = 222.306 GFLOPS
BiCGstab: Convergence at 18 iterations, L2 relative residual: iterated = 6.559035e-09, true = 6.559035e-09 (requested = 1.000000e-08)
PyQUDA INFO: Time = 0.246 secs, Performance = 6.263 GFLOPS
BiCGstab: Convergence at 20 iterations, L2 relative residual: iterated = 6.611717e-10, true = 6.611717e-10 (requested = 1.000000e-08)
PyQUDA INFO: Time = 0.008 secs, Performance = 221.498 GFLOPS
BiCGstab: Convergence at 18 iterations, L2 relative residual: iterated = 4.957775e-09, true = 4.957775e-09 (requested = 1.000000e-08)
PyQUDA INFO: Time = 0.008 secs, Performance = 205.960 GFLOPS
BiCGstab: Convergence at 19 iterations, L2 relative residual: iterated = 8.529900e-09, true = 8.529900e-09 (requested = 1.000000e-08)
PyQUDA INFO: Time = 0.007 secs, Performance = 217.291 GFLOPS
BiCGstab: Convergence at 19 iterations, L2 relative residual: iterated = 2.032355e-09, true = 2.032355e-09 (requested = 1.000000e-08)
PyQUDA INFO: Time = 0.007 secs, Performance = 217.850 GFLOPS
BiCGstab: Convergence at 19 iterations, L2 relative residual: iterated = 7.649496e-09, true = 7.649496e-09 (requested = 1.000000e-08)
PyQUDA INFO: Time = 0.007 secs, Performance = 215.285 GFLOPS
BiCGstab: Convergence at 19 iterations, L2 relative residual: iterated = 4.174495e-09, true = 4.174495e-09 (requested = 1.000000e-08)
PyQUDA INFO: Time = 0.007 secs, Performance = 217.467 GFLOPS
BiCGstab: Convergence at 19 iterations, L2 relative residual: iterated = 2.371787e-09, true = 2.371787e-09 (requested = 1.000000e-08)
PyQUDA INFO: Time = 0.007 secs, Performance = 216.618 GFLOPS
BiCGstab: Convergence at 18 iterations, L2 relative residual: iterated = 4.993809e-09, true = 4.993809e-09 (requested = 1.000000e-08)
PyQUDA INFO: Time = 0.007 secs, Performance = 212.788 GFLOPS
BiCGstab: Convergence at 18 iterations, L2 relative residual: iterated = 9.195067e-09, true = 9.195067e-09 (requested = 1.000000e-08)
PyQUDA INFO: Time = 0.007 secs, Performance = 213.378 GFLOPS
BiCGstab: Convergence at 18 iterations, L2 relative residual: iterated = 6.332960e-09, true = 6.332960e-09 (requested = 1.000000e-08)
PyQUDA INFO: Time = 0.007 secs, Performance = 213.823 GFLOPS
BiCGstab: Convergence at 18 iterations, L2 relative residual: iterated = 4.349053e-09, true = 4.349053e-09 (requested = 1.000000e-08)
PyQUDA INFO: Time = 0.007 secs, Performance = 213.438 GFLOPS
BiCGstab: Convergence at 18 iterations, L2 relative residual: iterated = 7.603057e-09, true = 7.603057e-09 (requested = 1.000000e-08)
>>> Contraction type 1 time: 0.001 seconds
>>> Shift time: 0.002 seconds
>>> Contraction type 1 time: 0.001 seconds
>>> Shift time: 0.002 seconds
>>> Contraction type 1 time: 0.001 seconds
>>> Shift time: 0.002 seconds
>>> Contraction type 1 time: 0.001 seconds
>>> Shift time: 0.002 seconds
>>> Contraction type 1 time: 0.001 seconds
>>> Shift time: 0.002 seconds
>>> Contraction type 1 time: 0.001 seconds
>>> Shift time: 0.002 seconds
>>> Contraction type 1 time: 0.001 seconds
>>> Shift time: 0.002 seconds
>>> Contraction type 1 time: 0.001 seconds
>>> Shift time: 0.002 seconds
PyQUDA INFO: Time = 0.007 secs, Performance = 210.834 GFLOPS
BiCGstab: Convergence at 18 iterations, L2 relative residual: iterated = 4.633644e-09, true = 4.633644e-09 (requested = 1.000000e-08)
PyQUDA INFO: Time = 0.007 secs, Performance = 222.207 GFLOPS
BiCGstab: Convergence at 18 iterations, L2 relative residual: iterated = 9.396686e-09, true = 9.396686e-09 (requested = 1.000000e-08)
PyQUDA INFO: Time = 0.007 secs, Performance = 221.586 GFLOPS
BiCGstab: Convergence at 19 iterations, L2 relative residual: iterated = 2.025535e-09, true = 2.025535e-09 (requested = 1.000000e-08)
PyQUDA INFO: Time = 0.007 secs, Performance = 225.470 GFLOPS
BiCGstab: Convergence at 19 iterations, L2 relative residual: iterated = 2.933195e-09, true = 2.933195e-09 (requested = 1.000000e-08)
PyQUDA INFO: Time = 0.007 secs, Performance = 216.998 GFLOPS
BiCGstab: Convergence at 19 iterations, L2 relative residual: iterated = 3.476823e-09, true = 3.476823e-09 (requested = 1.000000e-08)
PyQUDA INFO: Time = 0.007 secs, Performance = 224.827 GFLOPS
BiCGstab: Convergence at 18 iterations, L2 relative residual: iterated = 4.632656e-09, true = 4.632656e-09 (requested = 1.000000e-08)
PyQUDA INFO: Time = 0.007 secs, Performance = 213.823 GFLOPS
BiCGstab: Convergence at 18 iterations, L2 relative residual: iterated = 8.200124e-09, true = 8.200124e-09 (requested = 1.000000e-08)
PyQUDA INFO: Time = 0.007 secs, Performance = 214.061 GFLOPS
BiCGstab: Convergence at 18 iterations, L2 relative residual: iterated = 4.582879e-09, true = 4.582879e-09 (requested = 1.000000e-08)
PyQUDA INFO: Time = 0.007 secs, Performance = 213.112 GFLOPS
BiCGstab: Convergence at 18 iterations, L2 relative residual: iterated = 4.306263e-09, true = 4.306263e-09 (requested = 1.000000e-08)
PyQUDA INFO: Time = 0.007 secs, Performance = 213.615 GFLOPS
BiCGstab: Convergence at 18 iterations, L2 relative residual: iterated = 4.283071e-09, true = 4.283071e-09 (requested = 1.000000e-08)
PyQUDA INFO: Time = 0.007 secs, Performance = 213.230 GFLOPS
BiCGstab: Convergence at 18 iterations, L2 relative residual: iterated = 9.274966e-09, true = 9.274966e-09 (requested = 1.000000e-08)
PyQUDA INFO: Time = 0.007 secs, Performance = 221.912 GFLOPS
BiCGstab: Convergence at 18 iterations, L2 relative residual: iterated = 7.703837e-09, true = 7.703837e-09 (requested = 1.000000e-08)
PyQUDA INFO: Time = 0.008 secs, Performance = 197.671 GFLOPS
BiCGstab: Convergence at 18 iterations, L2 relative residual: iterated = 9.011285e-09, true = 9.011285e-09 (requested = 1.000000e-08)
PyQUDA INFO: Time = 0.007 secs, Performance = 211.211 GFLOPS
BiCGstab: Convergence at 19 iterations, L2 relative residual: iterated = 2.092748e-09, true = 2.092748e-09 (requested = 1.000000e-08)
PyQUDA INFO: Time = 0.007 secs, Performance = 217.526 GFLOPS
BiCGstab: Convergence at 20 iterations, L2 relative residual: iterated = 2.033763e-09, true = 2.033763e-09 (requested = 1.000000e-08)
PyQUDA INFO: Time = 0.008 secs, Performance = 220.336 GFLOPS
BiCGstab: Convergence at 18 iterations, L2 relative residual: iterated = 5.469988e-09, true = 5.469988e-09 (requested = 1.000000e-08)
PyQUDA INFO: Time = 0.010 secs, Performance = 148.543 GFLOPS
BiCGstab: Convergence at 19 iterations, L2 relative residual: iterated = 5.256523e-09, true = 5.256523e-09 (requested = 1.000000e-08)
PyQUDA INFO: Time = 0.010 secs, Performance = 157.595 GFLOPS
BiCGstab: Convergence at 19 iterations, L2 relative residual: iterated = 3.048579e-09, true = 3.048579e-09 (requested = 1.000000e-08)
PyQUDA INFO: Time = 0.007 secs, Performance = 218.234 GFLOPS
BiCGstab: Convergence at 18 iterations, L2 relative residual: iterated = 9.839406e-09, true = 9.839406e-09 (requested = 1.000000e-08)
PyQUDA INFO: Time = 0.007 secs, Performance = 213.083 GFLOPS
BiCGstab: Convergence at 18 iterations, L2 relative residual: iterated = 5.967846e-09, true = 5.967846e-09 (requested = 1.000000e-08)
PyQUDA INFO: Time = 0.007 secs, Performance = 213.349 GFLOPS
BiCGstab: Convergence at 18 iterations, L2 relative residual: iterated = 6.677782e-09, true = 6.677782e-09 (requested = 1.000000e-08)
PyQUDA INFO: Time = 0.007 secs, Performance = 214.659 GFLOPS
BiCGstab: Convergence at 18 iterations, L2 relative residual: iterated = 6.929782e-09, true = 6.929782e-09 (requested = 1.000000e-08)
PyQUDA INFO: Time = 0.007 secs, Performance = 222.207 GFLOPS
BiCGstab: Convergence at 20 iterations, L2 relative residual: iterated = 1.169999e-09, true = 1.169999e-09 (requested = 1.000000e-08)
PyQUDA INFO: Time = 0.008 secs, Performance = 220.655 GFLOPS
BiCGstab: Convergence at 19 iterations, L2 relative residual: iterated = 2.035068e-09, true = 2.035068e-09 (requested = 1.000000e-08)
>>> Contraction type 1 time: 0.001 seconds
>>> Shift time: 0.002 seconds
>>> Contraction type 1 time: 0.001 seconds
>>> Shift time: 0.002 seconds
>>> Contraction type 1 time: 0.001 seconds
>>> Shift time: 0.002 seconds
>>> Contraction type 1 time: 0.001 seconds
>>> Shift time: 0.002 seconds
>>> Contraction type 1 time: 0.001 seconds
>>> Shift time: 0.002 seconds
>>> Contraction type 1 time: 0.001 seconds
>>> Shift time: 0.002 seconds
>>> Contraction type 1 time: 0.001 seconds
>>> Shift time: 0.002 seconds
>>> Contraction type 1 time: 0.001 seconds
>>> Shift time: 0.002 seconds
PyQUDA INFO: Time = 0.007 secs, Performance = 219.656 GFLOPS
BiCGstab: Convergence at 18 iterations, L2 relative residual: iterated = 8.525864e-09, true = 8.525864e-09 (requested = 1.000000e-08)
PyQUDA INFO: Time = 0.007 secs, Performance = 215.319 GFLOPS
BiCGstab: Convergence at 20 iterations, L2 relative residual: iterated = 2.219748e-09, true = 2.219748e-09 (requested = 1.000000e-08)
PyQUDA INFO: Time = 0.008 secs, Performance = 218.786 GFLOPS
BiCGstab: Convergence at 18 iterations, L2 relative residual: iterated = 5.436447e-09, true = 5.436447e-09 (requested = 1.000000e-08)
PyQUDA INFO: Time = 0.008 secs, Performance = 205.799 GFLOPS
BiCGstab: Convergence at 18 iterations, L2 relative residual: iterated = 6.603933e-09, true = 6.603933e-09 (requested = 1.000000e-08)
PyQUDA INFO: Time = 0.007 secs, Performance = 213.764 GFLOPS
BiCGstab: Convergence at 19 iterations, L2 relative residual: iterated = 5.833829e-09, true = 5.833829e-09 (requested = 1.000000e-08)
PyQUDA INFO: Time = 0.007 secs, Performance = 217.673 GFLOPS
BiCGstab: Convergence at 18 iterations, L2 relative residual: iterated = 3.959346e-09, true = 3.959346e-09 (requested = 1.000000e-08)
PyQUDA INFO: Time = 0.007 secs, Performance = 213.438 GFLOPS
BiCGstab: Convergence at 18 iterations, L2 relative residual: iterated = 9.731774e-09, true = 9.731774e-09 (requested = 1.000000e-08)
PyQUDA INFO: Time = 0.007 secs, Performance = 212.700 GFLOPS
BiCGstab: Convergence at 17 iterations, L2 relative residual: iterated = 9.776642e-09, true = 9.776642e-09 (requested = 1.000000e-08)
PyQUDA INFO: Time = 0.007 secs, Performance = 217.800 GFLOPS
BiCGstab: Convergence at 19 iterations, L2 relative residual: iterated = 8.662304e-09, true = 8.662304e-09 (requested = 1.000000e-08)
PyQUDA INFO: Time = 0.008 secs, Performance = 213.797 GFLOPS
BiCGstab: Convergence at 18 iterations, L2 relative residual: iterated = 8.304887e-09, true = 8.304887e-09 (requested = 1.000000e-08)
PyQUDA INFO: Time = 0.007 secs, Performance = 214.031 GFLOPS
BiCGstab: Convergence at 19 iterations, L2 relative residual: iterated = 9.031929e-09, true = 9.031929e-09 (requested = 1.000000e-08)
PyQUDA INFO: Time = 0.007 secs, Performance = 216.939 GFLOPS
BiCGstab: Convergence at 19 iterations, L2 relative residual: iterated = 2.891120e-09, true = 2.891120e-09 (requested = 1.000000e-08)
PyQUDA INFO: Time = 0.246 secs, Performance = 6.552 GFLOPS
BiCGstab: Convergence at 18 iterations, L2 relative residual: iterated = 7.354883e-09, true = 7.354883e-09 (requested = 1.000000e-08)
PyQUDA INFO: Time = 0.007 secs, Performance = 214.988 GFLOPS
BiCGstab: Convergence at 20 iterations, L2 relative residual: iterated = 6.986361e-09, true = 6.986361e-09 (requested = 1.000000e-08)
PyQUDA INFO: Time = 0.008 secs, Performance = 220.771 GFLOPS
BiCGstab: Convergence at 19 iterations, L2 relative residual: iterated = 6.312798e-09, true = 6.312798e-09 (requested = 1.000000e-08)
PyQUDA INFO: Time = 0.007 secs, Performance = 217.379 GFLOPS
BiCGstab: Convergence at 18 iterations, L2 relative residual: iterated = 6.256817e-09, true = 6.256817e-09 (requested = 1.000000e-08)
PyQUDA INFO: Time = 0.007 secs, Performance = 212.260 GFLOPS
BiCGstab: Convergence at 19 iterations, L2 relative residual: iterated = 4.792929e-09, true = 4.792929e-09 (requested = 1.000000e-08)
PyQUDA INFO: Time = 0.007 secs, Performance = 217.555 GFLOPS
BiCGstab: Convergence at 18 iterations, L2 relative residual: iterated = 7.932822e-09, true = 7.932822e-09 (requested = 1.000000e-08)
PyQUDA INFO: Time = 0.007 secs, Performance = 213.378 GFLOPS
BiCGstab: Convergence at 19 iterations, L2 relative residual: iterated = 2.089524e-09, true = 2.089524e-09 (requested = 1.000000e-08)
PyQUDA INFO: Time = 0.007 secs, Performance = 217.820 GFLOPS
BiCGstab: Convergence at 19 iterations, L2 relative residual: iterated = 5.651086e-09, true = 5.651086e-09 (requested = 1.000000e-08)
PyQUDA INFO: Time = 0.007 secs, Performance = 216.852 GFLOPS
BiCGstab: Convergence at 18 iterations, L2 relative residual: iterated = 9.079937e-09, true = 9.079937e-09 (requested = 1.000000e-08)
PyQUDA INFO: Time = 0.007 secs, Performance = 222.667 GFLOPS
BiCGstab: Convergence at 18 iterations, L2 relative residual: iterated = 6.230813e-09, true = 6.230813e-09 (requested = 1.000000e-08)
PyQUDA INFO: Time = 0.007 secs, Performance = 213.497 GFLOPS
BiCGstab: Convergence at 19 iterations, L2 relative residual: iterated = 8.059476e-09, true = 8.059476e-09 (requested = 1.000000e-08)
PyQUDA INFO: Time = 0.008 secs, Performance = 208.251 GFLOPS
BiCGstab: Convergence at 18 iterations, L2 relative residual: iterated = 4.746181e-09, true = 4.746181e-09 (requested = 1.000000e-08)
>>> Contraction type 1 time: 0.001 seconds
>>> Shift time: 0.002 seconds
>>> Contraction type 1 time: 0.001 seconds
>>> Shift time: 0.002 seconds
>>> Contraction type 1 time: 0.001 seconds
>>> Shift time: 0.002 seconds
>>> Contraction type 1 time: 0.001 seconds
>>> Shift time: 0.002 seconds
>>> Contraction type 1 time: 0.001 seconds
>>> Shift time: 0.002 seconds
>>> Contraction type 1 time: 0.001 seconds
>>> Shift time: 0.002 seconds
>>> Contraction type 1 time: 0.001 seconds
>>> Shift time: 0.002 seconds
>>> Contraction type 1 time: 0.001 seconds
>>> Shift time: 0.002 seconds
PyQUDA INFO: Time = 0.007 secs, Performance = 209.058 GFLOPS
BiCGstab: Convergence at 18 iterations, L2 relative residual: iterated = 9.103732e-09, true = 9.103732e-09 (requested = 1.000000e-08)
PyQUDA INFO: Time = 0.007 secs, Performance = 215.289 GFLOPS
BiCGstab: Convergence at 18 iterations, L2 relative residual: iterated = 6.803023e-09, true = 6.803023e-09 (requested = 1.000000e-08)
PyQUDA INFO: Time = 0.007 secs, Performance = 214.091 GFLOPS
BiCGstab: Convergence at 19 iterations, L2 relative residual: iterated = 6.900441e-09, true = 6.900441e-09 (requested = 1.000000e-08)
PyQUDA INFO: Time = 0.007 secs, Performance = 225.923 GFLOPS
BiCGstab: Convergence at 19 iterations, L2 relative residual: iterated = 9.221698e-09, true = 9.221698e-09 (requested = 1.000000e-08)
PyQUDA INFO: Time = 0.007 secs, Performance = 226.670 GFLOPS
BiCGstab: Convergence at 18 iterations, L2 relative residual: iterated = 5.777491e-09, true = 5.777491e-09 (requested = 1.000000e-08)
PyQUDA INFO: Time = 0.007 secs, Performance = 213.823 GFLOPS
BiCGstab: Convergence at 18 iterations, L2 relative residual: iterated = 6.235076e-09, true = 6.235076e-09 (requested = 1.000000e-08)
PyQUDA INFO: Time = 0.008 secs, Performance = 205.960 GFLOPS
BiCGstab: Convergence at 19 iterations, L2 relative residual: iterated = 6.585333e-09, true = 6.585333e-09 (requested = 1.000000e-08)
PyQUDA INFO: Time = 0.007 secs, Performance = 216.095 GFLOPS
BiCGstab: Convergence at 18 iterations, L2 relative residual: iterated = 6.838910e-09, true = 6.838910e-09 (requested = 1.000000e-08)
PyQUDA INFO: Time = 0.007 secs, Performance = 222.306 GFLOPS
BiCGstab: Convergence at 18 iterations, L2 relative residual: iterated = 9.742538e-09, true = 9.742538e-09 (requested = 1.000000e-08)
PyQUDA INFO: Time = 0.007 secs, Performance = 214.121 GFLOPS
BiCGstab: Convergence at 19 iterations, L2 relative residual: iterated = 6.294907e-09, true = 6.294907e-09 (requested = 1.000000e-08)
PyQUDA INFO: Time = 0.008 secs, Performance = 195.818 GFLOPS
BiCGstab: Convergence at 18 iterations, L2 relative residual: iterated = 6.486024e-09, true = 6.486024e-09 (requested = 1.000000e-08)
PyQUDA INFO: Time = 0.007 secs, Performance = 213.378 GFLOPS
BiCGstab: Convergence at 20 iterations, L2 relative residual: iterated = 2.007841e-09, true = 2.007841e-09 (requested = 1.000000e-08)
PyQUDA INFO: Time = 0.246 secs, Performance = 6.835 GFLOPS
BiCGstab: Convergence at 18 iterations, L2 relative residual: iterated = 6.632250e-09, true = 6.632250e-09 (requested = 1.000000e-08)
PyQUDA INFO: Time = 0.007 secs, Performance = 214.330 GFLOPS
BiCGstab: Convergence at 18 iterations, L2 relative residual: iterated = 7.922094e-09, true = 7.922094e-09 (requested = 1.000000e-08)
PyQUDA INFO: Time = 0.007 secs, Performance = 213.883 GFLOPS
BiCGstab: Convergence at 19 iterations, L2 relative residual: iterated = 3.195060e-09, true = 3.195060e-09 (requested = 1.000000e-08)
PyQUDA INFO: Time = 0.007 secs, Performance = 217.820 GFLOPS
BiCGstab: Convergence at 18 iterations, L2 relative residual: iterated = 8.621362e-09, true = 8.621362e-09 (requested = 1.000000e-08)
PyQUDA INFO: Time = 0.007 secs, Performance = 213.764 GFLOPS
BiCGstab: Convergence at 19 iterations, L2 relative residual: iterated = 2.270130e-09, true = 2.270130e-09 (requested = 1.000000e-08)
PyQUDA INFO: Time = 0.007 secs, Performance = 225.858 GFLOPS
BiCGstab: Convergence at 19 iterations, L2 relative residual: iterated = 3.881280e-09, true = 3.881280e-09 (requested = 1.000000e-08)
PyQUDA INFO: Time = 0.007 secs, Performance = 217.086 GFLOPS
BiCGstab: Convergence at 19 iterations, L2 relative residual: iterated = 2.727971e-09, true = 2.727971e-09 (requested = 1.000000e-08)
PyQUDA INFO: Time = 0.008 secs, Performance = 210.089 GFLOPS
BiCGstab: Convergence at 19 iterations, L2 relative residual: iterated = 2.497651e-09, true = 2.497651e-09 (requested = 1.000000e-08)
PyQUDA INFO: Time = 0.007 secs, Performance = 217.262 GFLOPS
BiCGstab: Convergence at 18 iterations, L2 relative residual: iterated = 5.443008e-09, true = 5.443008e-09 (requested = 1.000000e-08)
PyQUDA INFO: Time = 0.007 secs, Performance = 211.967 GFLOPS
BiCGstab: Convergence at 18 iterations, L2 relative residual: iterated = 9.233270e-09, true = 9.233270e-09 (requested = 1.000000e-08)
PyQUDA INFO: Time = 0.007 secs, Performance = 214.180 GFLOPS
BiCGstab: Convergence at 19 iterations, L2 relative residual: iterated = 8.108030e-09, true = 8.108030e-09 (requested = 1.000000e-08)
PyQUDA INFO: Time = 0.007 secs, Performance = 217.262 GFLOPS
BiCGstab: Convergence at 19 iterations, L2 relative residual: iterated = 5.895666e-09, true = 5.895666e-09 (requested = 1.000000e-08)
>>> Contraction type 1 time: 0.001 seconds
>>> Shift time: 0.002 seconds
>>> Contraction type 1 time: 0.001 seconds
>>> Shift time: 0.002 seconds
>>> Contraction type 1 time: 0.001 seconds
>>> Shift time: 0.002 seconds
>>> Contraction type 1 time: 0.001 seconds
>>> Shift time: 0.002 seconds
>>> Contraction type 1 time: 0.001 seconds
>>> Shift time: 0.002 seconds
>>> Contraction type 1 time: 0.001 seconds
>>> Shift time: 0.002 seconds
>>> Contraction type 1 time: 0.001 seconds
>>> Shift time: 0.002 seconds
>>> Contraction type 1 time: 0.001 seconds
>>> Shift time: 0.002 seconds
PyQUDA INFO: Time = 0.007 secs, Performance = 222.950 GFLOPS
BiCGstab: Convergence at 19 iterations, L2 relative residual: iterated = 2.012795e-09, true = 2.012795e-09 (requested = 1.000000e-08)
PyQUDA INFO: Time = 0.007 secs, Performance = 217.879 GFLOPS
BiCGstab: Convergence at 18 iterations, L2 relative residual: iterated = 4.017678e-09, true = 4.017678e-09 (requested = 1.000000e-08)
PyQUDA INFO: Time = 0.007 secs, Performance = 222.142 GFLOPS
BiCGstab: Convergence at 17 iterations, L2 relative residual: iterated = 7.896720e-09, true = 7.896720e-09 (requested = 1.000000e-08)
PyQUDA INFO: Time = 0.007 secs, Performance = 210.147 GFLOPS
BiCGstab: Convergence at 18 iterations, L2 relative residual: iterated = 5.711522e-09, true = 5.711522e-09 (requested = 1.000000e-08)
PyQUDA INFO: Time = 0.007 secs, Performance = 213.704 GFLOPS
BiCGstab: Convergence at 18 iterations, L2 relative residual: iterated = 7.802832e-09, true = 7.802832e-09 (requested = 1.000000e-08)
PyQUDA INFO: Time = 0.007 secs, Performance = 222.997 GFLOPS
BiCGstab: Convergence at 20 iterations, L2 relative residual: iterated = 2.861649e-09, true = 2.861649e-09 (requested = 1.000000e-08)
PyQUDA INFO: Time = 0.008 secs, Performance = 221.236 GFLOPS
BiCGstab: Convergence at 19 iterations, L2 relative residual: iterated = 2.446769e-09, true = 2.446769e-09 (requested = 1.000000e-08)
PyQUDA INFO: Time = 0.007 secs, Performance = 216.560 GFLOPS
BiCGstab: Convergence at 19 iterations, L2 relative residual: iterated = 9.600166e-09, true = 9.600166e-09 (requested = 1.000000e-08)
PyQUDA INFO: Time = 0.007 secs, Performance = 216.998 GFLOPS
BiCGstab: Convergence at 18 iterations, L2 relative residual: iterated = 8.422548e-09, true = 8.422548e-09 (requested = 1.000000e-08)
PyQUDA INFO: Time = 0.007 secs, Performance = 221.162 GFLOPS
BiCGstab: Convergence at 18 iterations, L2 relative residual: iterated = 6.579808e-09, true = 6.579808e-09 (requested = 1.000000e-08)
PyQUDA INFO: Time = 0.007 secs, Performance = 222.503 GFLOPS
BiCGstab: Convergence at 19 iterations, L2 relative residual: iterated = 8.542428e-09, true = 8.542428e-09 (requested = 1.000000e-08)
PyQUDA INFO: Time = 0.007 secs, Performance = 226.247 GFLOPS
BiCGstab: Convergence at 19 iterations, L2 relative residual: iterated = 5.916045e-09, true = 5.916045e-09 (requested = 1.000000e-08)
PyQUDA INFO: Time = 0.246 secs, Performance = 6.548 GFLOPS
BiCGstab: Convergence at 18 iterations, L2 relative residual: iterated = 8.898440e-09, true = 8.898440e-09 (requested = 1.000000e-08)
PyQUDA INFO: Time = 0.007 secs, Performance = 215.169 GFLOPS
BiCGstab: Convergence at 18 iterations, L2 relative residual: iterated = 5.065004e-09, true = 5.065004e-09 (requested = 1.000000e-08)
PyQUDA INFO: Time = 0.007 secs, Performance = 213.823 GFLOPS
BiCGstab: Convergence at 18 iterations, L2 relative residual: iterated = 9.150962e-09, true = 9.150962e-09 (requested = 1.000000e-08)
PyQUDA INFO: Time = 0.007 secs, Performance = 213.526 GFLOPS
BiCGstab: Convergence at 19 iterations, L2 relative residual: iterated = 3.240474e-09, true = 3.240474e-09 (requested = 1.000000e-08)
PyQUDA INFO: Time = 0.007 secs, Performance = 217.408 GFLOPS
BiCGstab: Convergence at 19 iterations, L2 relative residual: iterated = 5.241130e-09, true = 5.241130e-09 (requested = 1.000000e-08)
PyQUDA INFO: Time = 0.007 secs, Performance = 216.211 GFLOPS
BiCGstab: Convergence at 18 iterations, L2 relative residual: iterated = 5.234237e-09, true = 5.234237e-09 (requested = 1.000000e-08)
PyQUDA INFO: Time = 0.007 secs, Performance = 213.408 GFLOPS
BiCGstab: Convergence at 18 iterations, L2 relative residual: iterated = 5.409802e-09, true = 5.409802e-09 (requested = 1.000000e-08)
PyQUDA INFO: Time = 0.007 secs, Performance = 212.406 GFLOPS
BiCGstab: Convergence at 18 iterations, L2 relative residual: iterated = 4.696288e-09, true = 4.696288e-09 (requested = 1.000000e-08)
PyQUDA INFO: Time = 0.007 secs, Performance = 221.847 GFLOPS
BiCGstab: Convergence at 18 iterations, L2 relative residual: iterated = 5.837120e-09, true = 5.837120e-09 (requested = 1.000000e-08)
PyQUDA INFO: Time = 0.007 secs, Performance = 222.174 GFLOPS
BiCGstab: Convergence at 18 iterations, L2 relative residual: iterated = 7.311864e-09, true = 7.311864e-09 (requested = 1.000000e-08)
PyQUDA INFO: Time = 0.007 secs, Performance = 213.734 GFLOPS
BiCGstab: Convergence at 19 iterations, L2 relative residual: iterated = 3.208230e-09, true = 3.208230e-09 (requested = 1.000000e-08)
PyQUDA INFO: Time = 0.008 secs, Performance = 209.660 GFLOPS
BiCGstab: Convergence at 18 iterations, L2 relative residual: iterated = 7.146958e-09, true = 7.146958e-09 (requested = 1.000000e-08)
>>> Contraction type 1 time: 0.001 seconds
>>> Shift time: 0.002 seconds
>>> Contraction type 1 time: 0.001 seconds
>>> Shift time: 0.002 seconds
>>> Contraction type 1 time: 0.001 seconds
>>> Shift time: 0.002 seconds
>>> Contraction type 1 time: 0.001 seconds
>>> Shift time: 0.002 seconds
>>> Contraction type 1 time: 0.001 seconds
>>> Shift time: 0.002 seconds
>>> Contraction type 1 time: 0.001 seconds
>>> Shift time: 0.002 seconds
>>> Contraction type 1 time: 0.001 seconds
>>> Shift time: 0.002 seconds
>>> Contraction type 1 time: 0.001 seconds
>>> Shift time: 0.002 seconds
PyQUDA INFO: Time = 0.007 secs, Performance = 210.921 GFLOPS
BiCGstab: Convergence at 18 iterations, L2 relative residual: iterated = 8.422139e-09, true = 8.422139e-09 (requested = 1.000000e-08)
PyQUDA INFO: Time = 0.007 secs, Performance = 214.002 GFLOPS
BiCGstab: Convergence at 20 iterations, L2 relative residual: iterated = 9.989163e-09, true = 9.989163e-09 (requested = 1.000000e-08)
PyQUDA INFO: Time = 0.008 secs, Performance = 220.771 GFLOPS
BiCGstab: Convergence at 19 iterations, L2 relative residual: iterated = 2.066522e-09, true = 2.066522e-09 (requested = 1.000000e-08)
PyQUDA INFO: Time = 0.007 secs, Performance = 216.414 GFLOPS
BiCGstab: Convergence at 19 iterations, L2 relative residual: iterated = 7.018251e-09, true = 7.018251e-09 (requested = 1.000000e-08)
PyQUDA INFO: Time = 0.007 secs, Performance = 225.858 GFLOPS
BiCGstab: Convergence at 19 iterations, L2 relative residual: iterated = 2.080758e-09, true = 2.080758e-09 (requested = 1.000000e-08)
PyQUDA INFO: Time = 0.007 secs, Performance = 217.291 GFLOPS
BiCGstab: Convergence at 18 iterations, L2 relative residual: iterated = 6.459653e-09, true = 6.459653e-09 (requested = 1.000000e-08)
PyQUDA INFO: Time = 0.008 secs, Performance = 205.799 GFLOPS
BiCGstab: Convergence at 18 iterations, L2 relative residual: iterated = 7.396192e-09, true = 7.396192e-09 (requested = 1.000000e-08)
PyQUDA INFO: Time = 0.007 secs, Performance = 223.063 GFLOPS
BiCGstab: Convergence at 18 iterations, L2 relative residual: iterated = 5.226987e-09, true = 5.226987e-09 (requested = 1.000000e-08)
PyQUDA INFO: Time = 0.007 secs, Performance = 213.083 GFLOPS
BiCGstab: Convergence at 19 iterations, L2 relative residual: iterated = 6.150377e-09, true = 6.150377e-09 (requested = 1.000000e-08)
PyQUDA INFO: Time = 0.007 secs, Performance = 217.174 GFLOPS
BiCGstab: Convergence at 21 iterations, L2 relative residual: iterated = 3.089411e-10, true = 3.089411e-10 (requested = 1.000000e-08)
PyQUDA INFO: Time = 0.007 secs, Performance = 233.095 GFLOPS
BiCGstab: Convergence at 19 iterations, L2 relative residual: iterated = 4.367233e-09, true = 4.367233e-09 (requested = 1.000000e-08)
PyQUDA INFO: Time = 0.007 secs, Performance = 225.277 GFLOPS
BiCGstab: Convergence at 18 iterations, L2 relative residual: iterated = 6.676439e-09, true = 6.676439e-09 (requested = 1.000000e-08)
PyQUDA INFO: Time = 0.007 secs, Performance = 208.633 GFLOPS
BiCGstab: Convergence at 18 iterations, L2 relative residual: iterated = 7.443045e-09, true = 7.443045e-09 (requested = 1.000000e-08)
PyQUDA INFO: Time = 0.007 secs, Performance = 212.817 GFLOPS
BiCGstab: Convergence at 18 iterations, L2 relative residual: iterated = 8.459138e-09, true = 8.459138e-09 (requested = 1.000000e-08)
PyQUDA INFO: Time = 0.007 secs, Performance = 212.729 GFLOPS
BiCGstab: Convergence at 19 iterations, L2 relative residual: iterated = 4.307232e-09, true = 4.307232e-09 (requested = 1.000000e-08)
PyQUDA INFO: Time = 0.007 secs, Performance = 216.998 GFLOPS
BiCGstab: Convergence at 18 iterations, L2 relative residual: iterated = 4.754217e-09, true = 4.754217e-09 (requested = 1.000000e-08)
PyQUDA INFO: Time = 0.007 secs, Performance = 212.201 GFLOPS
BiCGstab: Convergence at 18 iterations, L2 relative residual: iterated = 6.199132e-09, true = 6.199132e-09 (requested = 1.000000e-08)
PyQUDA INFO: Time = 0.007 secs, Performance = 213.408 GFLOPS
BiCGstab: Convergence at 18 iterations, L2 relative residual: iterated = 3.484641e-09, true = 3.484641e-09 (requested = 1.000000e-08)
PyQUDA INFO: Time = 0.007 secs, Performance = 214.479 GFLOPS
BiCGstab: Convergence at 18 iterations, L2 relative residual: iterated = 5.622270e-09, true = 5.622270e-09 (requested = 1.000000e-08)
PyQUDA INFO: Time = 0.007 secs, Performance = 213.053 GFLOPS
BiCGstab: Convergence at 18 iterations, L2 relative residual: iterated = 9.347941e-09, true = 9.347941e-09 (requested = 1.000000e-08)
PyQUDA INFO: Time = 0.008 secs, Performance = 206.014 GFLOPS
BiCGstab: Convergence at 18 iterations, L2 relative residual: iterated = 4.246377e-09, true = 4.246377e-09 (requested = 1.000000e-08)
PyQUDA INFO: Time = 0.007 secs, Performance = 212.289 GFLOPS
BiCGstab: Convergence at 18 iterations, L2 relative residual: iterated = 3.863814e-09, true = 3.863814e-09 (requested = 1.000000e-08)
PyQUDA INFO: Time = 0.008 secs, Performance = 205.530 GFLOPS
BiCGstab: Convergence at 18 iterations, L2 relative residual: iterated = 5.810813e-09, true = 5.810813e-09 (requested = 1.000000e-08)
PyQUDA INFO: Time = 0.007 secs, Performance = 213.438 GFLOPS
BiCGstab: Convergence at 18 iterations, L2 relative residual: iterated = 8.112866e-09, true = 8.112866e-09 (requested = 1.000000e-08)
>>> Contraction type 1 time: 0.001 seconds
>>> Shift time: 0.002 seconds
>>> Contraction type 1 time: 0.001 seconds
>>> Shift time: 0.002 seconds
>>> Contraction type 1 time: 0.001 seconds
>>> Shift time: 0.002 seconds
>>> Contraction type 1 time: 0.001 seconds
>>> Shift time: 0.002 seconds
>>> Contraction type 1 time: 0.001 seconds
>>> Shift time: 0.002 seconds
>>> Contraction type 1 time: 0.001 seconds
>>> Shift time: 0.002 seconds
>>> Contraction type 1 time: 0.001 seconds
>>> Shift time: 0.002 seconds
>>> Contraction type 1 time: 0.001 seconds
>>> Shift time: 0.002 seconds
PyQUDA INFO: Time = 0.007 secs, Performance = 218.466 GFLOPS
BiCGstab: Convergence at 19 iterations, L2 relative residual: iterated = 3.101365e-09, true = 3.101365e-09 (requested = 1.000000e-08)
PyQUDA INFO: Time = 0.007 secs, Performance = 225.535 GFLOPS
BiCGstab: Convergence at 18 iterations, L2 relative residual: iterated = 5.325331e-09, true = 5.325331e-09 (requested = 1.000000e-08)
PyQUDA INFO: Time = 0.007 secs, Performance = 213.526 GFLOPS
BiCGstab: Convergence at 18 iterations, L2 relative residual: iterated = 8.508578e-09, true = 8.508578e-09 (requested = 1.000000e-08)
PyQUDA INFO: Time = 0.007 secs, Performance = 221.912 GFLOPS
BiCGstab: Convergence at 20 iterations, L2 relative residual: iterated = 2.023908e-09, true = 2.023908e-09 (requested = 1.000000e-08)
PyQUDA INFO: Time = 0.007 secs, Performance = 229.751 GFLOPS
BiCGstab: Convergence at 18 iterations, L2 relative residual: iterated = 4.018175e-09, true = 4.018175e-09 (requested = 1.000000e-08)
PyQUDA INFO: Time = 0.007 secs, Performance = 213.438 GFLOPS
BiCGstab: Convergence at 18 iterations, L2 relative residual: iterated = 6.604255e-09, true = 6.604255e-09 (requested = 1.000000e-08)
PyQUDA INFO: Time = 0.007 secs, Performance = 215.350 GFLOPS
BiCGstab: Convergence at 18 iterations, L2 relative residual: iterated = 7.995627e-09, true = 7.995627e-09 (requested = 1.000000e-08)
PyQUDA INFO: Time = 0.007 secs, Performance = 222.010 GFLOPS
BiCGstab: Convergence at 18 iterations, L2 relative residual: iterated = 7.036419e-09, true = 7.036419e-09 (requested = 1.000000e-08)
PyQUDA INFO: Time = 0.007 secs, Performance = 213.171 GFLOPS
BiCGstab: Convergence at 18 iterations, L2 relative residual: iterated = 3.749788e-09, true = 3.749788e-09 (requested = 1.000000e-08)
PyQUDA INFO: Time = 0.007 secs, Performance = 222.240 GFLOPS
BiCGstab: Convergence at 19 iterations, L2 relative residual: iterated = 6.417080e-09, true = 6.417080e-09 (requested = 1.000000e-08)
PyQUDA INFO: Time = 0.007 secs, Performance = 225.084 GFLOPS
BiCGstab: Convergence at 19 iterations, L2 relative residual: iterated = 2.297591e-09, true = 2.297591e-09 (requested = 1.000000e-08)
PyQUDA INFO: Time = 0.007 secs, Performance = 217.291 GFLOPS
BiCGstab: Convergence at 18 iterations, L2 relative residual: iterated = 9.034227e-09, true = 9.034227e-09 (requested = 1.000000e-08)
PyQUDA INFO: Time = 0.245 secs, Performance = 6.270 GFLOPS
BiCGstab: Convergence at 18 iterations, L2 relative residual: iterated = 7.280002e-09, true = 7.280002e-09 (requested = 1.000000e-08)
PyQUDA INFO: Time = 0.007 secs, Performance = 214.449 GFLOPS
BiCGstab: Convergence at 19 iterations, L2 relative residual: iterated = 7.659903e-09, true = 7.659903e-09 (requested = 1.000000e-08)
PyQUDA INFO: Time = 0.007 secs, Performance = 226.085 GFLOPS
BiCGstab: Convergence at 18 iterations, L2 relative residual: iterated = 5.236194e-09, true = 5.236194e-09 (requested = 1.000000e-08)
PyQUDA INFO: Time = 0.007 secs, Performance = 213.083 GFLOPS
BiCGstab: Convergence at 19 iterations, L2 relative residual: iterated = 6.380588e-09, true = 6.380588e-09 (requested = 1.000000e-08)
PyQUDA INFO: Time = 0.007 secs, Performance = 225.955 GFLOPS
BiCGstab: Convergence at 19 iterations, L2 relative residual: iterated = 3.258312e-09, true = 3.258312e-09 (requested = 1.000000e-08)
PyQUDA INFO: Time = 0.007 secs, Performance = 217.057 GFLOPS
BiCGstab: Convergence at 18 iterations, L2 relative residual: iterated = 7.703237e-09, true = 7.703237e-09 (requested = 1.000000e-08)
PyQUDA INFO: Time = 0.007 secs, Performance = 212.670 GFLOPS
BiCGstab: Convergence at 19 iterations, L2 relative residual: iterated = 6.055497e-09, true = 6.055497e-09 (requested = 1.000000e-08)
PyQUDA INFO: Time = 0.007 secs, Performance = 217.291 GFLOPS
BiCGstab: Convergence at 18 iterations, L2 relative residual: iterated = 4.765086e-09, true = 4.765086e-09 (requested = 1.000000e-08)
PyQUDA INFO: Time = 0.007 secs, Performance = 213.112 GFLOPS
BiCGstab: Convergence at 18 iterations, L2 relative residual: iterated = 6.198988e-09, true = 6.198988e-09 (requested = 1.000000e-08)
PyQUDA INFO: Time = 0.007 secs, Performance = 213.349 GFLOPS
BiCGstab: Convergence at 18 iterations, L2 relative residual: iterated = 7.820976e-09, true = 7.820976e-09 (requested = 1.000000e-08)
PyQUDA INFO: Time = 0.007 secs, Performance = 214.359 GFLOPS
BiCGstab: Convergence at 18 iterations, L2 relative residual: iterated = 4.454162e-09, true = 4.454162e-09 (requested = 1.000000e-08)
PyQUDA INFO: Time = 0.007 secs, Performance = 221.292 GFLOPS
BiCGstab: Convergence at 19 iterations, L2 relative residual: iterated = 4.526498e-09, true = 4.526498e-09 (requested = 1.000000e-08)
>>> Contraction type 1 time: 0.001 seconds
>>> Shift time: 0.002 seconds
>>> Contraction type 1 time: 0.001 seconds
>>> Shift time: 0.002 seconds
>>> Contraction type 1 time: 0.001 seconds
>>> Shift time: 0.002 seconds
>>> Contraction type 1 time: 0.001 seconds
>>> Shift time: 0.002 seconds
>>> Contraction type 1 time: 0.001 seconds
>>> Shift time: 0.002 seconds
>>> Contraction type 1 time: 0.001 seconds
>>> Shift time: 0.002 seconds
>>> Contraction type 1 time: 0.001 seconds
>>> Shift time: 0.002 seconds
>>> Contraction type 1 time: 0.001 seconds
>>> Shift time: 0.002 seconds
PyQUDA INFO: Time = 0.007 secs, Performance = 221.883 GFLOPS
BiCGstab: Convergence at 18 iterations, L2 relative residual: iterated = 4.433477e-09, true = 4.433477e-09 (requested = 1.000000e-08)
PyQUDA INFO: Time = 0.007 secs, Performance = 214.270 GFLOPS
BiCGstab: Convergence at 18 iterations, L2 relative residual: iterated = 8.849382e-09, true = 8.849382e-09 (requested = 1.000000e-08)
PyQUDA INFO: Time = 0.007 secs, Performance = 213.230 GFLOPS
BiCGstab: Convergence at 18 iterations, L2 relative residual: iterated = 5.782139e-09, true = 5.782139e-09 (requested = 1.000000e-08)
PyQUDA INFO: Time = 0.007 secs, Performance = 213.675 GFLOPS
BiCGstab: Convergence at 18 iterations, L2 relative residual: iterated = 8.263506e-09, true = 8.263506e-09 (requested = 1.000000e-08)
PyQUDA INFO: Time = 0.008 secs, Performance = 205.664 GFLOPS
BiCGstab: Convergence at 18 iterations, L2 relative residual: iterated = 5.639745e-09, true = 5.639745e-09 (requested = 1.000000e-08)
PyQUDA INFO: Time = 0.007 secs, Performance = 221.749 GFLOPS
BiCGstab: Convergence at 18 iterations, L2 relative residual: iterated = 4.727430e-09, true = 4.727430e-09 (requested = 1.000000e-08)
PyQUDA INFO: Time = 0.008 secs, Performance = 206.177 GFLOPS
BiCGstab: Convergence at 18 iterations, L2 relative residual: iterated = 7.066488e-09, true = 7.066488e-09 (requested = 1.000000e-08)
PyQUDA INFO: Time = 0.007 secs, Performance = 222.832 GFLOPS
BiCGstab: Convergence at 19 iterations, L2 relative residual: iterated = 7.620638e-09, true = 7.620638e-09 (requested = 1.000000e-08)
PyQUDA INFO: Time = 0.007 secs, Performance = 217.467 GFLOPS
BiCGstab: Convergence at 20 iterations, L2 relative residual: iterated = 1.011198e-09, true = 1.011198e-09 (requested = 1.000000e-08)
PyQUDA INFO: Time = 0.008 secs, Performance = 220.829 GFLOPS
BiCGstab: Convergence at 20 iterations, L2 relative residual: iterated = 2.268304e-09, true = 2.268304e-09 (requested = 1.000000e-08)
PyQUDA INFO: Time = 0.007 secs, Performance = 228.793 GFLOPS
BiCGstab: Convergence at 18 iterations, L2 relative residual: iterated = 7.462046e-09, true = 7.462046e-09 (requested = 1.000000e-08)
PyQUDA INFO: Time = 0.007 secs, Performance = 213.438 GFLOPS
BiCGstab: Convergence at 18 iterations, L2 relative residual: iterated = 4.341791e-09, true = 4.341791e-09 (requested = 1.000000e-08)
PyQUDA INFO: Time = 0.245 secs, Performance = 6.272 GFLOPS
BiCGstab: Convergence at 18 iterations, L2 relative residual: iterated = 4.348713e-09, true = 4.348713e-09 (requested = 1.000000e-08)
PyQUDA INFO: Time = 0.007 secs, Performance = 223.726 GFLOPS
BiCGstab: Convergence at 19 iterations, L2 relative residual: iterated = 6.172838e-09, true = 6.172838e-09 (requested = 1.000000e-08)
PyQUDA INFO: Time = 0.007 secs, Performance = 216.647 GFLOPS
BiCGstab: Convergence at 20 iterations, L2 relative residual: iterated = 7.006658e-10, true = 7.006658e-10 (requested = 1.000000e-08)
PyQUDA INFO: Time = 0.008 secs, Performance = 220.945 GFLOPS
BiCGstab: Convergence at 20 iterations, L2 relative residual: iterated = 1.469743e-09, true = 1.469743e-09 (requested = 1.000000e-08)
PyQUDA INFO: Time = 0.008 secs, Performance = 219.243 GFLOPS
BiCGstab: Convergence at 18 iterations, L2 relative residual: iterated = 8.129940e-09, true = 8.129940e-09 (requested = 1.000000e-08)
PyQUDA INFO: Time = 0.007 secs, Performance = 213.230 GFLOPS
BiCGstab: Convergence at 19 iterations, L2 relative residual: iterated = 1.844376e-09, true = 1.844376e-09 (requested = 1.000000e-08)
PyQUDA INFO: Time = 0.007 secs, Performance = 217.086 GFLOPS
BiCGstab: Convergence at 18 iterations, L2 relative residual: iterated = 5.405462e-09, true = 5.405462e-09 (requested = 1.000000e-08)
PyQUDA INFO: Time = 0.007 secs, Performance = 221.945 GFLOPS
BiCGstab: Convergence at 19 iterations, L2 relative residual: iterated = 3.338890e-09, true = 3.338890e-09 (requested = 1.000000e-08)
PyQUDA INFO: Time = 0.007 secs, Performance = 217.086 GFLOPS
BiCGstab: Convergence at 19 iterations, L2 relative residual: iterated = 2.490132e-09, true = 2.490132e-09 (requested = 1.000000e-08)
PyQUDA INFO: Time = 0.007 secs, Performance = 218.175 GFLOPS
BiCGstab: Convergence at 18 iterations, L2 relative residual: iterated = 6.749432e-09, true = 6.749432e-09 (requested = 1.000000e-08)
PyQUDA INFO: Time = 0.007 secs, Performance = 213.556 GFLOPS
BiCGstab: Convergence at 19 iterations, L2 relative residual: iterated = 2.725280e-09, true = 2.725280e-09 (requested = 1.000000e-08)
PyQUDA INFO: Time = 0.007 secs, Performance = 216.647 GFLOPS
BiCGstab: Convergence at 19 iterations, L2 relative residual: iterated = 6.841723e-09, true = 6.841723e-09 (requested = 1.000000e-08)
>>> Contraction type 1 time: 0.001 seconds
>>> Shift time: 0.002 seconds
>>> Contraction type 1 time: 0.001 seconds
>>> Shift time: 0.002 seconds
>>> Contraction type 1 time: 0.001 seconds
>>> Shift time: 0.002 seconds
>>> Contraction type 1 time: 0.001 seconds
>>> Shift time: 0.002 seconds
>>> Contraction type 1 time: 0.001 seconds
>>> Shift time: 0.002 seconds
>>> Contraction type 1 time: 0.001 seconds
>>> Shift time: 0.002 seconds
>>> Contraction type 1 time: 0.001 seconds
>>> Shift time: 0.002 seconds
>>> Contraction type 1 time: 0.001 seconds
>>> Shift time: 0.002 seconds
PyQUDA INFO: Time = 0.008 secs, Performance = 206.809 GFLOPS
BiCGstab: Convergence at 19 iterations, L2 relative residual: iterated = 8.622093e-09, true = 8.622093e-09 (requested = 1.000000e-08)
PyQUDA INFO: Time = 0.007 secs, Performance = 217.585 GFLOPS
BiCGstab: Convergence at 18 iterations, L2 relative residual: iterated = 8.894904e-09, true = 8.894904e-09 (requested = 1.000000e-08)
PyQUDA INFO: Time = 0.007 secs, Performance = 221.847 GFLOPS
BiCGstab: Convergence at 18 iterations, L2 relative residual: iterated = 5.660248e-09, true = 5.660248e-09 (requested = 1.000000e-08)
PyQUDA INFO: Time = 0.007 secs, Performance = 213.764 GFLOPS
BiCGstab: Convergence at 18 iterations, L2 relative residual: iterated = 5.132907e-09, true = 5.132907e-09 (requested = 1.000000e-08)
PyQUDA INFO: Time = 0.007 secs, Performance = 222.306 GFLOPS
BiCGstab: Convergence at 18 iterations, L2 relative residual: iterated = 5.744803e-09, true = 5.744803e-09 (requested = 1.000000e-08)
PyQUDA INFO: Time = 0.007 secs, Performance = 214.121 GFLOPS
BiCGstab: Convergence at 18 iterations, L2 relative residual: iterated = 6.004312e-09, true = 6.004312e-09 (requested = 1.000000e-08)
PyQUDA INFO: Time = 0.007 secs, Performance = 213.764 GFLOPS
BiCGstab: Convergence at 18 iterations, L2 relative residual: iterated = 3.998630e-09, true = 3.998630e-09 (requested = 1.000000e-08)
PyQUDA INFO: Time = 0.007 secs, Performance = 213.526 GFLOPS
BiCGstab: Convergence at 18 iterations, L2 relative residual: iterated = 7.948408e-09, true = 7.948408e-09 (requested = 1.000000e-08)
PyQUDA INFO: Time = 0.007 secs, Performance = 211.792 GFLOPS
BiCGstab: Convergence at 18 iterations, L2 relative residual: iterated = 4.390375e-09, true = 4.390375e-09 (requested = 1.000000e-08)
PyQUDA INFO: Time = 0.007 secs, Performance = 222.470 GFLOPS
BiCGstab: Convergence at 18 iterations, L2 relative residual: iterated = 4.750591e-09, true = 4.750591e-09 (requested = 1.000000e-08)
PyQUDA INFO: Time = 0.007 secs, Performance = 213.171 GFLOPS
BiCGstab: Convergence at 18 iterations, L2 relative residual: iterated = 4.113890e-09, true = 4.113890e-09 (requested = 1.000000e-08)
PyQUDA INFO: Time = 0.007 secs, Performance = 222.667 GFLOPS
BiCGstab: Convergence at 18 iterations, L2 relative residual: iterated = 5.898292e-09, true = 5.898292e-09 (requested = 1.000000e-08)
PyQUDA INFO: Time = 0.246 secs, Performance = 6.262 GFLOPS
BiCGstab: Convergence at 18 iterations, L2 relative residual: iterated = 5.269805e-09, true = 5.269805e-09 (requested = 1.000000e-08)
PyQUDA INFO: Time = 0.007 secs, Performance = 214.629 GFLOPS
BiCGstab: Convergence at 19 iterations, L2 relative residual: iterated = 1.689615e-09, true = 1.689615e-09 (requested = 1.000000e-08)
PyQUDA INFO: Time = 0.008 secs, Performance = 209.446 GFLOPS
BiCGstab: Convergence at 19 iterations, L2 relative residual: iterated = 2.095544e-09, true = 2.095544e-09 (requested = 1.000000e-08)
PyQUDA INFO: Time = 0.007 secs, Performance = 216.327 GFLOPS
BiCGstab: Convergence at 19 iterations, L2 relative residual: iterated = 4.428036e-09, true = 4.428036e-09 (requested = 1.000000e-08)
PyQUDA INFO: Time = 0.008 secs, Performance = 209.982 GFLOPS
BiCGstab: Convergence at 18 iterations, L2 relative residual: iterated = 6.304253e-09, true = 6.304253e-09 (requested = 1.000000e-08)
PyQUDA INFO: Time = 0.007 secs, Performance = 214.270 GFLOPS
BiCGstab: Convergence at 18 iterations, L2 relative residual: iterated = 8.837022e-09, true = 8.837022e-09 (requested = 1.000000e-08)
PyQUDA INFO: Time = 0.007 secs, Performance = 213.645 GFLOPS
BiCGstab: Convergence at 18 iterations, L2 relative residual: iterated = 4.048964e-09, true = 4.048964e-09 (requested = 1.000000e-08)
PyQUDA INFO: Time = 0.007 secs, Performance = 213.586 GFLOPS
BiCGstab: Convergence at 19 iterations, L2 relative residual: iterated = 2.857419e-09, true = 2.857419e-09 (requested = 1.000000e-08)
PyQUDA INFO: Time = 0.007 secs, Performance = 217.291 GFLOPS
BiCGstab: Convergence at 19 iterations, L2 relative residual: iterated = 4.939824e-09, true = 4.939824e-09 (requested = 1.000000e-08)
PyQUDA INFO: Time = 0.007 secs, Performance = 216.793 GFLOPS
BiCGstab: Convergence at 18 iterations, L2 relative residual: iterated = 9.099482e-09, true = 9.099482e-09 (requested = 1.000000e-08)
PyQUDA INFO: Time = 0.007 secs, Performance = 213.171 GFLOPS
BiCGstab: Convergence at 18 iterations, L2 relative residual: iterated = 4.078881e-09, true = 4.078881e-09 (requested = 1.000000e-08)
PyQUDA INFO: Time = 0.007 secs, Performance = 214.091 GFLOPS
BiCGstab: Convergence at 18 iterations, L2 relative residual: iterated = 4.226832e-09, true = 4.226832e-09 (requested = 1.000000e-08)
>>> Contraction type 1 time: 0.001 seconds
>>> Shift time: 0.002 seconds
>>> Contraction type 1 time: 0.001 seconds
>>> Shift time: 0.002 seconds
>>> Contraction type 1 time: 0.001 seconds
>>> Shift time: 0.002 seconds
>>> Contraction type 1 time: 0.001 seconds
>>> Shift time: 0.002 seconds
>>> Contraction type 1 time: 0.001 seconds
>>> Shift time: 0.002 seconds
>>> Contraction type 1 time: 0.001 seconds
>>> Shift time: 0.002 seconds
>>> Contraction type 1 time: 0.001 seconds
>>> Shift time: 0.002 seconds
>>> Contraction type 1 time: 0.001 seconds
>>> Shift time: 0.002 seconds
PyQUDA INFO: Time = 0.007 secs, Performance = 210.921 GFLOPS
BiCGstab: Convergence at 18 iterations, L2 relative residual: iterated = 8.166264e-09, true = 8.166264e-09 (requested = 1.000000e-08)
PyQUDA INFO: Time = 0.007 secs, Performance = 214.300 GFLOPS
BiCGstab: Convergence at 19 iterations, L2 relative residual: iterated = 2.241234e-09, true = 2.241234e-09 (requested = 1.000000e-08)
PyQUDA INFO: Time = 0.007 secs, Performance = 217.350 GFLOPS
BiCGstab: Convergence at 18 iterations, L2 relative residual: iterated = 5.267875e-09, true = 5.267875e-09 (requested = 1.000000e-08)
PyQUDA INFO: Time = 0.007 secs, Performance = 221.912 GFLOPS
BiCGstab: Convergence at 18 iterations, L2 relative residual: iterated = 3.880331e-09, true = 3.880331e-09 (requested = 1.000000e-08)
PyQUDA INFO: Time = 0.007 secs, Performance = 213.142 GFLOPS
BiCGstab: Convergence at 18 iterations, L2 relative residual: iterated = 5.361428e-09, true = 5.361428e-09 (requested = 1.000000e-08)
PyQUDA INFO: Time = 0.007 secs, Performance = 213.645 GFLOPS
BiCGstab: Convergence at 19 iterations, L2 relative residual: iterated = 4.464107e-09, true = 4.464107e-09 (requested = 1.000000e-08)
PyQUDA INFO: Time = 0.007 secs, Performance = 216.735 GFLOPS
BiCGstab: Convergence at 18 iterations, L2 relative residual: iterated = 4.041390e-09, true = 4.041390e-09 (requested = 1.000000e-08)
PyQUDA INFO: Time = 0.007 secs, Performance = 213.408 GFLOPS
BiCGstab: Convergence at 19 iterations, L2 relative residual: iterated = 3.575128e-09, true = 3.575128e-09 (requested = 1.000000e-08)
PyQUDA INFO: Time = 0.008 secs, Performance = 209.928 GFLOPS
BiCGstab: Convergence at 18 iterations, L2 relative residual: iterated = 5.121821e-09, true = 5.121821e-09 (requested = 1.000000e-08)
PyQUDA INFO: Time = 0.007 secs, Performance = 212.788 GFLOPS
BiCGstab: Convergence at 18 iterations, L2 relative residual: iterated = 6.923800e-09, true = 6.923800e-09 (requested = 1.000000e-08)
PyQUDA INFO: Time = 0.007 secs, Performance = 221.488 GFLOPS
BiCGstab: Convergence at 18 iterations, L2 relative residual: iterated = 6.847286e-09, true = 6.847286e-09 (requested = 1.000000e-08)
PyQUDA INFO: Time = 0.007 secs, Performance = 212.347 GFLOPS
BiCGstab: Convergence at 18 iterations, L2 relative residual: iterated = 5.299864e-09, true = 5.299864e-09 (requested = 1.000000e-08)
PyQUDA INFO: Time = 0.007 secs, Performance = 214.849 GFLOPS
BiCGstab: Convergence at 18 iterations, L2 relative residual: iterated = 4.600585e-09, true = 4.600585e-09 (requested = 1.000000e-08)
PyQUDA INFO: Time = 0.007 secs, Performance = 211.617 GFLOPS
BiCGstab: Convergence at 18 iterations, L2 relative residual: iterated = 8.825698e-09, true = 8.825698e-09 (requested = 1.000000e-08)
PyQUDA INFO: Time = 0.007 secs, Performance = 221.814 GFLOPS
BiCGstab: Convergence at 18 iterations, L2 relative residual: iterated = 8.956924e-09, true = 8.956924e-09 (requested = 1.000000e-08)
PyQUDA INFO: Time = 0.007 secs, Performance = 213.734 GFLOPS
BiCGstab: Convergence at 18 iterations, L2 relative residual: iterated = 3.863787e-09, true = 3.863787e-09 (requested = 1.000000e-08)
PyQUDA INFO: Time = 0.007 secs, Performance = 221.390 GFLOPS
BiCGstab: Convergence at 19 iterations, L2 relative residual: iterated = 5.098545e-09, true = 5.098545e-09 (requested = 1.000000e-08)
PyQUDA INFO: Time = 0.007 secs, Performance = 225.794 GFLOPS
BiCGstab: Convergence at 17 iterations, L2 relative residual: iterated = 9.952617e-09, true = 9.952617e-09 (requested = 1.000000e-08)
PyQUDA INFO: Time = 0.007 secs, Performance = 215.199 GFLOPS
BiCGstab: Convergence at 19 iterations, L2 relative residual: iterated = 3.370183e-09, true = 3.370183e-09 (requested = 1.000000e-08)
PyQUDA INFO: Time = 0.007 secs, Performance = 231.092 GFLOPS
BiCGstab: Convergence at 19 iterations, L2 relative residual: iterated = 2.601242e-09, true = 2.601242e-09 (requested = 1.000000e-08)
PyQUDA INFO: Time = 0.007 secs, Performance = 222.581 GFLOPS
BiCGstab: Convergence at 18 iterations, L2 relative residual: iterated = 4.803694e-09, true = 4.803694e-09 (requested = 1.000000e-08)
PyQUDA INFO: Time = 0.007 secs, Performance = 213.615 GFLOPS
BiCGstab: Convergence at 18 iterations, L2 relative residual: iterated = 7.927732e-09, true = 7.927732e-09 (requested = 1.000000e-08)
PyQUDA INFO: Time = 0.007 secs, Performance = 222.437 GFLOPS
BiCGstab: Convergence at 18 iterations, L2 relative residual: iterated = 5.870833e-09, true = 5.870833e-09 (requested = 1.000000e-08)
PyQUDA INFO: Time = 0.007 secs, Performance = 220.903 GFLOPS
BiCGstab: Convergence at 18 iterations, L2 relative residual: iterated = 4.113835e-09, true = 4.113835e-09 (requested = 1.000000e-08)
>>> Contraction type 1 time: 0.001 seconds
>>> Shift time: 0.002 seconds
>>> Contraction type 1 time: 0.001 seconds
>>> Shift time: 0.002 seconds
>>> Contraction type 1 time: 0.001 seconds
>>> Shift time: 0.002 seconds
>>> Contraction type 1 time: 0.001 seconds
>>> Shift time: 0.002 seconds
>>> Contraction type 1 time: 0.001 seconds
>>> Shift time: 0.002 seconds
>>> Contraction type 1 time: 0.001 seconds
>>> Shift time: 0.002 seconds
>>> Contraction type 1 time: 0.001 seconds
>>> Shift time: 0.002 seconds
>>> Contraction type 1 time: 0.001 seconds
>>> Shift time: 0.002 seconds
PyQUDA INFO: Time = 0.007 secs, Performance = 219.038 GFLOPS
BiCGstab: Convergence at 18 iterations, L2 relative residual: iterated = 3.901727e-09, true = 3.901727e-09 (requested = 1.000000e-08)
PyQUDA INFO: Time = 0.007 secs, Performance = 214.359 GFLOPS
BiCGstab: Convergence at 19 iterations, L2 relative residual: iterated = 2.423166e-09, true = 2.423166e-09 (requested = 1.000000e-08)
PyQUDA INFO: Time = 0.007 secs, Performance = 217.703 GFLOPS
BiCGstab: Convergence at 21 iterations, L2 relative residual: iterated = 1.535911e-09, true = 1.535911e-09 (requested = 1.000000e-08)
PyQUDA INFO: Time = 0.008 secs, Performance = 222.220 GFLOPS
BiCGstab: Convergence at 18 iterations, L2 relative residual: iterated = 5.075838e-09, true = 5.075838e-09 (requested = 1.000000e-08)
PyQUDA INFO: Time = 0.008 secs, Performance = 206.123 GFLOPS
BiCGstab: Convergence at 19 iterations, L2 relative residual: iterated = 9.430866e-09, true = 9.430866e-09 (requested = 1.000000e-08)
PyQUDA INFO: Time = 0.007 secs, Performance = 216.414 GFLOPS
BiCGstab: Convergence at 18 iterations, L2 relative residual: iterated = 4.257741e-09, true = 4.257741e-09 (requested = 1.000000e-08)
PyQUDA INFO: Time = 0.007 secs, Performance = 220.805 GFLOPS
BiCGstab: Convergence at 19 iterations, L2 relative residual: iterated = 2.053247e-09, true = 2.053247e-09 (requested = 1.000000e-08)
PyQUDA INFO: Time = 0.008 secs, Performance = 209.233 GFLOPS
BiCGstab: Convergence at 19 iterations, L2 relative residual: iterated = 2.910532e-09, true = 2.910532e-09 (requested = 1.000000e-08)
PyQUDA INFO: Time = 0.007 secs, Performance = 217.291 GFLOPS
BiCGstab: Convergence at 19 iterations, L2 relative residual: iterated = 2.870056e-09, true = 2.870056e-09 (requested = 1.000000e-08)
PyQUDA INFO: Time = 0.007 secs, Performance = 216.298 GFLOPS
BiCGstab: Convergence at 18 iterations, L2 relative residual: iterated = 3.496730e-09, true = 3.496730e-09 (requested = 1.000000e-08)
PyQUDA INFO: Time = 0.007 secs, Performance = 222.306 GFLOPS
BiCGstab: Convergence at 19 iterations, L2 relative residual: iterated = 2.349508e-09, true = 2.349508e-09 (requested = 1.000000e-08)
PyQUDA INFO: Time = 0.007 secs, Performance = 217.320 GFLOPS
BiCGstab: Convergence at 18 iterations, L2 relative residual: iterated = 6.193015e-09, true = 6.193015e-09 (requested = 1.000000e-08)
PyQUDA INFO: Time = 0.246 secs, Performance = 6.260 GFLOPS
BiCGstab: Convergence at 18 iterations, L2 relative residual: iterated = 5.196381e-09, true = 5.196381e-09 (requested = 1.000000e-08)
PyQUDA INFO: Time = 0.007 secs, Performance = 214.688 GFLOPS
BiCGstab: Convergence at 18 iterations, L2 relative residual: iterated = 4.826344e-09, true = 4.826344e-09 (requested = 1.000000e-08)
PyQUDA INFO: Time = 0.007 secs, Performance = 214.210 GFLOPS
BiCGstab: Convergence at 18 iterations, L2 relative residual: iterated = 6.827987e-09, true = 6.827987e-09 (requested = 1.000000e-08)
PyQUDA INFO: Time = 0.007 secs, Performance = 221.683 GFLOPS
BiCGstab: Convergence at 18 iterations, L2 relative residual: iterated = 8.944462e-09, true = 8.944462e-09 (requested = 1.000000e-08)
PyQUDA INFO: Time = 0.007 secs, Performance = 213.260 GFLOPS
BiCGstab: Convergence at 18 iterations, L2 relative residual: iterated = 4.653027e-09, true = 4.653027e-09 (requested = 1.000000e-08)
PyQUDA INFO: Time = 0.007 secs, Performance = 212.377 GFLOPS
BiCGstab: Convergence at 20 iterations, L2 relative residual: iterated = 1.894289e-09, true = 1.894289e-09 (requested = 1.000000e-08)
PyQUDA INFO: Time = 0.007 secs, Performance = 228.857 GFLOPS
BiCGstab: Convergence at 19 iterations, L2 relative residual: iterated = 5.671630e-09, true = 5.671630e-09 (requested = 1.000000e-08)
PyQUDA INFO: Time = 0.007 secs, Performance = 216.793 GFLOPS
BiCGstab: Convergence at 18 iterations, L2 relative residual: iterated = 8.286086e-09, true = 8.286086e-09 (requested = 1.000000e-08)
PyQUDA INFO: Time = 0.007 secs, Performance = 212.670 GFLOPS
BiCGstab: Convergence at 19 iterations, L2 relative residual: iterated = 5.152891e-09, true = 5.152891e-09 (requested = 1.000000e-08)
PyQUDA INFO: Time = 0.007 secs, Performance = 217.585 GFLOPS
BiCGstab: Convergence at 18 iterations, L2 relative residual: iterated = 4.938022e-09, true = 4.938022e-09 (requested = 1.000000e-08)
PyQUDA INFO: Time = 0.007 secs, Performance = 213.024 GFLOPS
BiCGstab: Convergence at 18 iterations, L2 relative residual: iterated = 7.369749e-09, true = 7.369749e-09 (requested = 1.000000e-08)
PyQUDA INFO: Time = 0.007 secs, Performance = 213.764 GFLOPS
BiCGstab: Convergence at 18 iterations, L2 relative residual: iterated = 5.350213e-09, true = 5.350213e-09 (requested = 1.000000e-08)
>>> Contraction type 1 time: 0.001 seconds
>>> Shift time: 0.002 seconds
>>> Contraction type 1 time: 0.001 seconds
>>> Shift time: 0.002 seconds
>>> Contraction type 1 time: 0.001 seconds
>>> Shift time: 0.002 seconds
>>> Contraction type 1 time: 0.001 seconds
>>> Shift time: 0.002 seconds
>>> Contraction type 1 time: 0.001 seconds
>>> Shift time: 0.002 seconds
>>> Contraction type 1 time: 0.001 seconds
>>> Shift time: 0.002 seconds
>>> Contraction type 1 time: 0.001 seconds
>>> Shift time: 0.002 seconds
>>> Contraction type 1 time: 0.001 seconds
>>> Shift time: 0.002 seconds
PyQUDA INFO: Time = 0.007 secs, Performance = 211.298 GFLOPS
BiCGstab: Convergence at 18 iterations, L2 relative residual: iterated = 4.108412e-09, true = 4.108412e-09 (requested = 1.000000e-08)
PyQUDA INFO: Time = 0.007 secs, Performance = 214.002 GFLOPS
BiCGstab: Convergence at 18 iterations, L2 relative residual: iterated = 4.712583e-09, true = 4.712583e-09 (requested = 1.000000e-08)
PyQUDA INFO: Time = 0.007 secs, Performance = 213.556 GFLOPS
BiCGstab: Convergence at 19 iterations, L2 relative residual: iterated = 4.212392e-09, true = 4.212392e-09 (requested = 1.000000e-08)
PyQUDA INFO: Time = 0.007 secs, Performance = 216.706 GFLOPS
BiCGstab: Convergence at 19 iterations, L2 relative residual: iterated = 8.908232e-09, true = 8.908232e-09 (requested = 1.000000e-08)
PyQUDA INFO: Time = 0.007 secs, Performance = 217.350 GFLOPS
BiCGstab: Convergence at 18 iterations, L2 relative residual: iterated = 6.710633e-09, true = 6.710633e-09 (requested = 1.000000e-08)
PyQUDA INFO: Time = 0.007 secs, Performance = 223.196 GFLOPS
BiCGstab: Convergence at 19 iterations, L2 relative residual: iterated = 2.300273e-09, true = 2.300273e-09 (requested = 1.000000e-08)
PyQUDA INFO: Time = 0.007 secs, Performance = 225.567 GFLOPS
BiCGstab: Convergence at 19 iterations, L2 relative residual: iterated = 3.942980e-09, true = 3.942980e-09 (requested = 1.000000e-08)
PyQUDA INFO: Time = 0.007 secs, Performance = 235.761 GFLOPS
BiCGstab: Convergence at 18 iterations, L2 relative residual: iterated = 9.992806e-09, true = 9.992806e-09 (requested = 1.000000e-08)
PyQUDA INFO: Time = 0.007 secs, Performance = 214.002 GFLOPS
BiCGstab: Convergence at 19 iterations, L2 relative residual: iterated = 2.708184e-09, true = 2.708184e-09 (requested = 1.000000e-08)
PyQUDA INFO: Time = 0.007 secs, Performance = 217.086 GFLOPS
BiCGstab: Convergence at 19 iterations, L2 relative residual: iterated = 1.398618e-09, true = 1.398618e-09 (requested = 1.000000e-08)
PyQUDA INFO: Time = 0.007 secs, Performance = 217.057 GFLOPS
BiCGstab: Convergence at 17 iterations, L2 relative residual: iterated = 8.579135e-09, true = 8.579135e-09 (requested = 1.000000e-08)
PyQUDA INFO: Time = 0.007 secs, Performance = 209.457 GFLOPS
BiCGstab: Convergence at 19 iterations, L2 relative residual: iterated = 3.870962e-09, true = 3.870962e-09 (requested = 1.000000e-08)
PyQUDA INFO: Time = 0.246 secs, Performance = 6.544 GFLOPS
BiCGstab: Convergence at 18 iterations, L2 relative residual: iterated = 6.007318e-09, true = 6.007318e-09 (requested = 1.000000e-08)
PyQUDA INFO: Time = 0.007 secs, Performance = 215.049 GFLOPS
BiCGstab: Convergence at 19 iterations, L2 relative residual: iterated = 8.596445e-09, true = 8.596445e-09 (requested = 1.000000e-08)
PyQUDA INFO: Time = 0.007 secs, Performance = 216.706 GFLOPS
BiCGstab: Convergence at 19 iterations, L2 relative residual: iterated = 5.711269e-09, true = 5.711269e-09 (requested = 1.000000e-08)
PyQUDA INFO: Time = 0.007 secs, Performance = 217.968 GFLOPS
BiCGstab: Convergence at 18 iterations, L2 relative residual: iterated = 6.247071e-09, true = 6.247071e-09 (requested = 1.000000e-08)
PyQUDA INFO: Time = 0.007 secs, Performance = 212.289 GFLOPS
BiCGstab: Convergence at 19 iterations, L2 relative residual: iterated = 8.317941e-09, true = 8.317941e-09 (requested = 1.000000e-08)
PyQUDA INFO: Time = 0.007 secs, Performance = 217.791 GFLOPS
BiCGstab: Convergence at 19 iterations, L2 relative residual: iterated = 4.110750e-09, true = 4.110750e-09 (requested = 1.000000e-08)
PyQUDA INFO: Time = 0.007 secs, Performance = 216.823 GFLOPS
BiCGstab: Convergence at 19 iterations, L2 relative residual: iterated = 2.806231e-09, true = 2.806231e-09 (requested = 1.000000e-08)
PyQUDA INFO: Time = 0.007 secs, Performance = 216.560 GFLOPS
BiCGstab: Convergence at 18 iterations, L2 relative residual: iterated = 9.958994e-09, true = 9.958994e-09 (requested = 1.000000e-08)
PyQUDA INFO: Time = 0.007 secs, Performance = 221.683 GFLOPS
BiCGstab: Convergence at 19 iterations, L2 relative residual: iterated = 4.361320e-09, true = 4.361320e-09 (requested = 1.000000e-08)
PyQUDA INFO: Time = 0.007 secs, Performance = 217.998 GFLOPS
BiCGstab: Convergence at 20 iterations, L2 relative residual: iterated = 9.542552e-10, true = 9.542552e-10 (requested = 1.000000e-08)
PyQUDA INFO: Time = 0.008 secs, Performance = 220.163 GFLOPS
BiCGstab: Convergence at 20 iterations, L2 relative residual: iterated = 3.029477e-09, true = 3.029477e-09 (requested = 1.000000e-08)
PyQUDA INFO: Time = 0.008 secs, Performance = 220.510 GFLOPS
BiCGstab: Convergence at 18 iterations, L2 relative residual: iterated = 9.596286e-09, true = 9.596286e-09 (requested = 1.000000e-08)
>>> Contraction type 1 time: 0.001 seconds
>>> Shift time: 0.002 seconds
>>> Contraction type 1 time: 0.001 seconds
>>> Shift time: 0.002 seconds
>>> Contraction type 1 time: 0.001 seconds
>>> Shift time: 0.002 seconds
>>> Contraction type 1 time: 0.001 seconds
>>> Shift time: 0.002 seconds
>>> Contraction type 1 time: 0.001 seconds
>>> Shift time: 0.002 seconds
>>> Contraction type 1 time: 0.001 seconds
>>> Shift time: 0.002 seconds
>>> Contraction type 1 time: 0.001 seconds
>>> Shift time: 0.002 seconds
>>> Contraction type 1 time: 0.001 seconds
>>> Shift time: 0.002 seconds
PyQUDA INFO: Time = 0.007 secs, Performance = 210.603 GFLOPS
BiCGstab: Convergence at 19 iterations, L2 relative residual: iterated = 2.797171e-09, true = 2.797171e-09 (requested = 1.000000e-08)
PyQUDA INFO: Time = 0.007 secs, Performance = 218.086 GFLOPS
BiCGstab: Convergence at 20 iterations, L2 relative residual: iterated = 4.205742e-09, true = 4.205742e-09 (requested = 1.000000e-08)
PyQUDA INFO: Time = 0.008 secs, Performance = 220.568 GFLOPS
BiCGstab: Convergence at 18 iterations, L2 relative residual: iterated = 4.454313e-09, true = 4.454313e-09 (requested = 1.000000e-08)
PyQUDA INFO: Time = 0.007 secs, Performance = 213.586 GFLOPS
BiCGstab: Convergence at 18 iterations, L2 relative residual: iterated = 5.523825e-09, true = 5.523825e-09 (requested = 1.000000e-08)
PyQUDA INFO: Time = 0.007 secs, Performance = 214.180 GFLOPS
BiCGstab: Convergence at 18 iterations, L2 relative residual: iterated = 5.846415e-09, true = 5.846415e-09 (requested = 1.000000e-08)
PyQUDA INFO: Time = 0.007 secs, Performance = 221.912 GFLOPS
BiCGstab: Convergence at 19 iterations, L2 relative residual: iterated = 2.867797e-09, true = 2.867797e-09 (requested = 1.000000e-08)
PyQUDA INFO: Time = 0.007 secs, Performance = 217.027 GFLOPS
BiCGstab: Convergence at 19 iterations, L2 relative residual: iterated = 6.042514e-09, true = 6.042514e-09 (requested = 1.000000e-08)
PyQUDA INFO: Time = 0.007 secs, Performance = 216.502 GFLOPS
BiCGstab: Convergence at 19 iterations, L2 relative residual: iterated = 7.507939e-09, true = 7.507939e-09 (requested = 1.000000e-08)
PyQUDA INFO: Time = 0.007 secs, Performance = 216.939 GFLOPS
BiCGstab: Convergence at 18 iterations, L2 relative residual: iterated = 3.824889e-09, true = 3.824889e-09 (requested = 1.000000e-08)
PyQUDA INFO: Time = 0.007 secs, Performance = 213.942 GFLOPS
BiCGstab: Convergence at 20 iterations, L2 relative residual: iterated = 1.582098e-09, true = 1.582098e-09 (requested = 1.000000e-08)
PyQUDA INFO: Time = 0.008 secs, Performance = 220.307 GFLOPS
BiCGstab: Convergence at 19 iterations, L2 relative residual: iterated = 4.199056e-09, true = 4.199056e-09 (requested = 1.000000e-08)
PyQUDA INFO: Time = 0.007 secs, Performance = 216.677 GFLOPS
BiCGstab: Convergence at 18 iterations, L2 relative residual: iterated = 7.155071e-09, true = 7.155071e-09 (requested = 1.000000e-08)
PyQUDA INFO: Time = 0.245 secs, Performance = 6.147 GFLOPS
BiCGstab: Convergence at 18 iterations, L2 relative residual: iterated = 9.035578e-09, true = 9.035578e-09 (requested = 1.000000e-08)
PyQUDA INFO: Time = 0.007 secs, Performance = 214.868 GFLOPS
BiCGstab: Convergence at 19 iterations, L2 relative residual: iterated = 4.000141e-09, true = 4.000141e-09 (requested = 1.000000e-08)
PyQUDA INFO: Time = 0.008 secs, Performance = 209.714 GFLOPS
BiCGstab: Convergence at 19 iterations, L2 relative residual: iterated = 5.235138e-09, true = 5.235138e-09 (requested = 1.000000e-08)
PyQUDA INFO: Time = 0.007 secs, Performance = 217.497 GFLOPS
BiCGstab: Convergence at 20 iterations, L2 relative residual: iterated = 5.202169e-09, true = 5.202169e-09 (requested = 1.000000e-08)
PyQUDA INFO: Time = 0.008 secs, Performance = 220.771 GFLOPS
BiCGstab: Convergence at 18 iterations, L2 relative residual: iterated = 5.135918e-09, true = 5.135918e-09 (requested = 1.000000e-08)
PyQUDA INFO: Time = 0.007 secs, Performance = 221.945 GFLOPS
BiCGstab: Convergence at 18 iterations, L2 relative residual: iterated = 6.372049e-09, true = 6.372049e-09 (requested = 1.000000e-08)
PyQUDA INFO: Time = 0.007 secs, Performance = 222.240 GFLOPS
BiCGstab: Convergence at 18 iterations, L2 relative residual: iterated = 6.168439e-09, true = 6.168439e-09 (requested = 1.000000e-08)
PyQUDA INFO: Time = 0.008 secs, Performance = 206.393 GFLOPS
BiCGstab: Convergence at 18 iterations, L2 relative residual: iterated = 4.059807e-09, true = 4.059807e-09 (requested = 1.000000e-08)
PyQUDA INFO: Time = 0.007 secs, Performance = 222.700 GFLOPS
BiCGstab: Convergence at 18 iterations, L2 relative residual: iterated = 4.473385e-09, true = 4.473385e-09 (requested = 1.000000e-08)
PyQUDA INFO: Time = 0.007 secs, Performance = 212.935 GFLOPS
BiCGstab: Convergence at 18 iterations, L2 relative residual: iterated = 5.160269e-09, true = 5.160269e-09 (requested = 1.000000e-08)
PyQUDA INFO: Time = 0.007 secs, Performance = 213.142 GFLOPS
BiCGstab: Convergence at 19 iterations, L2 relative residual: iterated = 4.728449e-09, true = 4.728449e-09 (requested = 1.000000e-08)
PyQUDA INFO: Time = 0.007 secs, Performance = 217.115 GFLOPS
BiCGstab: Convergence at 19 iterations, L2 relative residual: iterated = 9.306085e-09, true = 9.306085e-09 (requested = 1.000000e-08)
>>> Contraction type 1 time: 0.001 seconds
>>> Shift time: 0.002 seconds
>>> Contraction type 1 time: 0.001 seconds
>>> Shift time: 0.002 seconds
>>> Contraction type 1 time: 0.001 seconds
>>> Shift time: 0.002 seconds
>>> Contraction type 1 time: 0.001 seconds
>>> Shift time: 0.002 seconds
>>> Contraction type 1 time: 0.001 seconds
>>> Shift time: 0.002 seconds
>>> Contraction type 1 time: 0.001 seconds
>>> Shift time: 0.002 seconds
>>> Contraction type 1 time: 0.001 seconds
>>> Shift time: 0.002 seconds
>>> Contraction type 1 time: 0.001 seconds
>>> Shift time: 0.002 seconds
PyQUDA INFO: Time = 0.007 secs, Performance = 223.361 GFLOPS
BiCGstab: Convergence at 19 iterations, L2 relative residual: iterated = 2.986285e-09, true = 2.986285e-09 (requested = 1.000000e-08)
PyQUDA INFO: Time = 0.007 secs, Performance = 218.145 GFLOPS
BiCGstab: Convergence at 19 iterations, L2 relative residual: iterated = 7.390715e-09, true = 7.390715e-09 (requested = 1.000000e-08)
PyQUDA INFO: Time = 0.007 secs, Performance = 216.531 GFLOPS
BiCGstab: Convergence at 18 iterations, L2 relative residual: iterated = 5.618970e-09, true = 5.618970e-09 (requested = 1.000000e-08)
PyQUDA INFO: Time = 0.007 secs, Performance = 222.470 GFLOPS
BiCGstab: Convergence at 18 iterations, L2 relative residual: iterated = 5.448555e-09, true = 5.448555e-09 (requested = 1.000000e-08)
PyQUDA INFO: Time = 0.007 secs, Performance = 214.210 GFLOPS
BiCGstab: Convergence at 19 iterations, L2 relative residual: iterated = 6.442192e-09, true = 6.442192e-09 (requested = 1.000000e-08)
PyQUDA INFO: Time = 0.007 secs, Performance = 217.467 GFLOPS
BiCGstab: Convergence at 18 iterations, L2 relative residual: iterated = 8.161011e-09, true = 8.161011e-09 (requested = 1.000000e-08)
PyQUDA INFO: Time = 0.007 secs, Performance = 213.319 GFLOPS
BiCGstab: Convergence at 19 iterations, L2 relative residual: iterated = 2.010107e-09, true = 2.010107e-09 (requested = 1.000000e-08)
PyQUDA INFO: Time = 0.008 secs, Performance = 209.982 GFLOPS
BiCGstab: Convergence at 18 iterations, L2 relative residual: iterated = 3.976645e-09, true = 3.976645e-09 (requested = 1.000000e-08)
PyQUDA INFO: Time = 0.007 secs, Performance = 222.503 GFLOPS
BiCGstab: Convergence at 18 iterations, L2 relative residual: iterated = 4.684582e-09, true = 4.684582e-09 (requested = 1.000000e-08)
PyQUDA INFO: Time = 0.007 secs, Performance = 212.201 GFLOPS
BiCGstab: Convergence at 18 iterations, L2 relative residual: iterated = 5.089633e-09, true = 5.089633e-09 (requested = 1.000000e-08)
PyQUDA INFO: Time = 0.007 secs, Performance = 213.260 GFLOPS
BiCGstab: Convergence at 18 iterations, L2 relative residual: iterated = 4.775021e-09, true = 4.775021e-09 (requested = 1.000000e-08)
PyQUDA INFO: Time = 0.007 secs, Performance = 213.526 GFLOPS
BiCGstab: Convergence at 18 iterations, L2 relative residual: iterated = 5.862557e-09, true = 5.862557e-09 (requested = 1.000000e-08)
PyQUDA INFO: Time = 0.007 secs, Performance = 209.942 GFLOPS
BiCGstab: Convergence at 19 iterations, L2 relative residual: iterated = 5.497530e-09, true = 5.497530e-09 (requested = 1.000000e-08)
PyQUDA INFO: Time = 0.008 secs, Performance = 208.595 GFLOPS
BiCGstab: Convergence at 18 iterations, L2 relative residual: iterated = 9.819765e-09, true = 9.819765e-09 (requested = 1.000000e-08)
PyQUDA INFO: Time = 0.007 secs, Performance = 222.832 GFLOPS
BiCGstab: Convergence at 18 iterations, L2 relative residual: iterated = 5.958944e-09, true = 5.958944e-09 (requested = 1.000000e-08)
PyQUDA INFO: Time = 0.007 secs, Performance = 214.359 GFLOPS
BiCGstab: Convergence at 18 iterations, L2 relative residual: iterated = 3.925794e-09, true = 3.925794e-09 (requested = 1.000000e-08)
PyQUDA INFO: Time = 0.007 secs, Performance = 222.338 GFLOPS
BiCGstab: Convergence at 19 iterations, L2 relative residual: iterated = 6.377434e-09, true = 6.377434e-09 (requested = 1.000000e-08)
PyQUDA INFO: Time = 0.007 secs, Performance = 217.262 GFLOPS
BiCGstab: Convergence at 18 iterations, L2 relative residual: iterated = 5.676862e-09, true = 5.676862e-09 (requested = 1.000000e-08)
PyQUDA INFO: Time = 0.007 secs, Performance = 213.083 GFLOPS
BiCGstab: Convergence at 18 iterations, L2 relative residual: iterated = 5.150770e-09, true = 5.150770e-09 (requested = 1.000000e-08)
PyQUDA INFO: Time = 0.008 secs, Performance = 205.745 GFLOPS
BiCGstab: Convergence at 19 iterations, L2 relative residual: iterated = 2.111654e-09, true = 2.111654e-09 (requested = 1.000000e-08)
PyQUDA INFO: Time = 0.007 secs, Performance = 215.545 GFLOPS
BiCGstab: Convergence at 18 iterations, L2 relative residual: iterated = 8.565123e-09, true = 8.565123e-09 (requested = 1.000000e-08)
PyQUDA INFO: Time = 0.007 secs, Performance = 212.289 GFLOPS
BiCGstab: Convergence at 19 iterations, L2 relative residual: iterated = 5.320248e-09, true = 5.320248e-09 (requested = 1.000000e-08)
PyQUDA INFO: Time = 0.007 secs, Performance = 216.677 GFLOPS
BiCGstab: Convergence at 19 iterations, L2 relative residual: iterated = 6.560879e-09, true = 6.560879e-09 (requested = 1.000000e-08)
PyQUDA INFO: Time = 0.007 secs, Performance = 217.762 GFLOPS
BiCGstab: Convergence at 18 iterations, L2 relative residual: iterated = 6.289687e-09, true = 6.289687e-09 (requested = 1.000000e-08)
>>> Contraction type 1 time: 0.001 seconds
>>> Shift time: 0.002 seconds
>>> Contraction type 1 time: 0.001 seconds
>>> Shift time: 0.002 seconds
>>> Contraction type 1 time: 0.001 seconds
>>> Shift time: 0.002 seconds
>>> Contraction type 1 time: 0.001 seconds
>>> Shift time: 0.002 seconds
>>> Contraction type 1 time: 0.001 seconds
>>> Shift time: 0.002 seconds
>>> Contraction type 1 time: 0.001 seconds
>>> Shift time: 0.002 seconds
>>> Contraction type 1 time: 0.001 seconds
>>> Shift time: 0.002 seconds
>>> Contraction type 1 time: 0.001 seconds
>>> Shift time: 0.002 seconds
PyQUDA INFO: Time = 0.007 secs, Performance = 218.784 GFLOPS
BiCGstab: Convergence at 18 iterations, L2 relative residual: iterated = 7.853246e-09, true = 7.853246e-09 (requested = 1.000000e-08)
PyQUDA INFO: Time = 0.007 secs, Performance = 213.438 GFLOPS
BiCGstab: Convergence at 19 iterations, L2 relative residual: iterated = 5.335024e-09, true = 5.335024e-09 (requested = 1.000000e-08)
PyQUDA INFO: Time = 0.007 secs, Performance = 216.706 GFLOPS
BiCGstab: Convergence at 20 iterations, L2 relative residual: iterated = 7.264578e-09, true = 7.264578e-09 (requested = 1.000000e-08)
PyQUDA INFO: Time = 0.008 secs, Performance = 220.452 GFLOPS
BiCGstab: Convergence at 19 iterations, L2 relative residual: iterated = 4.223090e-09, true = 4.223090e-09 (requested = 1.000000e-08)
PyQUDA INFO: Time = 0.007 secs, Performance = 216.764 GFLOPS
BiCGstab: Convergence at 18 iterations, L2 relative residual: iterated = 4.782200e-09, true = 4.782200e-09 (requested = 1.000000e-08)
PyQUDA INFO: Time = 0.007 secs, Performance = 222.142 GFLOPS
BiCGstab: Convergence at 19 iterations, L2 relative residual: iterated = 1.780555e-09, true = 1.780555e-09 (requested = 1.000000e-08)
PyQUDA INFO: Time = 0.007 secs, Performance = 216.969 GFLOPS
BiCGstab: Convergence at 18 iterations, L2 relative residual: iterated = 7.917372e-09, true = 7.917372e-09 (requested = 1.000000e-08)
PyQUDA INFO: Time = 0.007 secs, Performance = 213.556 GFLOPS
BiCGstab: Convergence at 17 iterations, L2 relative residual: iterated = 9.842525e-09, true = 9.842525e-09 (requested = 1.000000e-08)
PyQUDA INFO: Time = 0.007 secs, Performance = 218.630 GFLOPS
BiCGstab: Convergence at 19 iterations, L2 relative residual: iterated = 1.328256e-09, true = 1.328256e-09 (requested = 1.000000e-08)
PyQUDA INFO: Time = 0.007 secs, Performance = 216.182 GFLOPS
BiCGstab: Convergence at 18 iterations, L2 relative residual: iterated = 6.294209e-09, true = 6.294209e-09 (requested = 1.000000e-08)
PyQUDA INFO: Time = 0.007 secs, Performance = 212.377 GFLOPS
BiCGstab: Convergence at 18 iterations, L2 relative residual: iterated = 5.294940e-09, true = 5.294940e-09 (requested = 1.000000e-08)
PyQUDA INFO: Time = 0.007 secs, Performance = 222.470 GFLOPS
BiCGstab: Convergence at 18 iterations, L2 relative residual: iterated = 5.313969e-09, true = 5.313969e-09 (requested = 1.000000e-08)
PyQUDA INFO: Time = 0.246 secs, Performance = 6.261 GFLOPS
BiCGstab: Convergence at 18 iterations, L2 relative residual: iterated = 3.846889e-09, true = 3.846889e-09 (requested = 1.000000e-08)
PyQUDA INFO: Time = 0.007 secs, Performance = 214.539 GFLOPS
BiCGstab: Convergence at 18 iterations, L2 relative residual: iterated = 4.491620e-09, true = 4.491620e-09 (requested = 1.000000e-08)
PyQUDA INFO: Time = 0.007 secs, Performance = 214.569 GFLOPS
BiCGstab: Convergence at 18 iterations, L2 relative residual: iterated = 7.775666e-09, true = 7.775666e-09 (requested = 1.000000e-08)
PyQUDA INFO: Time = 0.007 secs, Performance = 221.716 GFLOPS
BiCGstab: Convergence at 19 iterations, L2 relative residual: iterated = 1.731057e-09, true = 1.731057e-09 (requested = 1.000000e-08)
PyQUDA INFO: Time = 0.007 secs, Performance = 217.086 GFLOPS
BiCGstab: Convergence at 19 iterations, L2 relative residual: iterated = 2.530394e-09, true = 2.530394e-09 (requested = 1.000000e-08)
PyQUDA INFO: Time = 0.007 secs, Performance = 225.535 GFLOPS
BiCGstab: Convergence at 18 iterations, L2 relative residual: iterated = 5.053076e-09, true = 5.053076e-09 (requested = 1.000000e-08)
PyQUDA INFO: Time = 0.007 secs, Performance = 213.853 GFLOPS
BiCGstab: Convergence at 17 iterations, L2 relative residual: iterated = 9.782416e-09, true = 9.782416e-09 (requested = 1.000000e-08)
PyQUDA INFO: Time = 0.007 secs, Performance = 210.327 GFLOPS
BiCGstab: Convergence at 19 iterations, L2 relative residual: iterated = 2.711342e-09, true = 2.711342e-09 (requested = 1.000000e-08)
PyQUDA INFO: Time = 0.007 secs, Performance = 217.467 GFLOPS
BiCGstab: Convergence at 18 iterations, L2 relative residual: iterated = 4.818672e-09, true = 4.818672e-09 (requested = 1.000000e-08)
PyQUDA INFO: Time = 0.007 secs, Performance = 213.526 GFLOPS
BiCGstab: Convergence at 20 iterations, L2 relative residual: iterated = 8.666004e-10, true = 8.666004e-10 (requested = 1.000000e-08)
PyQUDA INFO: Time = 0.008 secs, Performance = 220.626 GFLOPS
BiCGstab: Convergence at 18 iterations, L2 relative residual: iterated = 8.746312e-09, true = 8.746312e-09 (requested = 1.000000e-08)
PyQUDA INFO: Time = 0.007 secs, Performance = 221.260 GFLOPS
BiCGstab: Convergence at 18 iterations, L2 relative residual: iterated = 3.186650e-09, true = 3.186650e-09 (requested = 1.000000e-08)
>>> Contraction type 1 time: 0.001 seconds
>>> Shift time: 0.002 seconds
>>> Contraction type 1 time: 0.001 seconds
>>> Shift time: 0.002 seconds
>>> Contraction type 1 time: 0.001 seconds
>>> Shift time: 0.002 seconds
>>> Contraction type 1 time: 0.001 seconds
>>> Shift time: 0.002 seconds
>>> Contraction type 1 time: 0.001 seconds
>>> Shift time: 0.002 seconds
>>> Contraction type 1 time: 0.001 seconds
>>> Shift time: 0.002 seconds
>>> Contraction type 1 time: 0.001 seconds
>>> Shift time: 0.002 seconds
>>> Contraction type 1 time: 0.001 seconds
>>> Shift time: 0.002 seconds
PyQUDA INFO: Time = 0.007 secs, Performance = 210.459 GFLOPS
BiCGstab: Convergence at 18 iterations, L2 relative residual: iterated = 4.436111e-09, true = 4.436111e-09 (requested = 1.000000e-08)
PyQUDA INFO: Time = 0.007 secs, Performance = 222.076 GFLOPS
BiCGstab: Convergence at 18 iterations, L2 relative residual: iterated = 4.594255e-09, true = 4.594255e-09 (requested = 1.000000e-08)
PyQUDA INFO: Time = 0.007 secs, Performance = 213.349 GFLOPS
BiCGstab: Convergence at 19 iterations, L2 relative residual: iterated = 2.355640e-09, true = 2.355640e-09 (requested = 1.000000e-08)
PyQUDA INFO: Time = 0.007 secs, Performance = 217.203 GFLOPS
BiCGstab: Convergence at 20 iterations, L2 relative residual: iterated = 1.832805e-09, true = 1.832805e-09 (requested = 1.000000e-08)
PyQUDA INFO: Time = 0.008 secs, Performance = 220.019 GFLOPS
BiCGstab: Convergence at 18 iterations, L2 relative residual: iterated = 5.157140e-09, true = 5.157140e-09 (requested = 1.000000e-08)
PyQUDA INFO: Time = 0.007 secs, Performance = 213.675 GFLOPS
BiCGstab: Convergence at 19 iterations, L2 relative residual: iterated = 2.837009e-09, true = 2.837009e-09 (requested = 1.000000e-08)
PyQUDA INFO: Time = 0.007 secs, Performance = 217.732 GFLOPS
BiCGstab: Convergence at 18 iterations, L2 relative residual: iterated = 5.162451e-09, true = 5.162451e-09 (requested = 1.000000e-08)
PyQUDA INFO: Time = 0.007 secs, Performance = 213.349 GFLOPS
BiCGstab: Convergence at 18 iterations, L2 relative residual: iterated = 9.163427e-09, true = 9.163427e-09 (requested = 1.000000e-08)
PyQUDA INFO: Time = 0.007 secs, Performance = 221.227 GFLOPS
BiCGstab: Convergence at 18 iterations, L2 relative residual: iterated = 6.937327e-09, true = 6.937327e-09 (requested = 1.000000e-08)
PyQUDA INFO: Time = 0.007 secs, Performance = 213.378 GFLOPS
BiCGstab: Convergence at 17 iterations, L2 relative residual: iterated = 8.288969e-09, true = 8.288969e-09 (requested = 1.000000e-08)
PyQUDA INFO: Time = 0.007 secs, Performance = 218.530 GFLOPS
BiCGstab: Convergence at 18 iterations, L2 relative residual: iterated = 3.413281e-09, true = 3.413281e-09 (requested = 1.000000e-08)
PyQUDA INFO: Time = 0.007 secs, Performance = 212.906 GFLOPS
BiCGstab: Convergence at 18 iterations, L2 relative residual: iterated = 5.502217e-09, true = 5.502217e-09 (requested = 1.000000e-08)
PyQUDA INFO: Time = 0.246 secs, Performance = 6.266 GFLOPS
BiCGstab: Convergence at 18 iterations, L2 relative residual: iterated = 4.120163e-09, true = 4.120163e-09 (requested = 1.000000e-08)
PyQUDA INFO: Time = 0.007 secs, Performance = 214.748 GFLOPS
BiCGstab: Convergence at 18 iterations, L2 relative residual: iterated = 6.138740e-09, true = 6.138740e-09 (requested = 1.000000e-08)
PyQUDA INFO: Time = 0.007 secs, Performance = 213.171 GFLOPS
BiCGstab: Convergence at 18 iterations, L2 relative residual: iterated = 5.201613e-09, true = 5.201613e-09 (requested = 1.000000e-08)
PyQUDA INFO: Time = 0.007 secs, Performance = 213.201 GFLOPS
BiCGstab: Convergence at 19 iterations, L2 relative residual: iterated = 1.739044e-09, true = 1.739044e-09 (requested = 1.000000e-08)
PyQUDA INFO: Time = 0.007 secs, Performance = 216.414 GFLOPS
BiCGstab: Convergence at 18 iterations, L2 relative residual: iterated = 6.172875e-09, true = 6.172875e-09 (requested = 1.000000e-08)
PyQUDA INFO: Time = 0.007 secs, Performance = 213.290 GFLOPS
BiCGstab: Convergence at 18 iterations, L2 relative residual: iterated = 3.830432e-09, true = 3.830432e-09 (requested = 1.000000e-08)
PyQUDA INFO: Time = 0.007 secs, Performance = 213.319 GFLOPS
BiCGstab: Convergence at 19 iterations, L2 relative residual: iterated = 3.788661e-09, true = 3.788661e-09 (requested = 1.000000e-08)
PyQUDA INFO: Time = 0.007 secs, Performance = 225.148 GFLOPS
BiCGstab: Convergence at 19 iterations, L2 relative residual: iterated = 4.226270e-09, true = 4.226270e-09 (requested = 1.000000e-08)
PyQUDA INFO: Time = 0.007 secs, Performance = 216.764 GFLOPS
BiCGstab: Convergence at 18 iterations, L2 relative residual: iterated = 6.690840e-09, true = 6.690840e-09 (requested = 1.000000e-08)
PyQUDA INFO: Time = 0.008 secs, Performance = 206.692 GFLOPS
BiCGstab: Convergence at 18 iterations, L2 relative residual: iterated = 8.468654e-09, true = 8.468654e-09 (requested = 1.000000e-08)
PyQUDA INFO: Time = 0.007 secs, Performance = 213.378 GFLOPS
BiCGstab: Convergence at 18 iterations, L2 relative residual: iterated = 5.839029e-09, true = 5.839029e-09 (requested = 1.000000e-08)
PyQUDA INFO: Time = 0.007 secs, Performance = 222.142 GFLOPS
BiCGstab: Convergence at 19 iterations, L2 relative residual: iterated = 2.840362e-09, true = 2.840362e-09 (requested = 1.000000e-08)
>>> Contraction type 1 time: 0.001 seconds
>>> Shift time: 0.002 seconds
>>> Contraction type 1 time: 0.001 seconds
>>> Shift time: 0.002 seconds
>>> Contraction type 1 time: 0.001 seconds
>>> Shift time: 0.002 seconds
>>> Contraction type 1 time: 0.001 seconds
>>> Shift time: 0.002 seconds
>>> Contraction type 1 time: 0.001 seconds
>>> Shift time: 0.002 seconds
>>> Contraction type 1 time: 0.001 seconds
>>> Shift time: 0.002 seconds
>>> Contraction type 1 time: 0.001 seconds
>>> Shift time: 0.002 seconds
>>> Contraction type 1 time: 0.001 seconds
>>> Shift time: 0.002 seconds
PyQUDA INFO: Time = 0.008 secs, Performance = 213.883 GFLOPS
BiCGstab: Convergence at 19 iterations, L2 relative residual: iterated = 3.757294e-09, true = 3.757294e-09 (requested = 1.000000e-08)
PyQUDA INFO: Time = 0.007 secs, Performance = 226.020 GFLOPS
BiCGstab: Convergence at 18 iterations, L2 relative residual: iterated = 7.493202e-09, true = 7.493202e-09 (requested = 1.000000e-08)
PyQUDA INFO: Time = 0.007 secs, Performance = 221.455 GFLOPS
BiCGstab: Convergence at 18 iterations, L2 relative residual: iterated = 5.780651e-09, true = 5.780651e-09 (requested = 1.000000e-08)
PyQUDA INFO: Time = 0.007 secs, Performance = 213.112 GFLOPS
BiCGstab: Convergence at 18 iterations, L2 relative residual: iterated = 7.149153e-09, true = 7.149153e-09 (requested = 1.000000e-08)
PyQUDA INFO: Time = 0.007 secs, Performance = 213.883 GFLOPS
BiCGstab: Convergence at 17 iterations, L2 relative residual: iterated = 8.515542e-09, true = 8.515542e-09 (requested = 1.000000e-08)
PyQUDA INFO: Time = 0.007 secs, Performance = 210.902 GFLOPS
BiCGstab: Convergence at 18 iterations, L2 relative residual: iterated = 5.218848e-09, true = 5.218848e-09 (requested = 1.000000e-08)
PyQUDA INFO: Time = 0.007 secs, Performance = 213.260 GFLOPS
BiCGstab: Convergence at 18 iterations, L2 relative residual: iterated = 5.242993e-09, true = 5.242993e-09 (requested = 1.000000e-08)
PyQUDA INFO: Time = 0.007 secs, Performance = 221.814 GFLOPS
BiCGstab: Convergence at 18 iterations, L2 relative residual: iterated = 7.869994e-09, true = 7.869994e-09 (requested = 1.000000e-08)
PyQUDA INFO: Time = 0.007 secs, Performance = 213.764 GFLOPS
BiCGstab: Convergence at 18 iterations, L2 relative residual: iterated = 4.970268e-09, true = 4.970268e-09 (requested = 1.000000e-08)
PyQUDA INFO: Time = 0.007 secs, Performance = 213.053 GFLOPS
BiCGstab: Convergence at 19 iterations, L2 relative residual: iterated = 3.172050e-09, true = 3.172050e-09 (requested = 1.000000e-08)
PyQUDA INFO: Time = 0.008 secs, Performance = 209.500 GFLOPS
BiCGstab: Convergence at 18 iterations, L2 relative residual: iterated = 7.479108e-09, true = 7.479108e-09 (requested = 1.000000e-08)
PyQUDA INFO: Time = 0.007 secs, Performance = 213.171 GFLOPS
BiCGstab: Convergence at 18 iterations, L2 relative residual: iterated = 9.057094e-09, true = 9.057094e-09 (requested = 1.000000e-08)
PyQUDA INFO: Time = 0.245 secs, Performance = 6.132 GFLOPS
BiCGstab: Convergence at 19 iterations, L2 relative residual: iterated = 1.176853e-09, true = 1.176853e-09 (requested = 1.000000e-08)
PyQUDA INFO: Time = 0.007 secs, Performance = 217.850 GFLOPS
BiCGstab: Convergence at 19 iterations, L2 relative residual: iterated = 6.182993e-09, true = 6.182993e-09 (requested = 1.000000e-08)
PyQUDA INFO: Time = 0.007 secs, Performance = 217.232 GFLOPS
BiCGstab: Convergence at 18 iterations, L2 relative residual: iterated = 6.040443e-09, true = 6.040443e-09 (requested = 1.000000e-08)
PyQUDA INFO: Time = 0.007 secs, Performance = 212.553 GFLOPS
BiCGstab: Convergence at 18 iterations, L2 relative residual: iterated = 6.959247e-09, true = 6.959247e-09 (requested = 1.000000e-08)
PyQUDA INFO: Time = 0.007 secs, Performance = 222.043 GFLOPS
BiCGstab: Convergence at 18 iterations, L2 relative residual: iterated = 5.748788e-09, true = 5.748788e-09 (requested = 1.000000e-08)
PyQUDA INFO: Time = 0.007 secs, Performance = 221.847 GFLOPS
BiCGstab: Convergence at 20 iterations, L2 relative residual: iterated = 9.952597e-09, true = 9.952597e-09 (requested = 1.000000e-08)
PyQUDA INFO: Time = 0.008 secs, Performance = 220.684 GFLOPS
BiCGstab: Convergence at 18 iterations, L2 relative residual: iterated = 6.555389e-09, true = 6.555389e-09 (requested = 1.000000e-08)
PyQUDA INFO: Time = 0.007 secs, Performance = 213.408 GFLOPS
BiCGstab: Convergence at 19 iterations, L2 relative residual: iterated = 2.999761e-09, true = 2.999761e-09 (requested = 1.000000e-08)
PyQUDA INFO: Time = 0.007 secs, Performance = 225.632 GFLOPS
BiCGstab: Convergence at 19 iterations, L2 relative residual: iterated = 3.534590e-09, true = 3.534590e-09 (requested = 1.000000e-08)
PyQUDA INFO: Time = 0.007 secs, Performance = 217.232 GFLOPS
BiCGstab: Convergence at 19 iterations, L2 relative residual: iterated = 1.614099e-09, true = 1.614099e-09 (requested = 1.000000e-08)
PyQUDA INFO: Time = 0.007 secs, Performance = 217.086 GFLOPS
BiCGstab: Convergence at 19 iterations, L2 relative residual: iterated = 6.221843e-09, true = 6.221843e-09 (requested = 1.000000e-08)
PyQUDA INFO: Time = 0.007 secs, Performance = 217.203 GFLOPS
BiCGstab: Convergence at 18 iterations, L2 relative residual: iterated = 7.534866e-09, true = 7.534866e-09 (requested = 1.000000e-08)
>>> Contraction type 1 time: 0.001 seconds
>>> Shift time: 0.002 seconds
>>> Contraction type 1 time: 0.001 seconds
>>> Shift time: 0.002 seconds
>>> Contraction type 1 time: 0.001 seconds
>>> Shift time: 0.002 seconds
>>> Contraction type 1 time: 0.001 seconds
>>> Shift time: 0.002 seconds
>>> Contraction type 1 time: 0.001 seconds
>>> Shift time: 0.002 seconds
>>> Contraction type 1 time: 0.001 seconds
>>> Shift time: 0.002 seconds
>>> Contraction type 1 time: 0.001 seconds
>>> Shift time: 0.002 seconds
>>> Contraction type 1 time: 0.001 seconds
>>> Shift time: 0.002 seconds
PyQUDA INFO: Time = 0.007 secs, Performance = 206.338 GFLOPS
BiCGstab: Convergence at 18 iterations, L2 relative residual: iterated = 3.529443e-09, true = 3.529443e-09 (requested = 1.000000e-08)
PyQUDA INFO: Time = 0.007 secs, Performance = 223.660 GFLOPS
BiCGstab: Convergence at 18 iterations, L2 relative residual: iterated = 7.473276e-09, true = 7.473276e-09 (requested = 1.000000e-08)
PyQUDA INFO: Time = 0.007 secs, Performance = 222.338 GFLOPS
BiCGstab: Convergence at 18 iterations, L2 relative residual: iterated = 7.471202e-09, true = 7.471202e-09 (requested = 1.000000e-08)
PyQUDA INFO: Time = 0.007 secs, Performance = 213.319 GFLOPS
BiCGstab: Convergence at 18 iterations, L2 relative residual: iterated = 6.644322e-09, true = 6.644322e-09 (requested = 1.000000e-08)
PyQUDA INFO: Time = 0.007 secs, Performance = 221.781 GFLOPS
BiCGstab: Convergence at 19 iterations, L2 relative residual: iterated = 2.069827e-09, true = 2.069827e-09 (requested = 1.000000e-08)
PyQUDA INFO: Time = 0.007 secs, Performance = 218.027 GFLOPS
BiCGstab: Convergence at 17 iterations, L2 relative residual: iterated = 9.502371e-09, true = 9.502371e-09 (requested = 1.000000e-08)
PyQUDA INFO: Time = 0.007 secs, Performance = 218.430 GFLOPS
BiCGstab: Convergence at 18 iterations, L2 relative residual: iterated = 8.317207e-09, true = 8.317207e-09 (requested = 1.000000e-08)
PyQUDA INFO: Time = 0.007 secs, Performance = 213.734 GFLOPS
BiCGstab: Convergence at 19 iterations, L2 relative residual: iterated = 1.862130e-09, true = 1.862130e-09 (requested = 1.000000e-08)
PyQUDA INFO: Time = 0.007 secs, Performance = 225.503 GFLOPS
BiCGstab: Convergence at 18 iterations, L2 relative residual: iterated = 7.221258e-09, true = 7.221258e-09 (requested = 1.000000e-08)
PyQUDA INFO: Time = 0.007 secs, Performance = 222.109 GFLOPS
BiCGstab: Convergence at 18 iterations, L2 relative residual: iterated = 8.118476e-09, true = 8.118476e-09 (requested = 1.000000e-08)
PyQUDA INFO: Time = 0.007 secs, Performance = 221.814 GFLOPS
BiCGstab: Convergence at 19 iterations, L2 relative residual: iterated = 3.120403e-09, true = 3.120403e-09 (requested = 1.000000e-08)
PyQUDA INFO: Time = 0.007 secs, Performance = 216.969 GFLOPS
(10, 8, 32)
(10, 8, 32)
[1 ± 3.1e-18 0.5947(55) 0.3479(84) 0.1939(76) 0.1087(63) 0.0663(72)
 0.0445(81) 0.039(10)]
WARNING: Environment variable QUDA_PROFILE_OUTPUT_BASE not set; writing to profile.tsv and profile_async.tsv
Saving 47 sets of cached parameters to .cache/profile_0.tsv
Saving 0 sets of cached profiles to .cache/profile_async_0.tsv

               initQuda Total time =     0.096 secs
                     init     =     0.096 secs ( 99.992%),	 with        2 calls at 4.820e+04 us per call
        total accounted       =     0.096 secs ( 99.992%)
        total missing         =     0.000 secs (  0.008%)

          loadGaugeQuda Total time =     0.109 secs
                 download     =     0.106 secs ( 96.641%),	 with       20 calls at 5.286e+03 us per call
                     init     =     0.000 secs (  0.227%),	 with      139 calls at 1.784e+00 us per call
                  compute     =     0.001 secs (  0.543%),	 with       40 calls at 1.485e+01 us per call
                    comms     =     0.001 secs (  0.744%),	 with       19 calls at 4.284e+01 us per call
                     free     =     0.000 secs (  0.019%),	 with       39 calls at 5.385e-01 us per call
        total accounted       =     0.107 secs ( 98.174%)
        total missing         =     0.002 secs (  1.826%)

         loadCloverQuda Total time =     0.107 secs
                     init     =     0.000 secs (  0.375%),	 with       31 calls at 1.290e+01 us per call
                  compute     =     0.029 secs ( 26.812%),	 with       30 calls at 9.525e+02 us per call
                    comms     =     0.000 secs (  0.038%),	 with        1 calls at 4.000e+01 us per call
                     free     =     0.000 secs (  0.007%),	 with       28 calls at 2.500e-01 us per call
        total accounted       =     0.029 secs ( 27.231%)
        total missing         =     0.078 secs ( 72.769%)

     invertMultiSrcQuda Total time =    14.459 secs
                     init     =     0.280 secs (  1.934%),	 with    33602 calls at 8.323e+00 us per call
                 preamble     =     7.457 secs ( 51.574%),	 with     3841 calls at 1.941e+03 us per call
                  compute     =     6.593 secs ( 45.601%),	 with      961 calls at 6.861e+03 us per call
                 epilogue     =     0.038 secs (  0.261%),	 with     1920 calls at 1.963e+01 us per call
                     free     =     0.003 secs (  0.018%),	 with    10560 calls at 2.462e-01 us per call
        total accounted       =    14.370 secs ( 99.388%)
        total missing         =     0.088 secs (  0.612%)

                endQuda Total time =     0.005 secs
                     free     =     0.000 secs (  0.109%),	 with        5 calls at 1.000e+00 us per call
        total accounted       =     0.000 secs (  0.109%)
        total missing         =     0.005 secs ( 99.891%)

       initQuda-endQuda Total time =    22.088 secs

                   QUDA Total time =    14.776 secs
                 download     =     0.106 secs (  0.715%),	 with       20 calls at 5.286e+03 us per call
                     init     =     0.377 secs (  2.552%),	 with    33774 calls at 1.116e+01 us per call
                 preamble     =     7.457 secs ( 50.469%),	 with     3841 calls at 1.941e+03 us per call
                  compute     =     6.623 secs ( 44.821%),	 with     1031 calls at 6.424e+03 us per call
                    comms     =     0.001 secs (  0.006%),	 with       20 calls at 4.250e+01 us per call
                 epilogue     =     0.038 secs (  0.255%),	 with     1920 calls at 1.966e+01 us per call
                     free     =     0.003 secs (  0.018%),	 with    10632 calls at 2.507e-01 us per call
        total accounted       =    14.604 secs ( 98.836%)
        total missing         =     0.172 secs (  1.164%)

Device memory used = 53.1 MiB
Pinned device memory used = 0.0 MiB
Managed memory used = 0.0 MiB
Shmem memory used = 0.0 MiB
Page-locked host memory used = 2.5 MiB
Total host memory used >= 2.5 MiB

